Dictionary: 54 entries
INFO: Running with entropic power schedule (0xFF, 100).
INFO: Seed: 2419972252
INFO: Loaded 1 modules   (47704 inline 8-bit counters): 47704 [0xaaaad85b0568, 0xaaaad85bbfc0), 
INFO: Loaded 1 PC tables (47704 PCs): 47704 [0xaaaad85bbfc0,0xaaaad8676540), 
INFO:      432 files found in /work/corpus_callback
INFO: seed corpus: files: 432 min: 3b max: 1596b total: 52208b rss: 39Mb
#433	INITED cov: 3222 ft: 13153 corp: 230/34Kb exec/s: 0 rss: 66Mb
#434	NEW    cov: 3232 ft: 13166 corp: 231/34Kb lim: 1596 exec/s: 0 rss: 66Mb L: 16/1596 MS: 1 ShuffleBytes-
#435	NEW    cov: 3233 ft: 13326 corp: 232/34Kb lim: 1596 exec/s: 0 rss: 67Mb L: 534/1596 MS: 1 EraseBytes-
#436	NEW    cov: 3233 ft: 13327 corp: 233/34Kb lim: 1596 exec/s: 0 rss: 67Mb L: 24/1596 MS: 1 EraseBytes-
#437	NEW    cov: 3233 ft: 13348 corp: 234/34Kb lim: 1596 exec/s: 0 rss: 67Mb L: 72/1596 MS: 1 InsertByte-
#443	NEW    cov: 3248 ft: 13363 corp: 235/34Kb lim: 1596 exec/s: 0 rss: 67Mb L: 24/1596 MS: 1 CMP- DE: "k57"-
#444	NEW    cov: 3248 ft: 13373 corp: 236/34Kb lim: 1596 exec/s: 0 rss: 67Mb L: 25/1596 MS: 1 EraseBytes-
#445	NEW    cov: 3255 ft: 13395 corp: 237/34Kb lim: 1596 exec/s: 0 rss: 67Mb L: 107/1596 MS: 1 InsertByte-
#446	NEW    cov: 3270 ft: 13410 corp: 238/34Kb lim: 1596 exec/s: 0 rss: 67Mb L: 67/1596 MS: 1 ChangeByte-
#450	NEW    cov: 3270 ft: 13420 corp: 239/35Kb lim: 1596 exec/s: 0 rss: 67Mb L: 145/1596 MS: 4 CMP-InsertRepeatedBytes-CMP-EraseBytes- DE: "k7"-"k19"-
#452	NEW    cov: 3275 ft: 13436 corp: 240/35Kb lim: 1596 exec/s: 0 rss: 67Mb L: 95/1596 MS: 2 ManualDict-ChangeBit- DE: "\"2024-01-15T10:30:00.123456Z\""-
#453	NEW    cov: 3275 ft: 13442 corp: 241/35Kb lim: 1596 exec/s: 0 rss: 67Mb L: 60/1596 MS: 1 InsertByte-
#454	NEW    cov: 3277 ft: 13444 corp: 242/35Kb lim: 1596 exec/s: 0 rss: 67Mb L: 67/1596 MS: 1 CopyPart-
#455	NEW    cov: 3288 ft: 13462 corp: 243/35Kb lim: 1596 exec/s: 0 rss: 67Mb L: 118/1596 MS: 1 CrossOver-
#456	NEW    cov: 3288 ft: 13470 corp: 244/36Kb lim: 1596 exec/s: 0 rss: 67Mb L: 789/1596 MS: 1 InsertRepeatedBytes-
#464	NEW    cov: 3289 ft: 13475 corp: 245/36Kb lim: 1596 exec/s: 0 rss: 68Mb L: 90/1596 MS: 3 InsertByte-ChangeBit-ChangeBinInt-
#465	NEW    cov: 3289 ft: 13547 corp: 246/36Kb lim: 1596 exec/s: 0 rss: 68Mb L: 263/1596 MS: 1 ChangeASCIIInt-
#466	NEW    cov: 3310 ft: 13569 corp: 247/36Kb lim: 1596 exec/s: 0 rss: 68Mb L: 41/1596 MS: 1 PersAutoDict- DE: "\"2024-01-15T10:30:00.123456Z\""-
#468	NEW    cov: 3311 ft: 13574 corp: 248/36Kb lim: 1596 exec/s: 0 rss: 68Mb L: 45/1596 MS: 2 CMP-CMP- DE: "\377\377\377\377"-"k7"-
#476	NEW    cov: 3312 ft: 13575 corp: 249/36Kb lim: 1596 exec/s: 0 rss: 68Mb L: 86/1596 MS: 3 ChangeByte-EraseBytes-CMP- DE: "\003\236\221\217"-
#477	NEW    cov: 3358 ft: 13666 corp: 250/36Kb lim: 1596 exec/s: 0 rss: 68Mb L: 114/1596 MS: 1 InsertRepeatedBytes-
#480	NEW    cov: 3359 ft: 13667 corp: 251/36Kb lim: 1596 exec/s: 0 rss: 68Mb L: 46/1596 MS: 3 ChangeBinInt-EraseBytes-ChangeBit-
#481	NEW    cov: 3359 ft: 13672 corp: 252/36Kb lim: 1596 exec/s: 0 rss: 68Mb L: 58/1596 MS: 1 ManualDict- DE: "\"2024-01-15T10:30:00.123456Z\""-
#486	NEW    cov: 3359 ft: 13675 corp: 253/37Kb lim: 1596 exec/s: 0 rss: 68Mb L: 141/1596 MS: 5 ChangeASCIIInt-CopyPart-ChangeBinInt-ShuffleBytes-ShuffleBytes-
#487	NEW    cov: 3359 ft: 13685 corp: 254/38Kb lim: 1596 exec/s: 0 rss: 69Mb L: 1596/1596 MS: 1 ChangeBit-
#492	NEW    cov: 3359 ft: 13690 corp: 255/38Kb lim: 1596 exec/s: 0 rss: 69Mb L: 62/1596 MS: 5 CrossOver-ShuffleBytes-PersAutoDict-PersAutoDict-EraseBytes- DE: "\003\236\221\217"-"k57"-
#494	NEW    cov: 3359 ft: 13701 corp: 256/38Kb lim: 1596 exec/s: 0 rss: 69Mb L: 47/1596 MS: 2 ChangeBinInt-CopyPart-
#498	NEW    cov: 3359 ft: 13702 corp: 257/38Kb lim: 1596 exec/s: 0 rss: 69Mb L: 41/1596 MS: 4 InsertByte-ManualDict-ChangeByte-EraseBytes- DE: "\\u00e9"-
#506	NEW    cov: 3359 ft: 13704 corp: 258/38Kb lim: 1596 exec/s: 0 rss: 69Mb L: 11/1596 MS: 3 CopyPart-ShuffleBytes-InsertByte-
#507	NEW    cov: 3371 ft: 13719 corp: 259/38Kb lim: 1596 exec/s: 0 rss: 69Mb L: 95/1596 MS: 1 ChangeASCIIInt-
#508	NEW    cov: 3377 ft: 13754 corp: 260/38Kb lim: 1596 exec/s: 0 rss: 69Mb L: 35/1596 MS: 1 CopyPart-
#509	NEW    cov: 3379 ft: 13756 corp: 261/38Kb lim: 1596 exec/s: 0 rss: 69Mb L: 4/1596 MS: 1 InsertByte-
#511	NEW    cov: 3379 ft: 13792 corp: 262/39Kb lim: 1596 exec/s: 0 rss: 69Mb L: 815/1596 MS: 2 CopyPart-PersAutoDict- DE: "k57"-
#513	NEW    cov: 3379 ft: 13793 corp: 263/39Kb lim: 1596 exec/s: 0 rss: 69Mb L: 43/1596 MS: 2 EraseBytes-CopyPart-
#514	NEW    cov: 3389 ft: 13803 corp: 264/39Kb lim: 1596 exec/s: 0 rss: 69Mb L: 9/1596 MS: 1 CopyPart-
#515	NEW    cov: 3389 ft: 13805 corp: 265/39Kb lim: 1596 exec/s: 0 rss: 70Mb L: 168/1596 MS: 1 CrossOver-
#516	NEW    cov: 3399 ft: 13815 corp: 266/39Kb lim: 1596 exec/s: 0 rss: 70Mb L: 34/1596 MS: 1 PersAutoDict- DE: "k19"-
#518	NEW    cov: 3399 ft: 13825 corp: 267/39Kb lim: 1596 exec/s: 0 rss: 70Mb L: 94/1596 MS: 2 CopyPart-ChangeBinInt-
#521	NEW    cov: 3399 ft: 13826 corp: 268/40Kb lim: 1596 exec/s: 0 rss: 70Mb L: 96/1596 MS: 3 PersAutoDict-ShuffleBytes-InsertByte- DE: "k57"-
#527	NEW    cov: 3399 ft: 13847 corp: 269/40Kb lim: 1596 exec/s: 0 rss: 70Mb L: 38/1596 MS: 1 PersAutoDict- DE: "\"2024-01-15T10:30:00.123456Z\""-
#528	NEW    cov: 3408 ft: 13871 corp: 270/40Kb lim: 1596 exec/s: 0 rss: 70Mb L: 84/1596 MS: 1 CrossOver-
#529	NEW    cov: 3408 ft: 13881 corp: 271/41Kb lim: 1596 exec/s: 0 rss: 70Mb L: 1596/1596 MS: 1 ChangeASCIIInt-
#530	NEW    cov: 3409 ft: 13886 corp: 272/41Kb lim: 1596 exec/s: 0 rss: 70Mb L: 99/1596 MS: 1 CopyPart-
#531	NEW    cov: 3409 ft: 13889 corp: 273/42Kb lim: 1596 exec/s: 0 rss: 70Mb L: 179/1596 MS: 1 CrossOver-
#532	NEW    cov: 3419 ft: 13899 corp: 274/42Kb lim: 1596 exec/s: 0 rss: 70Mb L: 97/1596 MS: 1 CMP- DE: "[1"-
#538	NEW    cov: 3440 ft: 13921 corp: 275/42Kb lim: 1596 exec/s: 0 rss: 70Mb L: 12/1596 MS: 1 ManualDict- DE: "1e309"-
#539	NEW    cov: 3440 ft: 13923 corp: 276/42Kb lim: 1596 exec/s: 0 rss: 71Mb L: 88/1596 MS: 1 CrossOver-
#545	NEW    cov: 3451 ft: 13937 corp: 277/42Kb lim: 1596 exec/s: 0 rss: 71Mb L: 46/1596 MS: 1 ManualDict- DE: "1e309"-
#546	NEW    cov: 3451 ft: 13950 corp: 278/42Kb lim: 1596 exec/s: 0 rss: 71Mb L: 102/1596 MS: 1 InsertRepeatedBytes-
#552	NEW    cov: 3451 ft: 13961 corp: 279/42Kb lim: 1596 exec/s: 0 rss: 71Mb L: 14/1596 MS: 1 CopyPart-
#558	NEW    cov: 3451 ft: 13967 corp: 280/42Kb lim: 1596 exec/s: 0 rss: 71Mb L: 137/1596 MS: 1 InsertRepeatedBytes-
#562	NEW    cov: 3451 ft: 13977 corp: 281/42Kb lim: 1596 exec/s: 0 rss: 71Mb L: 31/1596 MS: 4 ManualDict-ChangeByte-EraseBytes-ManualDict- DE: "0"-"\\\""-
#570	NEW    cov: 3451 ft: 13992 corp: 282/43Kb lim: 1596 exec/s: 0 rss: 71Mb L: 758/1596 MS: 3 ChangeByte-ChangeBit-CrossOver-
#576	NEW    cov: 3468 ft: 14012 corp: 283/43Kb lim: 1596 exec/s: 0 rss: 71Mb L: 159/1596 MS: 1 PersAutoDict- DE: "\\\""-
#597	NEW    cov: 3470 ft: 14015 corp: 284/43Kb lim: 1596 exec/s: 0 rss: 71Mb L: 403/1596 MS: 1 ManualDict- DE: "[]"-
#598	NEW    cov: 3479 ft: 14035 corp: 285/43Kb lim: 1596 exec/s: 0 rss: 71Mb L: 136/1596 MS: 1 CopyPart-
#609	NEW    cov: 3479 ft: 14037 corp: 286/44Kb lim: 1596 exec/s: 0 rss: 72Mb L: 159/1596 MS: 1 ChangeASCIIInt-
#615	NEW    cov: 3479 ft: 14056 corp: 287/44Kb lim: 1596 exec/s: 0 rss: 72Mb L: 220/1596 MS: 1 InsertRepeatedBytes-
#616	NEW    cov: 3479 ft: 14065 corp: 288/44Kb lim: 1596 exec/s: 0 rss: 72Mb L: 53/1596 MS: 1 ChangeBit-
#620	NEW    cov: 3479 ft: 14086 corp: 289/44Kb lim: 1596 exec/s: 0 rss: 72Mb L: 30/1596 MS: 4 ShuffleBytes-ManualDict-CopyPart-EraseBytes- DE: "\"key\":"-
#631	NEW    cov: 3480 ft: 14087 corp: 290/44Kb lim: 1596 exec/s: 0 rss: 72Mb L: 71/1596 MS: 1 CopyPart-
#638	NEW    cov: 3480 ft: 14093 corp: 291/44Kb lim: 1596 exec/s: 0 rss: 72Mb L: 256/1596 MS: 2 ShuffleBytes-InsertRepeatedBytes-
#640	NEW    cov: 3481 ft: 14109 corp: 292/44Kb lim: 1596 exec/s: 0 rss: 72Mb L: 71/1596 MS: 2 InsertByte-PersAutoDict- DE: "\"2024-01-15T10:30:00.123456Z\""-
#646	NEW    cov: 3481 ft: 14110 corp: 293/44Kb lim: 1596 exec/s: 0 rss: 72Mb L: 93/1596 MS: 1 CMP- DE: "a\"{$"-
#648	NEW    cov: 3487 ft: 14116 corp: 294/45Kb lim: 1596 exec/s: 0 rss: 72Mb L: 823/1596 MS: 2 InsertRepeatedBytes-CrossOver-
#650	NEW    cov: 3487 ft: 14117 corp: 295/45Kb lim: 1596 exec/s: 0 rss: 73Mb L: 9/1596 MS: 2 ChangeBinInt-CMP- DE: "\000\000\000\000\000\000\000\000"-
#661	NEW    cov: 3487 ft: 14118 corp: 296/45Kb lim: 1596 exec/s: 0 rss: 73Mb L: 243/1596 MS: 1 CopyPart-
#675	NEW    cov: 3493 ft: 14127 corp: 297/46Kb lim: 1596 exec/s: 0 rss: 73Mb L: 53/1596 MS: 4 ChangeASCIIInt-CrossOver-ChangeBit-ChangeBit-
#692	NEW    cov: 3498 ft: 14136 corp: 298/46Kb lim: 1596 exec/s: 0 rss: 73Mb L: 105/1596 MS: 2 InsertRepeatedBytes-CMP- DE: "k57"-
#694	NEW    cov: 3498 ft: 14137 corp: 299/46Kb lim: 1596 exec/s: 0 rss: 73Mb L: 95/1596 MS: 2 ChangeBinInt-CopyPart-
#695	NEW    cov: 3498 ft: 14145 corp: 300/46Kb lim: 1596 exec/s: 0 rss: 73Mb L: 84/1596 MS: 1 CMP- DE: "\000\000\374?\250\316\032n"-
#712	NEW    cov: 3498 ft: 14151 corp: 301/46Kb lim: 1596 exec/s: 0 rss: 73Mb L: 24/1596 MS: 2 EraseBytes-ManualDict- DE: "[[]]"-
#723	NEW    cov: 3507 ft: 14160 corp: 302/46Kb lim: 1596 exec/s: 0 rss: 74Mb L: 41/1596 MS: 1 ChangeASCIIInt-
#737	NEW    cov: 3510 ft: 14171 corp: 303/46Kb lim: 1596 exec/s: 0 rss: 74Mb L: 406/1596 MS: 4 PersAutoDict-ChangeBit-PersAutoDict-ManualDict- DE: "0"-"\\\""-"007"-
#743	NEW    cov: 3519 ft: 14180 corp: 304/46Kb lim: 1596 exec/s: 0 rss: 74Mb L: 100/1596 MS: 1 CrossOver-
#744	NEW    cov: 3530 ft: 14191 corp: 305/46Kb lim: 1596 exec/s: 0 rss: 74Mb L: 68/1596 MS: 1 CrossOver-
#750	NEW    cov: 3530 ft: 14192 corp: 306/47Kb lim: 1596 exec/s: 0 rss: 74Mb L: 263/1596 MS: 1 ChangeByte-
#765	NEW    cov: 3530 ft: 14193 corp: 307/47Kb lim: 1596 exec/s: 0 rss: 74Mb L: 27/1596 MS: 5 CopyPart-ChangeBit-ChangeBit-InsertByte-EraseBytes-
#766	NEW    cov: 3530 ft: 14198 corp: 308/47Kb lim: 1596 exec/s: 0 rss: 74Mb L: 107/1596 MS: 1 InsertByte-
#767	NEW    cov: 3530 ft: 14210 corp: 309/47Kb lim: 1596 exec/s: 0 rss: 74Mb L: 9/1596 MS: 1 ChangeBit-
#781	NEW    cov: 3530 ft: 14211 corp: 310/47Kb lim: 1596 exec/s: 0 rss: 75Mb L: 4/1596 MS: 4 ChangeByte-ChangeBinInt-CMP-EraseBytes- DE: "\000\002"-
#802	NEW    cov: 3532 ft: 14213 corp: 311/47Kb lim: 1596 exec/s: 0 rss: 75Mb L: 107/1596 MS: 1 InsertByte-
#808	REDUCE cov: 3532 ft: 14213 corp: 311/47Kb lim: 1596 exec/s: 0 rss: 75Mb L: 16/1596 MS: 1 EraseBytes-
#814	NEW    cov: 3533 ft: 14214 corp: 312/47Kb lim: 1596 exec/s: 0 rss: 75Mb L: 41/1596 MS: 1 ManualDict- DE: "\"items\":[{\"id\":1}]"-
#815	NEW    cov: 3533 ft: 14251 corp: 313/47Kb lim: 1596 exec/s: 0 rss: 75Mb L: 108/1596 MS: 1 ManualDict- DE: "9223372036854775807"-
#821	NEW    cov: 3543 ft: 14261 corp: 314/47Kb lim: 1596 exec/s: 0 rss: 75Mb L: 9/1596 MS: 1 EraseBytes-
#837	NEW    cov: 3552 ft: 14270 corp: 315/47Kb lim: 1596 exec/s: 0 rss: 75Mb L: 71/1596 MS: 1 ChangeByte-
#873	NEW    cov: 3552 ft: 14276 corp: 316/47Kb lim: 1596 exec/s: 0 rss: 76Mb L: 38/1596 MS: 1 CMP- DE: "\000\000\000\000\000\000\000\000"-
#884	NEW    cov: 3552 ft: 14299 corp: 317/47Kb lim: 1596 exec/s: 0 rss: 76Mb L: 59/1596 MS: 1 ManualDict- DE: "-9223372036854775808"-
#894	NEW    cov: 3552 ft: 14308 corp: 318/47Kb lim: 1596 exec/s: 0 rss: 76Mb L: 51/1596 MS: 5 ChangeByte-PersAutoDict-CopyPart-InsertRepeatedBytes-PersAutoDict- DE: "\000\000\374?\250\316\032n"-"\"2024-01-15T10:30:00.123456Z\""-
#899	NEW    cov: 3552 ft: 14313 corp: 319/48Kb lim: 1596 exec/s: 0 rss: 76Mb L: 414/1596 MS: 5 InsertByte-CMP-CMP-InsertByte-InsertByte- DE: "\000\000\252\252\330R\335\300"-"\301\335R\330\252\252\000\000"-
#914	NEW    cov: 3552 ft: 14314 corp: 320/48Kb lim: 1596 exec/s: 0 rss: 76Mb L: 31/1596 MS: 5 InsertByte-InsertByte-InsertByte-ChangeByte-EraseBytes-
#915	NEW    cov: 3561 ft: 14324 corp: 321/48Kb lim: 1596 exec/s: 0 rss: 76Mb L: 74/1596 MS: 1 InsertByte-
#927	NEW    cov: 3562 ft: 14333 corp: 322/48Kb lim: 1596 exec/s: 0 rss: 76Mb L: 300/1596 MS: 2 ChangeBinInt-EraseBytes-
#933	NEW    cov: 3571 ft: 14345 corp: 323/48Kb lim: 1596 exec/s: 0 rss: 77Mb L: 106/1596 MS: 1 ChangeBinInt-
#947	NEW    cov: 3572 ft: 14346 corp: 324/48Kb lim: 1596 exec/s: 0 rss: 77Mb L: 54/1596 MS: 4 ShuffleBytes-CrossOver-CMP-CMP- DE: "\000\000\000\000\000\000\000\000"-"itEms"-
#973	NEW    cov: 3572 ft: 14360 corp: 325/49Kb lim: 1596 exec/s: 0 rss: 77Mb L: 534/1596 MS: 1 ChangeBinInt-
#977	NEW    cov: 3572 ft: 14369 corp: 326/49Kb lim: 1596 exec/s: 0 rss: 77Mb L: 61/1596 MS: 4 ChangeBit-ChangeBit-ManualDict-CMP- DE: "{\"a\":"-"23"-
#986	NEW    cov: 3575 ft: 14372 corp: 327/49Kb lim: 1596 exec/s: 0 rss: 78Mb L: 11/1596 MS: 4 PersAutoDict-ShuffleBytes-ManualDict-CMP- DE: "\003\236\221\217"-"{}"-"\376\377\377\377"-
#989	NEW    cov: 3575 ft: 14387 corp: 328/49Kb lim: 1596 exec/s: 0 rss: 78Mb L: 50/1596 MS: 3 ChangeByte-EraseBytes-ChangeBit-
#995	NEW    cov: 3575 ft: 14388 corp: 329/49Kb lim: 1596 exec/s: 0 rss: 78Mb L: 68/1596 MS: 1 EraseBytes-
#1003	NEW    cov: 3575 ft: 14398 corp: 330/49Kb lim: 1596 exec/s: 0 rss: 78Mb L: 25/1596 MS: 3 ChangeASCIIInt-ChangeByte-EraseBytes-
#1018	NEW    cov: 3575 ft: 14408 corp: 331/49Kb lim: 1596 exec/s: 0 rss: 78Mb L: 5/1596 MS: 5 ChangeByte-InsertByte-EraseBytes-ChangeByte-PersAutoDict- DE: "23"-
#1024	NEW    cov: 3575 ft: 14409 corp: 332/49Kb lim: 1596 exec/s: 0 rss: 78Mb L: 6/1596 MS: 1 EraseBytes-
#1039	NEW    cov: 3575 ft: 14410 corp: 333/49Kb lim: 1596 exec/s: 0 rss: 78Mb L: 404/1596 MS: 5 InsertRepeatedBytes-EraseBytes-InsertRepeatedBytes-CopyPart-CrossOver-
#1040	NEW    cov: 3575 ft: 14427 corp: 334/49Kb lim: 1596 exec/s: 0 rss: 78Mb L: 33/1596 MS: 1 CMP- DE: "two\""-
#1048	NEW    cov: 3584 ft: 14436 corp: 335/49Kb lim: 1596 exec/s: 0 rss: 78Mb L: 51/1596 MS: 3 ShuffleBytes-ManualDict-EraseBytes- DE: "\\\""-
#1054	NEW    cov: 3590 ft: 14450 corp: 336/49Kb lim: 1596 exec/s: 0 rss: 78Mb L: 9/1596 MS: 1 ManualDict- DE: "1.5"-
#1055	NEW    cov: 3591 ft: 14451 corp: 337/50Kb lim: 1596 exec/s: 0 rss: 79Mb L: 73/1596 MS: 1 ManualDict- DE: "{}"-
#1085	NEW    cov: 3592 ft: 14452 corp: 338/50Kb lim: 1596 exec/s: 0 rss: 79Mb L: 320/1596 MS: 5 ChangeBinInt-ChangeByte-InsertRepeatedBytes-ChangeByte-CrossOver-
#1102	NEW    cov: 3592 ft: 14456 corp: 339/50Kb lim: 1596 exec/s: 0 rss: 79Mb L: 78/1596 MS: 2 InsertRepeatedBytes-CrossOver-
#1103	NEW    cov: 3601 ft: 14465 corp: 340/50Kb lim: 1596 exec/s: 0 rss: 79Mb L: 84/1596 MS: 1 CopyPart-
#1114	NEW    cov: 3601 ft: 14474 corp: 341/50Kb lim: 1596 exec/s: 0 rss: 79Mb L: 15/1596 MS: 1 CMP- DE: "22"-
#1136	NEW    cov: 3601 ft: 14483 corp: 342/50Kb lim: 1596 exec/s: 0 rss: 79Mb L: 100/1596 MS: 2 ChangeByte-CMP- DE: "itEms"-
#1146	NEW    cov: 3601 ft: 14484 corp: 343/50Kb lim: 1596 exec/s: 0 rss: 80Mb L: 88/1596 MS: 5 InsertByte-CopyPart-EraseBytes-ManualDict-PersAutoDict- DE: "\\n"-"1e309"-
#1152	NEW    cov: 3601 ft: 14485 corp: 344/50Kb lim: 1596 exec/s: 0 rss: 80Mb L: 16/1596 MS: 1 CopyPart-
#1153	NEW    cov: 3601 ft: 14486 corp: 345/50Kb lim: 1596 exec/s: 0 rss: 80Mb L: 65/1596 MS: 1 CopyPart-
#1154	NEW    cov: 3601 ft: 14496 corp: 346/50Kb lim: 1596 exec/s: 0 rss: 80Mb L: 96/1596 MS: 1 CopyPart-
#1157	NEW    cov: 3602 ft: 14497 corp: 347/50Kb lim: 1596 exec/s: 0 rss: 80Mb L: 59/1596 MS: 3 ChangeBinInt-ChangeBit-ShuffleBytes-
#1179	NEW    cov: 3602 ft: 14512 corp: 348/52Kb lim: 1596 exec/s: 0 rss: 81Mb L: 1596/1596 MS: 2 ChangeByte-ManualDict- DE: "\303\251"-
#1230	NEW    cov: 3605 ft: 14518 corp: 349/52Kb lim: 1596 exec/s: 0 rss: 81Mb L: 47/1596 MS: 1 InsertByte-
#1233	NEW    cov: 3606 ft: 14529 corp: 350/52Kb lim: 1596 exec/s: 0 rss: 81Mb L: 62/1596 MS: 3 CopyPart-ChangeBinInt-EraseBytes-
#1240	NEW    cov: 3607 ft: 14530 corp: 351/52Kb lim: 1596 exec/s: 0 rss: 81Mb L: 268/1596 MS: 2 InsertByte-PersAutoDict- DE: "[[]]"-
#1242	NEW    cov: 3608 ft: 14541 corp: 352/53Kb lim: 1596 exec/s: 0 rss: 81Mb L: 445/1596 MS: 2 CopyPart-CrossOver-
#1253	NEW    cov: 3609 ft: 14542 corp: 353/53Kb lim: 1596 exec/s: 0 rss: 81Mb L: 261/1596 MS: 1 PersAutoDict- DE: "{\"a\":"-
#1262	NEW    cov: 3612 ft: 14545 corp: 354/53Kb lim: 1596 exec/s: 0 rss: 81Mb L: 29/1596 MS: 4 CrossOver-ShuffleBytes-EraseBytes-ShuffleBytes-
#1288	NEW    cov: 3614 ft: 14547 corp: 355/54Kb lim: 1596 exec/s: 0 rss: 82Mb L: 815/1596 MS: 1 ManualDict- DE: "\360\237\230\200"-
#1294	NEW    cov: 3614 ft: 14548 corp: 356/54Kb lim: 1596 exec/s: 0 rss: 82Mb L: 96/1596 MS: 1 ChangeByte-
#1297	NEW    cov: 3617 ft: 14560 corp: 357/54Kb lim: 1596 exec/s: 0 rss: 82Mb L: 30/1596 MS: 3 InsertByte-CopyPart-CrossOver-
#1309	NEW    cov: 3617 ft: 14569 corp: 358/54Kb lim: 1596 exec/s: 0 rss: 82Mb L: 84/1596 MS: 2 CopyPart-ChangeBinInt-
#1314	NEW    cov: 3618 ft: 14570 corp: 359/54Kb lim: 1596 exec/s: 0 rss: 82Mb L: 190/1596 MS: 5 InsertByte-ChangeASCIIInt-InsertRepeatedBytes-CrossOver-ShuffleBytes-
#1316	NEW    cov: 3618 ft: 14571 corp: 360/54Kb lim: 1596 exec/s: 0 rss: 82Mb L: 38/1596 MS: 2 ChangeByte-CMP- DE: "fa"-
#1337	NEW    cov: 3618 ft: 14626 corp: 361/54Kb lim: 1596 exec/s: 0 rss: 82Mb L: 15/1596 MS: 1 ChangeByte-
#1367	NEW    cov: 3618 ft: 14627 corp: 362/54Kb lim: 1596 exec/s: 0 rss: 83Mb L: 44/1596 MS: 5 ChangeByte-ChangeByte-CopyPart-InsertByte-EraseBytes-
#1368	NEW    cov: 3620 ft: 14629 corp: 363/54Kb lim: 1596 exec/s: 0 rss: 83Mb L: 95/1596 MS: 1 ChangeByte-
#1369	NEW    cov: 3620 ft: 14630 corp: 364/55Kb lim: 1596 exec/s: 0 rss: 83Mb L: 129/1596 MS: 1 CrossOver-
#1375	NEW    cov: 3620 ft: 14632 corp: 365/55Kb lim: 1596 exec/s: 0 rss: 83Mb L: 31/1596 MS: 1 PersAutoDict- DE: "\360\237\230\200"-
#1392	NEW    cov: 3621 ft: 14633 corp: 366/55Kb lim: 1596 exec/s: 0 rss: 83Mb L: 84/1596 MS: 2 ChangeBit-EraseBytes-
#1403	NEW    cov: 3632 ft: 14644 corp: 367/55Kb lim: 1596 exec/s: 0 rss: 83Mb L: 72/1596 MS: 1 ChangeASCIIInt-
#1404	NEW    cov: 3644 ft: 14656 corp: 368/55Kb lim: 1596 exec/s: 0 rss: 83Mb L: 67/1596 MS: 1 PersAutoDict- DE: "\\u00e9"-
#1406	NEW    cov: 3645 ft: 14658 corp: 369/55Kb lim: 1596 exec/s: 0 rss: 83Mb L: 2/1596 MS: 2 CopyPart-EraseBytes-
#1407	REDUCE cov: 3645 ft: 14658 corp: 369/55Kb lim: 1596 exec/s: 0 rss: 83Mb L: 7/1596 MS: 1 EraseBytes-
#1435	NEW    cov: 3659 ft: 14672 corp: 370/55Kb lim: 1596 exec/s: 0 rss: 84Mb L: 85/1596 MS: 3 ChangeASCIIInt-ChangeByte-ShuffleBytes-
#1444	NEW    cov: 3665 ft: 14678 corp: 371/55Kb lim: 1596 exec/s: 0 rss: 84Mb L: 22/1596 MS: 4 ChangeByte-EraseBytes-ChangeBit-ShuffleBytes-
#1470	NEW    cov: 3665 ft: 14680 corp: 372/55Kb lim: 1596 exec/s: 0 rss: 85Mb L: 3/1596 MS: 1 ShuffleBytes-
#1476	NEW    cov: 3666 ft: 14687 corp: 373/55Kb lim: 1596 exec/s: 0 rss: 85Mb L: 17/1596 MS: 1 CMP- DE: "\377\377\377\377\377\377\377\377"-
#1477	NEW    cov: 3677 ft: 14698 corp: 374/55Kb lim: 1596 exec/s: 0 rss: 85Mb L: 170/1596 MS: 1 CMP- DE: "nu"-
#1483	NEW    cov: 3681 ft: 14702 corp: 375/55Kb lim: 1596 exec/s: 0 rss: 85Mb L: 240/1596 MS: 1 CrossOver-
#1485	NEW    cov: 3681 ft: 14712 corp: 376/55Kb lim: 1596 exec/s: 0 rss: 85Mb L: 105/1596 MS: 2 ManualDict-CrossOver- DE: "\"syncedAt\":"-
#1501	NEW    cov: 3691 ft: 14722 corp: 377/56Kb lim: 1596 exec/s: 0 rss: 85Mb L: 63/1596 MS: 1 ManualDict- DE: "\360\237\230\200"-
#1538	NEW    cov: 3694 ft: 14725 corp: 378/56Kb lim: 1596 exec/s: 0 rss: 85Mb L: 693/1596 MS: 2 EraseBytes-ManualDict- DE: "\\u00e9"-
#1565	REDUCE cov: 3694 ft: 14725 corp: 378/56Kb lim: 1596 exec/s: 0 rss: 86Mb L: 364/1596 MS: 2 ChangeASCIIInt-EraseBytes-
#1569	REDUCE cov: 3694 ft: 14725 corp: 378/56Kb lim: 1596 exec/s: 0 rss: 86Mb L: 77/1596 MS: 4 ChangeBit-ShuffleBytes-ChangeASCIIInt-EraseBytes-
#1582	NEW    cov: 3694 ft: 14727 corp: 379/56Kb lim: 1596 exec/s: 0 rss: 86Mb L: 123/1596 MS: 3 InsertRepeatedBytes-EraseBytes-ManualDict- DE: "[]"-
#1593	NEW    cov: 3703 ft: 14736 corp: 380/56Kb lim: 1596 exec/s: 0 rss: 86Mb L: 50/1596 MS: 1 CopyPart-
#1639	NEW    cov: 3703 ft: 14754 corp: 381/58Kb lim: 1596 exec/s: 0 rss: 87Mb L: 1596/1596 MS: 1 ChangeBit-
#1658	NEW    cov: 3703 ft: 14831 corp: 382/58Kb lim: 1596 exec/s: 0 rss: 87Mb L: 9/1596 MS: 4 ChangeByte-ChangeASCIIInt-ChangeByte-ShuffleBytes-
#1661	NEW    cov: 3706 ft: 14836 corp: 383/58Kb lim: 1596 exec/s: 0 rss: 87Mb L: 68/1596 MS: 3 ChangeASCIIInt-ManualDict-ManualDict- DE: "\\u00e9"-"\346\227\245"-
#1668	NEW    cov: 3706 ft: 14854 corp: 384/59Kb lim: 1596 exec/s: 0 rss: 88Mb L: 918/1596 MS: 2 ChangeASCIIInt-EraseBytes-
#1702	NEW    cov: 3707 ft: 14855 corp: 385/59Kb lim: 1596 exec/s: 0 rss: 88Mb L: 594/1596 MS: 4 EraseBytes-ChangeByte-CMP-EraseBytes- DE: "\357\200\200\200"-
#1703	NEW    cov: 3707 ft: 14856 corp: 386/60Kb lim: 1596 exec/s: 0 rss: 88Mb L: 929/1596 MS: 1 InsertRepeatedBytes-
#1707	NEW    cov: 3710 ft: 14859 corp: 387/60Kb lim: 1596 exec/s: 0 rss: 88Mb L: 54/1596 MS: 4 ChangeASCIIInt-ChangeByte-EraseBytes-ManualDict- DE: "\\\\"-
#1740	NEW    cov: 3711 ft: 14868 corp: 388/60Kb lim: 1596 exec/s: 0 rss: 89Mb L: 100/1596 MS: 3 ManualDict-PersAutoDict-CMP- DE: "\"syncedAt\":"-"\377\377\377\377\377\377\377\377"-"\000\000\000\000\000\000\000\002"-
#1752	REDUCE cov: 3711 ft: 14868 corp: 388/60Kb lim: 1596 exec/s: 0 rss: 89Mb L: 90/1596 MS: 2 CMP-EraseBytes- DE: "k19"-
#1764	NEW    cov: 3712 ft: 14873 corp: 389/60Kb lim: 1596 exec/s: 0 rss: 89Mb L: 65/1596 MS: 2 ShuffleBytes-ChangeByte-
#1765	REDUCE cov: 3712 ft: 14873 corp: 389/60Kb lim: 1596 exec/s: 0 rss: 89Mb L: 26/1596 MS: 1 EraseBytes-
#1777	NEW    cov: 3714 ft: 14875 corp: 390/60Kb lim: 1596 exec/s: 0 rss: 89Mb L: 47/1596 MS: 2 InsertRepeatedBytes-EraseBytes-
#1782	NEW    cov: 3723 ft: 14884 corp: 391/61Kb lim: 1596 exec/s: 0 rss: 89Mb L: 104/1596 MS: 5 ChangeByte-CopyPart-ChangeBit-ManualDict-CMP- DE: "\360\237\230\200"-"itemS"-
#1794	NEW    cov: 3723 ft: 14885 corp: 392/61Kb lim: 1596 exec/s: 0 rss: 90Mb L: 92/1596 MS: 2 EraseBytes-ChangeBit-
#1799	NEW    cov: 3772 ft: 14934 corp: 393/61Kb lim: 1596 exec/s: 0 rss: 90Mb L: 72/1596 MS: 5 InsertByte-ChangeASCIIInt-InsertByte-PersAutoDict-PersAutoDict- DE: "23"-"9223372036854775807"-
#1822	NEW    cov: 3772 ft: 14941 corp: 394/61Kb lim: 1596 exec/s: 0 rss: 90Mb L: 35/1596 MS: 3 ChangeASCIIInt-ChangeASCIIInt-EraseBytes-
#1828	NEW    cov: 3772 ft: 14947 corp: 395/61Kb lim: 1596 exec/s: 0 rss: 90Mb L: 106/1596 MS: 1 CrossOver-
#1833	NEW    cov: 3772 ft: 14948 corp: 396/61Kb lim: 1596 exec/s: 0 rss: 91Mb L: 64/1596 MS: 5 CopyPart-ManualDict-EraseBytes-CrossOver-PersAutoDict- DE: "\"firstSeenAt\":"-"1e309"-
#1844	NEW    cov: 3781 ft: 14957 corp: 397/61Kb lim: 1596 exec/s: 0 rss: 91Mb L: 188/1596 MS: 1 InsertRepeatedBytes-
#1847	NEW    cov: 3781 ft: 14959 corp: 398/62Kb lim: 1596 exec/s: 0 rss: 91Mb L: 779/1596 MS: 3 InsertRepeatedBytes-PersAutoDict-CrossOver- DE: "{}"-
#1853	NEW    cov: 3781 ft: 14972 corp: 399/62Kb lim: 1596 exec/s: 0 rss: 91Mb L: 37/1596 MS: 1 ChangeByte-
#1870	NEW    cov: 3784 ft: 14975 corp: 400/62Kb lim: 1596 exec/s: 0 rss: 91Mb L: 68/1596 MS: 2 ChangeASCIIInt-ChangeBit-
#1884	NEW    cov: 3784 ft: 14976 corp: 401/62Kb lim: 1596 exec/s: 0 rss: 91Mb L: 19/1596 MS: 4 ShuffleBytes-EraseBytes-ShuffleBytes-ManualDict- DE: "\"1700000000000\""-
#1885	NEW    cov: 3786 ft: 14983 corp: 402/62Kb lim: 1596 exec/s: 0 rss: 91Mb L: 11/1596 MS: 1 ChangeBinInt-
#1888	NEW    cov: 3803 ft: 15000 corp: 403/62Kb lim: 1596 exec/s: 0 rss: 91Mb L: 80/1596 MS: 3 ManualDict-CopyPart-ManualDict- DE: "false"-"1700000000.5"-
#1903	NEW    cov: 3803 ft: 15006 corp: 404/62Kb lim: 1596 exec/s: 0 rss: 91Mb L: 270/1596 MS: 5 ManualDict-InsertByte-PersAutoDict-ChangeBinInt-InsertRepeatedBytes- DE: "{}"-"9223372036854775807"-
#1929	NEW    cov: 3805 ft: 15026 corp: 405/62Kb lim: 1596 exec/s: 0 rss: 92Mb L: 107/1596 MS: 1 InsertRepeatedBytes-
#1970	NEW    cov: 3806 ft: 15027 corp: 406/62Kb lim: 1596 exec/s: 0 rss: 92Mb L: 35/1596 MS: 1 PersAutoDict- DE: "\377\377\377\377"-
#1984	NEW    cov: 3806 ft: 15031 corp: 407/63Kb lim: 1596 exec/s: 0 rss: 93Mb L: 126/1596 MS: 4 ChangeASCIIInt-ChangeByte-ChangeBit-CopyPart-
#2011	NEW    cov: 3806 ft: 15040 corp: 408/63Kb lim: 1596 exec/s: 0 rss: 93Mb L: 74/1596 MS: 2 CMP-ChangeBinInt- DE: "30"-
#2013	NEW    cov: 3806 ft: 15044 corp: 409/63Kb lim: 1596 exec/s: 0 rss: 93Mb L: 63/1596 MS: 2 ChangeBinInt-CMP- DE: "\003\000"-
#2020	NEW    cov: 3806 ft: 15047 corp: 410/63Kb lim: 1596 exec/s: 0 rss: 93Mb L: 103/1596 MS: 2 CMP-PersAutoDict- DE: "\011\000\000\000"-"\376\377\377\377"-
#2032	NEW    cov: 3806 ft: 15048 corp: 411/63Kb lim: 1596 exec/s: 0 rss: 93Mb L: 62/1596 MS: 2 ChangeBinInt-CrossOver-
#2039	NEW    cov: 3807 ft: 15051 corp: 412/63Kb lim: 1596 exec/s: 0 rss: 93Mb L: 79/1596 MS: 2 ChangeByte-ManualDict- DE: "9223372036854775807"-
#2047	NEW    cov: 3807 ft: 15054 corp: 413/63Kb lim: 1596 exec/s: 0 rss: 93Mb L: 128/1596 MS: 3 InsertRepeatedBytes-CMP-CopyPart- DE: "\000\000\000\000\000\000\000\000"-
#2054	NEW    cov: 3809 ft: 15056 corp: 414/63Kb lim: 1596 exec/s: 0 rss: 93Mb L: 14/1596 MS: 2 ChangeBinInt-EraseBytes-
#2056	NEW    cov: 3824 ft: 15071 corp: 415/63Kb lim: 1596 exec/s: 0 rss: 93Mb L: 90/1596 MS: 2 CrossOver-ManualDict- DE: "\\ud83d\\ude00"-
#2057	REDUCE cov: 3824 ft: 15071 corp: 415/63Kb lim: 1596 exec/s: 0 rss: 93Mb L: 102/1596 MS: 1 EraseBytes-
#2064	NEW    cov: 3833 ft: 15080 corp: 416/63Kb lim: 1596 exec/s: 0 rss: 94Mb L: 32/1596 MS: 2 EraseBytes-CMP- DE: "30"-
#2075	NEW    cov: 3833 ft: 15081 corp: 417/63Kb lim: 1596 exec/s: 0 rss: 94Mb L: 159/1596 MS: 1 ManualDict- DE: "false"-
#2111	NEW    cov: 3833 ft: 15082 corp: 418/63Kb lim: 1596 exec/s: 0 rss: 94Mb L: 36/1596 MS: 1 EraseBytes-
#2116	NEW    cov: 3841 ft: 15090 corp: 419/63Kb lim: 1596 exec/s: 0 rss: 94Mb L: 21/1596 MS: 5 EraseBytes-ChangeBit-CopyPart-EraseBytes-InsertRepeatedBytes-
#2137	NEW    cov: 3841 ft: 15093 corp: 420/63Kb lim: 1596 exec/s: 0 rss: 95Mb L: 53/1596 MS: 1 CopyPart-
#2140	REDUCE cov: 3841 ft: 15093 corp: 420/63Kb lim: 1596 exec/s: 0 rss: 95Mb L: 669/1596 MS: 3 ChangeBinInt-InsertByte-EraseBytes-
#2151	NEW    cov: 3841 ft: 15099 corp: 421/63Kb lim: 1596 exec/s: 0 rss: 95Mb L: 58/1596 MS: 1 InsertRepeatedBytes-
#2152	NEW    cov: 3841 ft: 15118 corp: 422/63Kb lim: 1596 exec/s: 0 rss: 95Mb L: 99/1596 MS: 1 ManualDict- DE: "-9223372036854775808"-
#2155	NEW    cov: 3841 ft: 15119 corp: 423/63Kb lim: 1596 exec/s: 0 rss: 95Mb L: 19/1596 MS: 3 ChangeBit-ChangeBinInt-ChangeByte-
#2157	NEW    cov: 3841 ft: 15121 corp: 424/64Kb lim: 1596 exec/s: 0 rss: 95Mb L: 81/1596 MS: 2 CMP-EraseBytes- DE: "\020\000\000\000\000\000\000\000"-
#2158	NEW    cov: 3841 ft: 15122 corp: 425/64Kb lim: 1596 exec/s: 0 rss: 95Mb L: 355/1596 MS: 1 CrossOver-
#2159	NEW    cov: 3842 ft: 15123 corp: 426/64Kb lim: 1596 exec/s: 0 rss: 95Mb L: 72/1596 MS: 1 ManualDict- DE: "1700000000000"-
#2171	NEW    cov: 3842 ft: 15130 corp: 427/64Kb lim: 1596 exec/s: 0 rss: 95Mb L: 160/1596 MS: 2 ChangeByte-InsertByte-
#2203	NEW    cov: 3843 ft: 15139 corp: 428/64Kb lim: 1596 exec/s: 0 rss: 96Mb L: 101/1596 MS: 2 ChangeByte-InsertByte-
#2224	REDUCE cov: 3843 ft: 15139 corp: 428/64Kb lim: 1596 exec/s: 0 rss: 96Mb L: 12/1596 MS: 1 EraseBytes-
#2230	NEW    cov: 3844 ft: 15140 corp: 429/64Kb lim: 1596 exec/s: 0 rss: 96Mb L: 95/1596 MS: 1 ChangeASCIIInt-
#2231	NEW    cov: 3877 ft: 15212 corp: 430/64Kb lim: 1596 exec/s: 0 rss: 96Mb L: 72/1596 MS: 1 EraseBytes-
#2245	NEW    cov: 3879 ft: 15217 corp: 431/64Kb lim: 1596 exec/s: 0 rss: 96Mb L: 71/1596 MS: 4 CMP-CopyPart-PersAutoDict-CMP- DE: "n2u"-"\"key\":"-"\357\200\200\200"-
#2267	NEW    cov: 3879 ft: 15237 corp: 432/65Kb lim: 1596 exec/s: 0 rss: 97Mb L: 88/1596 MS: 2 ChangeBinInt-EraseBytes-
#2283	NEW    cov: 3879 ft: 15250 corp: 433/65Kb lim: 1596 exec/s: 0 rss: 97Mb L: 3/1596 MS: 1 EraseBytes-
#2299	NEW    cov: 3879 ft: 15263 corp: 434/65Kb lim: 1596 exec/s: 0 rss: 97Mb L: 88/1596 MS: 1 EraseBytes-
#2305	REDUCE cov: 3879 ft: 15263 corp: 434/65Kb lim: 1596 exec/s: 0 rss: 97Mb L: 157/1596 MS: 1 EraseBytes-
#2317	NEW    cov: 3879 ft: 15265 corp: 435/65Kb lim: 1596 exec/s: 0 rss: 97Mb L: 5/1596 MS: 2 InsertByte-EraseBytes-
#2353	NEW    cov: 3879 ft: 15299 corp: 436/65Kb lim: 1596 exec/s: 0 rss: 97Mb L: 69/1596 MS: 1 CMP- DE: "updat]dAt"-
#2354	NEW    cov: 3880 ft: 15300 corp: 437/65Kb lim: 1596 exec/s: 0 rss: 97Mb L: 71/1596 MS: 1 CopyPart-
#2399	NEW    cov: 3880 ft: 15303 corp: 438/66Kb lim: 1596 exec/s: 0 rss: 98Mb L: 1530/1596 MS: 5 CrossOver-ChangeBinInt-ChangeBit-CopyPart-CrossOver-
#2400	NEW    cov: 3881 ft: 15306 corp: 439/66Kb lim: 1596 exec/s: 0 rss: 98Mb L: 79/1596 MS: 1 ChangeBit-
#2411	REDUCE cov: 3881 ft: 15306 corp: 439/66Kb lim: 1596 exec/s: 0 rss: 98Mb L: 36/1596 MS: 1 EraseBytes-
#2431	NEW    cov: 3882 ft: 15307 corp: 440/66Kb lim: 1596 exec/s: 0 rss: 98Mb L: 212/1596 MS: 5 ManualDict-CrossOver-InsertRepeatedBytes-CopyPart-CrossOver- DE: "0"-
#2433	REDUCE cov: 3882 ft: 15307 corp: 440/66Kb lim: 1596 exec/s: 0 rss: 99Mb L: 115/1596 MS: 2 CMP-EraseBytes- DE: "2024-01-011.5:00:00Z"-
#2459	NEW    cov: 3882 ft: 15311 corp: 441/66Kb lim: 1596 exec/s: 0 rss: 99Mb L: 95/1596 MS: 1 ChangeASCIIInt-
#2465	NEW    cov: 3882 ft: 15320 corp: 442/68Kb lim: 1596 exec/s: 0 rss: 99Mb L: 1075/1596 MS: 1 CopyPart-
#2478	NEW    cov: 3891 ft: 15335 corp: 443/68Kb lim: 1596 exec/s: 0 rss: 99Mb L: 154/1596 MS: 3 ChangeASCIIInt-EraseBytes-ManualDict- DE: "\"createdAt\":"-
#2489	REDUCE cov: 3891 ft: 15335 corp: 443/68Kb lim: 1596 exec/s: 0 rss: 99Mb L: 277/1596 MS: 1 EraseBytes-
#2506	NEW    cov: 3891 ft: 15336 corp: 444/68Kb lim: 1596 exec/s: 0 rss: 99Mb L: 19/1596 MS: 2 ShuffleBytes-CMP- DE: "updatedAt"-
#2512	NEW    cov: 3891 ft: 15337 corp: 445/68Kb lim: 1596 exec/s: 0 rss: 99Mb L: 85/1596 MS: 1 CopyPart-
#2513	NEW    cov: 3891 ft: 15338 corp: 446/68Kb lim: 1596 exec/s: 0 rss: 100Mb L: 25/1596 MS: 1 EraseBytes-
#2520	NEW    cov: 3891 ft: 15339 corp: 447/68Kb lim: 1596 exec/s: 0 rss: 100Mb L: 145/1596 MS: 2 ChangeASCIIInt-ManualDict- DE: "1700000000.5"-
#2532	NEW    cov: 3929 ft: 15398 corp: 448/68Kb lim: 1596 exec/s: 0 rss: 100Mb L: 60/1596 MS: 2 ChangeByte-ChangeBinInt-
#2558	REDUCE cov: 3929 ft: 15398 corp: 448/68Kb lim: 1596 exec/s: 0 rss: 100Mb L: 43/1596 MS: 1 EraseBytes-
#2584	REDUCE cov: 3929 ft: 15398 corp: 448/68Kb lim: 1596 exec/s: 0 rss: 100Mb L: 74/1596 MS: 1 EraseBytes-
#2585	NEW    cov: 3929 ft: 15401 corp: 449/68Kb lim: 1596 exec/s: 0 rss: 100Mb L: 70/1596 MS: 1 CMP- DE: "\001\000\374?\250\325j\036"-
#2607	REDUCE cov: 3929 ft: 15401 corp: 449/68Kb lim: 1596 exec/s: 0 rss: 100Mb L: 1502/1596 MS: 2 ManualDict-EraseBytes- DE: "]"-
#2625	NEW    cov: 3929 ft: 15407 corp: 450/68Kb lim: 1596 exec/s: 0 rss: 101Mb L: 146/1596 MS: 3 InsertByte-EraseBytes-InsertRepeatedBytes-
#2632	NEW    cov: 3929 ft: 15410 corp: 451/68Kb lim: 1596 exec/s: 0 rss: 101Mb L: 144/1596 MS: 2 CrossOver-CrossOver-
#2648	NEW    cov: 3929 ft: 15419 corp: 452/68Kb lim: 1596 exec/s: 0 rss: 101Mb L: 221/1596 MS: 1 CrossOver-
#2676	NEW    cov: 3978 ft: 15485 corp: 453/68Kb lim: 1596 exec/s: 0 rss: 101Mb L: 59/1596 MS: 3 ShuffleBytes-ChangeByte-ManualDict- DE: "9223372036854775807"-
#2682	NEW    cov: 3978 ft: 15500 corp: 454/69Kb lim: 1596 exec/s: 0 rss: 101Mb L: 67/1596 MS: 1 CMP- DE: "\000\000\000\000\000\000\000\000"-
#2714	NEW    cov: 3978 ft: 15524 corp: 455/69Kb lim: 1596 exec/s: 0 rss: 102Mb L: 186/1596 MS: 2 ShuffleBytes-InsertRepeatedBytes-
#2720	NEW    cov: 3978 ft: 15543 corp: 456/69Kb lim: 1596 exec/s: 0 rss: 102Mb L: 11/1596 MS: 1 PersAutoDict- DE: "\"key\":"-
#2724	NEW    cov: 4036 ft: 15609 corp: 457/69Kb lim: 1596 exec/s: 0 rss: 102Mb L: 62/1596 MS: 4 InsertByte-CopyPart-ChangeBinInt-PersAutoDict- DE: "-9223372036854775808"-
#2767	NEW    cov: 4036 ft: 15614 corp: 458/69Kb lim: 1596 exec/s: 0 rss: 102Mb L: 53/1596 MS: 3 ChangeASCIIInt-CrossOver-InsertByte-
#2769	NEW    cov: 4036 ft: 15615 corp: 459/69Kb lim: 1596 exec/s: 0 rss: 102Mb L: 97/1596 MS: 2 ChangeBinInt-CMP- DE: "\006\000\000\000"-
#2795	NEW    cov: 4041 ft: 15626 corp: 460/69Kb lim: 1596 exec/s: 0 rss: 102Mb L: 107/1596 MS: 1 CopyPart-
#2806	NEW    cov: 4048 ft: 15633 corp: 461/69Kb lim: 1596 exec/s: 0 rss: 103Mb L: 24/1596 MS: 1 EraseBytes-
#2823	NEW    cov: 4048 ft: 15634 corp: 462/69Kb lim: 1596 exec/s: 0 rss: 103Mb L: 93/1596 MS: 2 PersAutoDict-CrossOver- DE: "itemS"-
#2865	NEW    cov: 4049 ft: 15635 corp: 463/69Kb lim: 1596 exec/s: 0 rss: 103Mb L: 72/1596 MS: 2 ShuffleBytes-ManualDict- DE: "{"-
#2876	NEW    cov: 4054 ft: 15640 corp: 464/69Kb lim: 1596 exec/s: 0 rss: 103Mb L: 51/1596 MS: 1 InsertByte-
#2957	REDUCE cov: 4054 ft: 15641 corp: 465/69Kb lim: 1596 exec/s: 0 rss: 104Mb L: 115/1596 MS: 1 ManualDict- DE: "\""-
#2968	NEW    cov: 4070 ft: 15657 corp: 466/69Kb lim: 1596 exec/s: 0 rss: 104Mb L: 29/1596 MS: 1 ChangeBit-
#2979	NEW    cov: 4073 ft: 15660 corp: 467/69Kb lim: 1596 exec/s: 0 rss: 104Mb L: 38/1596 MS: 1 CMP- DE: "\000\000\000\000\000\000\000\000"-
#2985	NEW    cov: 4073 ft: 15662 corp: 468/70Kb lim: 1596 exec/s: 0 rss: 104Mb L: 37/1596 MS: 1 ChangeBinInt-
#2992	REDUCE cov: 4073 ft: 15662 corp: 468/69Kb lim: 1596 exec/s: 0 rss: 104Mb L: 54/1596 MS: 2 ShuffleBytes-EraseBytes-
#2993	NEW    cov: 4075 ft: 15671 corp: 469/70Kb lim: 1596 exec/s: 0 rss: 104Mb L: 168/1596 MS: 1 ChangeBit-
#3004	NEW    cov: 4076 ft: 15672 corp: 470/70Kb lim: 1596 exec/s: 0 rss: 105Mb L: 14/1596 MS: 1 CopyPart-
#3014	REDUCE cov: 4076 ft: 15672 corp: 470/70Kb lim: 1596 exec/s: 0 rss: 105Mb L: 27/1596 MS: 5 CopyPart-CrossOver-ChangeBit-PersAutoDict-EraseBytes- DE: "[]"-
#3033	NEW    cov: 4079 ft: 15678 corp: 471/70Kb lim: 1596 exec/s: 0 rss: 105Mb L: 97/1596 MS: 4 ChangeBit-ChangeByte-ShuffleBytes-PersAutoDict- DE: "\\n"-
#3040	REDUCE cov: 4079 ft: 15678 corp: 471/70Kb lim: 1596 exec/s: 0 rss: 105Mb L: 16/1596 MS: 2 ChangeBit-EraseBytes-
#3052	NEW    cov: 4080 ft: 15679 corp: 472/70Kb lim: 1596 exec/s: 0 rss: 105Mb L: 82/1596 MS: 2 InsertRepeatedBytes-ChangeASCIIInt-
#3087	REDUCE cov: 4080 ft: 15679 corp: 472/70Kb lim: 1596 exec/s: 0 rss: 105Mb L: 79/1596 MS: 5 InsertByte-ChangeBinInt-ManualDict-PersAutoDict-EraseBytes- DE: "\\\\"-"\"key\":"-
#3098	REDUCE cov: 4080 ft: 15679 corp: 472/70Kb lim: 1596 exec/s: 0 rss: 105Mb L: 82/1596 MS: 1 EraseBytes-
#3107	NEW    cov: 4088 ft: 15695 corp: 473/70Kb lim: 1596 exec/s: 0 rss: 105Mb L: 110/1596 MS: 4 InsertByte-ChangeASCIIInt-ChangeByte-PersAutoDict- DE: "\\\\"-
#3110	REDUCE cov: 4088 ft: 15695 corp: 473/70Kb lim: 1596 exec/s: 0 rss: 106Mb L: 138/1596 MS: 3 CMP-ChangeByte-EraseBytes- DE: "\000\000\374_\250\317\210&"-
#3136	REDUCE cov: 4088 ft: 15695 corp: 473/70Kb lim: 1596 exec/s: 0 rss: 106Mb L: 27/1596 MS: 1 EraseBytes-
#3147	NEW    cov: 4089 ft: 15696 corp: 474/70Kb lim: 1596 exec/s: 0 rss: 106Mb L: 84/1596 MS: 1 CMP- DE: "\000\000\252\252\330R\345`"-
#3156	NEW    cov: 4099 ft: 15706 corp: 475/70Kb lim: 1596 exec/s: 0 rss: 106Mb L: 173/1596 MS: 4 ChangeASCIIInt-CrossOver-ManualDict-CrossOver- DE: "\\u0000"-
#3157	NEW    cov: 4099 ft: 15708 corp: 476/70Kb lim: 1596 exec/s: 0 rss: 106Mb L: 160/1596 MS: 1 InsertByte-
#3163	NEW    cov: 4099 ft: 15709 corp: 477/70Kb lim: 1596 exec/s: 0 rss: 106Mb L: 39/1596 MS: 1 EraseBytes-
#3169	NEW    cov: 4124 ft: 15777 corp: 478/70Kb lim: 1596 exec/s: 0 rss: 106Mb L: 71/1596 MS: 1 CopyPart-
#3170	NEW    cov: 4124 ft: 15796 corp: 479/72Kb lim: 1596 exec/s: 0 rss: 107Mb L: 1596/1596 MS: 1 ShuffleBytes-
#3184	NEW    cov: 4124 ft: 15798 corp: 480/72Kb lim: 1596 exec/s: 0 rss: 107Mb L: 73/1596 MS: 4 ChangeBinInt-ChangeASCIIInt-CrossOver-CMP- DE: "\377\377"-
#3186	NEW    cov: 4124 ft: 15801 corp: 481/72Kb lim: 1596 exec/s: 0 rss: 107Mb L: 41/1596 MS: 2 ChangeBit-PersAutoDict- DE: "\376\377\377\377"-
#3188	NEW    cov: 4124 ft: 15802 corp: 482/72Kb lim: 1596 exec/s: 0 rss: 107Mb L: 49/1596 MS: 2 CrossOver-ManualDict- DE: "\\u00e9"-
#3194	NEW    cov: 4128 ft: 15806 corp: 483/72Kb lim: 1596 exec/s: 0 rss: 107Mb L: 67/1596 MS: 1 ManualDict- DE: "\\u00e9"-
#3203	NEW    cov: 4129 ft: 15812 corp: 484/72Kb lim: 1596 exec/s: 0 rss: 107Mb L: 262/1596 MS: 4 InsertRepeatedBytes-CrossOver-ChangeASCIIInt-InsertRepeatedBytes-
#3206	NEW    cov: 4136 ft: 15819 corp: 485/72Kb lim: 1596 exec/s: 0 rss: 107Mb L: 111/1596 MS: 3 ManualDict-ChangeByte-PersAutoDict- DE: "\\\""-"1700000000.5"-
#3212	NEW    cov: 4136 ft: 15820 corp: 486/73Kb lim: 1596 exec/s: 0 rss: 107Mb L: 358/1596 MS: 1 InsertRepeatedBytes-
#3238	NEW    cov: 4136 ft: 15825 corp: 487/73Kb lim: 1596 exec/s: 0 rss: 108Mb L: 36/1596 MS: 1 EraseBytes-
#3256	NEW    cov: 4136 ft: 15834 corp: 488/73Kb lim: 1596 exec/s: 0 rss: 108Mb L: 65/1596 MS: 3 ChangeASCIIInt-ChangeBinInt-ManualDict- DE: ":"-
#3277	NEW    cov: 4138 ft: 15837 corp: 489/73Kb lim: 1596 exec/s: 0 rss: 108Mb L: 29/1596 MS: 1 ChangeBit-
#3281	REDUCE cov: 4138 ft: 15837 corp: 489/73Kb lim: 1596 exec/s: 0 rss: 108Mb L: 645/1596 MS: 4 ChangeBinInt-CMP-ChangeByte-EraseBytes- DE: "updatedAt"-
#3290	NEW    cov: 4147 ft: 15846 corp: 490/73Kb lim: 1596 exec/s: 0 rss: 108Mb L: 127/1596 MS: 4 CrossOver-PersAutoDict-ShuffleBytes-CrossOver- DE: "k19"-
#3295	NEW    cov: 4148 ft: 15847 corp: 491/73Kb lim: 1596 exec/s: 0 rss: 108Mb L: 236/1596 MS: 5 ChangeByte-ShuffleBytes-CMP-ChangeBinInt-CrossOver- DE: "\360\273\277\000"-
#3303	NEW    cov: 4148 ft: 15880 corp: 492/73Kb lim: 1596 exec/s: 0 rss: 108Mb L: 168/1596 MS: 3 ChangeByte-EraseBytes-InsertRepeatedBytes-
#3324	REDUCE cov: 4148 ft: 15882 corp: 493/74Kb lim: 1596 exec/s: 0 rss: 108Mb L: 74/1596 MS: 1 CopyPart-
#3328	REDUCE cov: 4153 ft: 15887 corp: 494/74Kb lim: 1596 exec/s: 0 rss: 108Mb L: 22/1596 MS: 4 ShuffleBytes-ChangeBinInt-ChangeASCIIInt-EraseBytes-
#3330	NEW    cov: 4154 ft: 15888 corp: 495/74Kb lim: 1596 exec/s: 0 rss: 108Mb L: 60/1596 MS: 2 ChangeBit-CopyPart-
#3336	NEW    cov: 4154 ft: 15889 corp: 496/74Kb lim: 1596 exec/s: 0 rss: 109Mb L: 260/1596 MS: 1 CMP- DE: "\201\200\200\360"-
#3397	NEW    cov: 4154 ft: 15894 corp: 497/74Kb lim: 1596 exec/s: 0 rss: 109Mb L: 29/1596 MS: 1 EraseBytes-
#3442	NEW    cov: 4154 ft: 15903 corp: 498/74Kb lim: 1596 exec/s: 0 rss: 109Mb L: 72/1596 MS: 5 ChangeBinInt-CMP-ManualDict-ChangeBit-ChangeByte- DE: "q\"k"-"-1"-
#3448	NEW    cov: 4154 ft: 15904 corp: 499/74Kb lim: 1596 exec/s: 0 rss: 109Mb L: 33/1596 MS: 1 CMP- DE: "\231\300\200\000"-
#3455	REDUCE cov: 4154 ft: 15904 corp: 499/74Kb lim: 1596 exec/s: 0 rss: 110Mb L: 437/1596 MS: 2 InsertRepeatedBytes-EraseBytes-
#3470	NEW    cov: 4154 ft: 15905 corp: 500/74Kb lim: 1596 exec/s: 0 rss: 110Mb L: 27/1596 MS: 5 PersAutoDict-ChangeBinInt-ChangeByte-ManualDict-EraseBytes- DE: "\\\""-"\360\237\230\200"-
#3476	NEW    cov: 4154 ft: 15915 corp: 501/74Kb lim: 1596 exec/s: 0 rss: 110Mb L: 76/1596 MS: 1 CopyPart-
#3490	NEW    cov: 4154 ft: 15955 corp: 502/74Kb lim: 1596 exec/s: 0 rss: 110Mb L: 84/1596 MS: 4 PersAutoDict-CMP-ChangeASCIIInt-ChangeBinInt- DE: "\003\236\221\217"-"updatedat"-
#3502	NEW    cov: 4154 ft: 15963 corp: 503/74Kb lim: 1596 exec/s: 0 rss: 110Mb L: 97/1596 MS: 2 InsertByte-ChangeBit-
#3533	NEW    cov: 4158 ft: 15967 corp: 504/74Kb lim: 1596 exec/s: 0 rss: 110Mb L: 64/1596 MS: 1 PersAutoDict- DE: "1700000000.5"-
#3536	NEW    cov: 4159 ft: 16016 corp: 505/74Kb lim: 1596 exec/s: 0 rss: 110Mb L: 176/1596 MS: 3 ChangeByte-EraseBytes-InsertRepeatedBytes-
#3546	NEW    cov: 4159 ft: 16022 corp: 506/74Kb lim: 1596 exec/s: 0 rss: 111Mb L: 34/1596 MS: 5 InsertByte-ChangeByte-CMP-EraseBytes-ShuffleBytes- DE: "\000\000\000\000\000\000\000\000"-
#3552	REDUCE cov: 4159 ft: 16022 corp: 506/74Kb lim: 1596 exec/s: 0 rss: 111Mb L: 37/1596 MS: 1 EraseBytes-
#3554	REDUCE cov: 4159 ft: 16022 corp: 506/74Kb lim: 1596 exec/s: 0 rss: 111Mb L: 38/1596 MS: 2 ChangeBit-EraseBytes-
#3560	NEW    cov: 4159 ft: 16071 corp: 507/76Kb lim: 1596 exec/s: 0 rss: 111Mb L: 1596/1596 MS: 1 CopyPart-
#3570	REDUCE cov: 4159 ft: 16071 corp: 507/76Kb lim: 1596 exec/s: 0 rss: 111Mb L: 215/1596 MS: 5 InsertByte-InsertRepeatedBytes-ChangeBinInt-ChangeBinInt-EraseBytes-
#3579	NEW    cov: 4159 ft: 16083 corp: 508/76Kb lim: 1596 exec/s: 0 rss: 111Mb L: 75/1596 MS: 4 CrossOver-ChangeASCIIInt-PersAutoDict-ManualDict- DE: "1e309"-":"-
#3630	REDUCE cov: 4159 ft: 16083 corp: 508/76Kb lim: 1596 exec/s: 0 rss: 112Mb L: 842/1596 MS: 1 EraseBytes-
#3646	NEW    cov: 4168 ft: 16092 corp: 509/76Kb lim: 1596 exec/s: 0 rss: 112Mb L: 35/1596 MS: 1 ChangeBit-
#3648	NEW    cov: 4175 ft: 16099 corp: 510/76Kb lim: 1596 exec/s: 0 rss: 112Mb L: 39/1596 MS: 2 ShuffleBytes-ManualDict- DE: "{\"a\":{\"b\":"-
#3654	NEW    cov: 4175 ft: 16100 corp: 511/77Kb lim: 1596 exec/s: 0 rss: 112Mb L: 1296/1596 MS: 1 CrossOver-
#3680	NEW    cov: 4176 ft: 16108 corp: 512/77Kb lim: 1596 exec/s: 0 rss: 112Mb L: 12/1596 MS: 1 ChangeBinInt-
#3685	NEW    cov: 4177 ft: 16112 corp: 513/77Kb lim: 1596 exec/s: 0 rss: 112Mb L: 261/1596 MS: 5 ChangeBinInt-ChangeBinInt-EraseBytes-ChangeASCIIInt-InsertRepeatedBytes-
#3706	NEW    cov: 4179 ft: 16114 corp: 514/77Kb lim: 1596 exec/s: 0 rss: 113Mb L: 29/1596 MS: 1 ChangeByte-
#3732	REDUCE cov: 4179 ft: 16114 corp: 514/77Kb lim: 1596 exec/s: 0 rss: 113Mb L: 599/1596 MS: 1 EraseBytes-
#3733	NEW    cov: 4183 ft: 16128 corp: 515/77Kb lim: 1596 exec/s: 0 rss: 113Mb L: 11/1596 MS: 1 ManualDict- DE: "\\\""-
#3769	NEW    cov: 4184 ft: 16138 corp: 516/77Kb lim: 1596 exec/s: 0 rss: 113Mb L: 69/1596 MS: 1 EraseBytes-
#3805	NEW    cov: 4188 ft: 16144 corp: 517/77Kb lim: 1596 exec/s: 0 rss: 113Mb L: 41/1596 MS: 1 CrossOver-
#3806	NEW    cov: 4188 ft: 16169 corp: 518/77Kb lim: 1596 exec/s: 0 rss: 113Mb L: 112/1596 MS: 1 ManualDict- DE: "\\u00e9"-
#3823	REDUCE cov: 4188 ft: 16170 corp: 519/77Kb lim: 1596 exec/s: 0 rss: 114Mb L: 32/1596 MS: 2 PersAutoDict-ManualDict- DE: "itEms"-"\"createdAt\":"-
#3887	REDUCE cov: 4196 ft: 16191 corp: 520/77Kb lim: 1596 exec/s: 0 rss: 114Mb L: 16/1596 MS: 4 ChangeBit-EraseBytes-CopyPart-PersAutoDict- DE: "1700000000.5"-
#3903	NEW    cov: 4196 ft: 16193 corp: 521/78Kb lim: 1596 exec/s: 0 rss: 114Mb L: 68/1596 MS: 1 ChangeBit-
#3929	NEW    cov: 4197 ft: 16194 corp: 522/78Kb lim: 1596 exec/s: 0 rss: 115Mb L: 97/1596 MS: 1 ChangeByte-
#3943	NEW    cov: 4197 ft: 16195 corp: 523/78Kb lim: 1596 exec/s: 0 rss: 115Mb L: 76/1596 MS: 4 PersAutoDict-ChangeBinInt-InsertByte-CrossOver- DE: "9223372036854775807"-
#3964	REDUCE cov: 4197 ft: 16195 corp: 523/78Kb lim: 1596 exec/s: 0 rss: 115Mb L: 94/1596 MS: 1 EraseBytes-
#4026	REDUCE cov: 4197 ft: 16195 corp: 523/78Kb lim: 1596 exec/s: 0 rss: 115Mb L: 36/1596 MS: 2 ShuffleBytes-EraseBytes-
#4037	REDUCE cov: 4197 ft: 16202 corp: 524/78Kb lim: 1596 exec/s: 0 rss: 115Mb L: 26/1596 MS: 1 CrossOver-
#4083	NEW    cov: 4197 ft: 16203 corp: 525/78Kb lim: 1596 exec/s: 0 rss: 116Mb L: 22/1596 MS: 1 ManualDict- DE: "1700000000000000000"-
#4112	NEW    cov: 4197 ft: 16206 corp: 526/78Kb lim: 1596 exec/s: 0 rss: 116Mb L: 26/1596 MS: 4 ChangeASCIIInt-InsertByte-ChangeBit-PersAutoDict- DE: "n2u"-
#4113	NEW    cov: 4197 ft: 16241 corp: 527/78Kb lim: 1596 exec/s: 0 rss: 116Mb L: 155/1596 MS: 1 InsertRepeatedBytes-
#4131	NEW    cov: 4200 ft: 16244 corp: 528/78Kb lim: 1596 exec/s: 0 rss: 116Mb L: 97/1596 MS: 3 ChangeByte-CopyPart-InsertByte-
#4133	NEW    cov: 4200 ft: 16249 corp: 529/78Kb lim: 1596 exec/s: 0 rss: 116Mb L: 111/1596 MS: 2 ChangeASCIIInt-PersAutoDict- DE: "\231\300\200\000"-
#4144	NEW    cov: 4200 ft: 16252 corp: 530/78Kb lim: 1596 exec/s: 0 rss: 117Mb L: 76/1596 MS: 1 CopyPart-
#4201	NEW    cov: 4209 ft: 16261 corp: 531/78Kb lim: 1596 exec/s: 0 rss: 117Mb L: 61/1596 MS: 2 CopyPart-ManualDict- DE: "\303\251"-
#4262	NEW    cov: 4210 ft: 16263 corp: 532/78Kb lim: 1596 exec/s: 0 rss: 118Mb L: 67/1596 MS: 1 CopyPart-
#4263	REDUCE cov: 4210 ft: 16263 corp: 532/78Kb lim: 1596 exec/s: 0 rss: 118Mb L: 78/1596 MS: 1 EraseBytes-
#4271	NEW    cov: 4219 ft: 16272 corp: 533/78Kb lim: 1596 exec/s: 0 rss: 118Mb L: 182/1596 MS: 3 EraseBytes-InsertRepeatedBytes-ManualDict- DE: "1700000000000000000"-
#4273	NEW    cov: 4219 ft: 16281 corp: 534/79Kb lim: 1596 exec/s: 0 rss: 118Mb L: 81/1596 MS: 2 ChangeByte-PersAutoDict- DE: "1700000000000000000"-
#4315	NEW    cov: 4224 ft: 16286 corp: 535/79Kb lim: 1596 exec/s: 0 rss: 118Mb L: 59/1596 MS: 2 ChangeASCIIInt-ManualDict- DE: "1.5"-
#4331	NEW    cov: 4225 ft: 16293 corp: 536/79Kb lim: 1596 exec/s: 0 rss: 118Mb L: 147/1596 MS: 1 CrossOver-
#4333	NEW    cov: 4234 ft: 16302 corp: 537/79Kb lim: 1596 exec/s: 0 rss: 119Mb L: 84/1596 MS: 2 ChangeBit-CrossOver-
#4339	NEW    cov: 4235 ft: 16303 corp: 538/79Kb lim: 1596 exec/s: 0 rss: 119Mb L: 55/1596 MS: 1 InsertRepeatedBytes-
#4341	NEW    cov: 4236 ft: 16304 corp: 539/79Kb lim: 1596 exec/s: 0 rss: 119Mb L: 24/1596 MS: 2 ChangeASCIIInt-ChangeBinInt-
#4386	NEW    cov: 4245 ft: 16313 corp: 540/79Kb lim: 1596 exec/s: 0 rss: 119Mb L: 96/1596 MS: 5 ChangeByte-InsertByte-ManualDict-ChangeByte-CrossOver- DE: "\036"-
#4405	REDUCE cov: 4245 ft: 16313 corp: 540/79Kb lim: 1596 exec/s: 0 rss: 119Mb L: 465/1596 MS: 4 ManualDict-ChangeByte-PersAutoDict-EraseBytes- DE: "[[]]"-"-1"-
#4431	NEW    cov: 4246 ft: 16314 corp: 541/79Kb lim: 1596 exec/s: 0 rss: 120Mb L: 9/1596 MS: 1 ChangeBit-
#4436	NEW    cov: 4247 ft: 16315 corp: 542/79Kb lim: 1596 exec/s: 0 rss: 120Mb L: 148/1596 MS: 5 ManualDict-InsertByte-PersAutoDict-ManualDict-InsertRepeatedBytes- DE: "{"-"k57"-"[]"-
#4454	NEW    cov: 4247 ft: 16316 corp: 543/79Kb lim: 1596 exec/s: 0 rss: 120Mb L: 26/1596 MS: 3 ChangeASCIIInt-PersAutoDict-ChangeBit- DE: "[1"-
#4477	NEW    cov: 4248 ft: 16317 corp: 544/79Kb lim: 1596 exec/s: 0 rss: 120Mb L: 184/1596 MS: 3 CMP-CMP-CMP- DE: "\377\377\377\377\377\377\377\377"-"k49"-"\001\006"-
#4484	NEW    cov: 4253 ft: 16322 corp: 545/79Kb lim: 1596 exec/s: 0 rss: 120Mb L: 60/1596 MS: 2 ChangeByte-ManualDict- DE: "\"firstSeenAt\":"-
#4497	NEW    cov: 4254 ft: 16323 corp: 546/81Kb lim: 1596 exec/s: 0 rss: 120Mb L: 1311/1596 MS: 3 ChangeByte-ManualDict-InsertByte- DE: "\"firstSeenAt\":"-
#4528	NEW    cov: 4254 ft: 16361 corp: 547/82Kb lim: 1596 exec/s: 0 rss: 121Mb L: 1596/1596 MS: 1 CopyPart-
#4558	NEW    cov: 4254 ft: 16372 corp: 548/82Kb lim: 1596 exec/s: 0 rss: 121Mb L: 25/1596 MS: 5 CrossOver-ChangeBit-ShuffleBytes-ManualDict-EraseBytes- DE: "{\"id\":1,\"updatedAt\":2,\"createdAt\":1}"-
#4564	NEW    cov: 4263 ft: 16381 corp: 549/82Kb lim: 1596 exec/s: 0 rss: 121Mb L: 79/1596 MS: 1 ShuffleBytes-
#4580	NEW    cov: 4273 ft: 16391 corp: 550/82Kb lim: 1596 exec/s: 0 rss: 122Mb L: 31/1596 MS: 1 ManualDict- DE: "false"-
#4682	REDUCE cov: 4273 ft: 16391 corp: 550/82Kb lim: 1596 exec/s: 0 rss: 123Mb L: 207/1596 MS: 2 PersAutoDict-EraseBytes- DE: "[[]]"-
#4693	NEW    cov: 4273 ft: 16400 corp: 551/82Kb lim: 1596 exec/s: 0 rss: 123Mb L: 178/1596 MS: 1 InsertRepeatedBytes-
#4740	NEW    cov: 4273 ft: 16470 corp: 552/84Kb lim: 1596 exec/s: 0 rss: 124Mb L: 1596/1596 MS: 2 ChangeBinInt-ChangeASCIIInt-
#4791	NEW    cov: 4282 ft: 16479 corp: 553/84Kb lim: 1596 exec/s: 0 rss: 125Mb L: 47/1596 MS: 1 ManualDict- DE: "1.5"-
#4823	NEW    cov: 4287 ft: 16484 corp: 554/84Kb lim: 1596 exec/s: 0 rss: 125Mb L: 78/1596 MS: 2 ChangeBit-ManualDict- DE: "false"-
#4849	REDUCE cov: 4287 ft: 16484 corp: 554/84Kb lim: 1596 exec/s: 0 rss: 125Mb L: 23/1596 MS: 1 EraseBytes-
#4885	NEW    cov: 4287 ft: 16495 corp: 555/84Kb lim: 1596 exec/s: 0 rss: 125Mb L: 34/1596 MS: 1 EraseBytes-
#4905	NEW    cov: 4287 ft: 16504 corp: 556/84Kb lim: 1596 exec/s: 0 rss: 126Mb L: 121/1596 MS: 5 ShuffleBytes-ChangeASCIIInt-PersAutoDict-ChangeBit-CopyPart- DE: "\357\200\200\200"-
#4925	NEW    cov: 4290 ft: 16507 corp: 557/84Kb lim: 1596 exec/s: 0 rss: 126Mb L: 42/1596 MS: 5 PersAutoDict-ManualDict-EraseBytes-InsertByte-CrossOver- DE: "k19"-"[]"-
#4926	REDUCE cov: 4290 ft: 16507 corp: 557/84Kb lim: 1596 exec/s: 0 rss: 126Mb L: 18/1596 MS: 1 EraseBytes-
#4954	NEW    cov: 4293 ft: 16510 corp: 558/84Kb lim: 1596 exec/s: 0 rss: 126Mb L: 201/1596 MS: 3 ShuffleBytes-ChangeASCIIInt-CrossOver-
#4990	NEW    cov: 4293 ft: 16651 corp: 559/86Kb lim: 1596 exec/s: 0 rss: 127Mb L: 1596/1596 MS: 1 CopyPart-
#5016	NEW    cov: 4293 ft: 16656 corp: 560/86Kb lim: 1596 exec/s: 0 rss: 127Mb L: 26/1596 MS: 1 PersAutoDict- DE: "\003\000"-
#5018	NEW    cov: 4293 ft: 16665 corp: 561/86Kb lim: 1596 exec/s: 0 rss: 127Mb L: 23/1596 MS: 2 ChangeBinInt-PersAutoDict- DE: "1700000000.5"-
#5026	NEW    cov: 4296 ft: 16668 corp: 562/86Kb lim: 1596 exec/s: 0 rss: 127Mb L: 59/1596 MS: 3 ShuffleBytes-CMP-ChangeByte- DE: "\001\000\000\000\000\000\000\000"-
#5096	REDUCE cov: 4296 ft: 16668 corp: 562/85Kb lim: 1596 exec/s: 0 rss: 128Mb L: 844/1596 MS: 5 ChangeBit-ChangeBinInt-ChangeASCIIInt-CrossOver-EraseBytes-
#5152	NEW    cov: 4304 ft: 16681 corp: 563/86Kb lim: 1596 exec/s: 0 rss: 129Mb L: 178/1596 MS: 1 InsertRepeatedBytes-
#5168	NEW    cov: 4305 ft: 16685 corp: 564/86Kb lim: 1596 exec/s: 0 rss: 130Mb L: 96/1596 MS: 1 InsertByte-
#5171	REDUCE cov: 4305 ft: 16685 corp: 564/86Kb lim: 1596 exec/s: 0 rss: 130Mb L: 63/1596 MS: 3 ChangeBinInt-ChangeASCIIInt-EraseBytes-
#5201	NEW    cov: 4314 ft: 16694 corp: 565/86Kb lim: 1596 exec/s: 0 rss: 130Mb L: 89/1596 MS: 5 ChangeASCIIInt-ChangeByte-CopyPart-ChangeASCIIInt-ShuffleBytes-
#5248	REDUCE cov: 4314 ft: 16694 corp: 565/86Kb lim: 1596 exec/s: 0 rss: 130Mb L: 26/1596 MS: 2 ChangeBit-EraseBytes-
#5258	NEW    cov: 4315 ft: 16695 corp: 566/86Kb lim: 1596 exec/s: 0 rss: 131Mb L: 72/1596 MS: 5 ChangeByte-CopyPart-ChangeBit-ChangeByte-InsertRepeatedBytes-
#5277	NEW    cov: 4315 ft: 16697 corp: 567/86Kb lim: 1596 exec/s: 0 rss: 131Mb L: 6/1596 MS: 4 PersAutoDict-ChangeBit-ChangeByte-CopyPart- DE: "k49"-
#5294	NEW    cov: 4321 ft: 16703 corp: 568/86Kb lim: 1596 exec/s: 0 rss: 131Mb L: 44/1596 MS: 2 ShuffleBytes-ManualDict- DE: "1.5"-
#5310	NEW    cov: 4321 ft: 16705 corp: 569/86Kb lim: 1596 exec/s: 0 rss: 131Mb L: 138/1596 MS: 1 CrossOver-
#5341	NEW    cov: 4321 ft: 16757 corp: 570/87Kb lim: 1596 exec/s: 0 rss: 131Mb L: 1596/1596 MS: 1 ChangeBinInt-
#5367	NEW    cov: 4321 ft: 16762 corp: 571/88Kb lim: 1596 exec/s: 0 rss: 132Mb L: 109/1596 MS: 1 ManualDict- DE: "\"firstSeenAt\":"-
#5370	NEW    cov: 4322 ft: 16765 corp: 572/88Kb lim: 1596 exec/s: 0 rss: 132Mb L: 162/1596 MS: 3 EraseBytes-PersAutoDict-InsertRepeatedBytes- DE: "9223372036854775807"-
#5420	REDUCE cov: 4322 ft: 16765 corp: 572/88Kb lim: 1596 exec/s: 0 rss: 132Mb L: 226/1596 MS: 5 ChangeBit-ChangeASCIIInt-ChangeBinInt-ChangeByte-EraseBytes-
#5422	NEW    cov: 4322 ft: 16802 corp: 573/88Kb lim: 1596 exec/s: 0 rss: 132Mb L: 21/1596 MS: 2 ChangeByte-EraseBytes-
#5504	REDUCE cov: 4322 ft: 16802 corp: 573/88Kb lim: 1596 exec/s: 0 rss: 133Mb L: 19/1596 MS: 2 CMP-EraseBytes- DE: "\001\013"-
#5507	NEW    cov: 4323 ft: 16803 corp: 574/88Kb lim: 1596 exec/s: 0 rss: 133Mb L: 76/1596 MS: 3 CMP-ChangeByte-ShuffleBytes- DE: "\001\013"-
#5516	NEW    cov: 4323 ft: 16812 corp: 575/88Kb lim: 1596 exec/s: 0 rss: 133Mb L: 78/1596 MS: 4 PersAutoDict-InsertRepeatedBytes-ChangeBinInt-ManualDict- DE: "9223372036854775807"-"\036"-
#5552	REDUCE cov: 4323 ft: 16812 corp: 575/88Kb lim: 1596 exec/s: 0 rss: 134Mb L: 59/1596 MS: 1 EraseBytes-
#5573	NEW    cov: 4323 ft: 16853 corp: 576/88Kb lim: 1596 exec/s: 0 rss: 134Mb L: 96/1596 MS: 1 ChangeBit-
#5600	NEW    cov: 4332 ft: 16862 corp: 577/88Kb lim: 1596 exec/s: 0 rss: 134Mb L: 111/1596 MS: 2 CrossOver-ManualDict- DE: "1700000000000"-
#5686	NEW    cov: 4332 ft: 16864 corp: 578/88Kb lim: 1596 exec/s: 0 rss: 134Mb L: 168/1596 MS: 1 ManualDict- DE: "\"updatedAt\":"-
#5698	NEW    cov: 4332 ft: 16866 corp: 579/88Kb lim: 1596 exec/s: 0 rss: 135Mb L: 107/1596 MS: 2 ChangeASCIIInt-PersAutoDict- DE: "\011\000\000\000"-
#5699	NEW    cov: 4332 ft: 16871 corp: 580/90Kb lim: 1596 exec/s: 0 rss: 135Mb L: 1596/1596 MS: 1 ChangeByte-
#5701	NEW    cov: 4332 ft: 16876 corp: 581/90Kb lim: 1596 exec/s: 0 rss: 135Mb L: 35/1596 MS: 2 ChangeByte-ChangeBit-
#5707	REDUCE cov: 4332 ft: 16876 corp: 581/90Kb lim: 1596 exec/s: 0 rss: 135Mb L: 74/1596 MS: 1 EraseBytes-
#5718	NEW    cov: 4332 ft: 16882 corp: 582/90Kb lim: 1596 exec/s: 0 rss: 135Mb L: 96/1596 MS: 1 ChangeByte-
#5731	NEW    cov: 4332 ft: 16883 corp: 583/90Kb lim: 1596 exec/s: 0 rss: 135Mb L: 72/1596 MS: 3 ChangeBinInt-ShuffleBytes-ChangeBit-
#5733	NEW    cov: 4332 ft: 16886 corp: 584/90Kb lim: 1596 exec/s: 0 rss: 135Mb L: 7/1596 MS: 2 EraseBytes-CrossOver-
#5784	NEW    cov: 4332 ft: 16887 corp: 585/90Kb lim: 1596 exec/s: 0 rss: 136Mb L: 112/1596 MS: 1 InsertRepeatedBytes-
#5790	NEW    cov: 4333 ft: 16888 corp: 586/90Kb lim: 1596 exec/s: 0 rss: 136Mb L: 114/1596 MS: 1 InsertRepeatedBytes-
#5811	NEW    cov: 4340 ft: 16897 corp: 587/90Kb lim: 1596 exec/s: 0 rss: 136Mb L: 74/1596 MS: 1 CrossOver-
#5830	NEW    cov: 4340 ft: 16915 corp: 588/92Kb lim: 1596 exec/s: 0 rss: 136Mb L: 1596/1596 MS: 4 CrossOver-ChangeASCIIInt-ChangeByte-CrossOver-
#5851	NEW    cov: 4340 ft: 16917 corp: 589/92Kb lim: 1596 exec/s: 0 rss: 137Mb L: 97/1596 MS: 1 InsertByte-
#5853	NEW    cov: 4340 ft: 16926 corp: 590/92Kb lim: 1596 exec/s: 0 rss: 137Mb L: 85/1596 MS: 2 InsertByte-ManualDict- DE: "1700000000000000000"-
#5856	NEW    cov: 4340 ft: 16927 corp: 591/92Kb lim: 1596 exec/s: 0 rss: 137Mb L: 114/1596 MS: 3 ChangeASCIIInt-EraseBytes-ManualDict- DE: "\303\251"-
#5857	NEW    cov: 4340 ft: 16936 corp: 592/92Kb lim: 1596 exec/s: 0 rss: 137Mb L: 40/1596 MS: 1 EraseBytes-
#5890	REDUCE cov: 4340 ft: 16936 corp: 592/92Kb lim: 1596 exec/s: 0 rss: 137Mb L: 5/1596 MS: 3 InsertByte-ChangeASCIIInt-EraseBytes-
#5907	NEW    cov: 4340 ft: 16937 corp: 593/92Kb lim: 1596 exec/s: 0 rss: 137Mb L: 207/1596 MS: 2 PersAutoDict-InsertRepeatedBytes- DE: "\001\006"-
#5988	REDUCE cov: 4340 ft: 16937 corp: 593/92Kb lim: 1596 exec/s: 0 rss: 138Mb L: 72/1596 MS: 1 EraseBytes-
#5997	REDUCE cov: 4340 ft: 16937 corp: 593/92Kb lim: 1596 exec/s: 0 rss: 138Mb L: 39/1596 MS: 4 ChangeByte-CopyPart-CopyPart-EraseBytes-
#6017	NEW    cov: 4340 ft: 16938 corp: 594/93Kb lim: 1596 exec/s: 0 rss: 138Mb L: 69/1596 MS: 5 ChangeASCIIInt-CrossOver-ManualDict-ChangeByte-CMP- DE: "\360\237\230\200"-"\000\000\252\252\330R\335\300"-
#6053	REDUCE cov: 4340 ft: 16938 corp: 594/93Kb lim: 1596 exec/s: 0 rss: 139Mb L: 48/1596 MS: 1 EraseBytes-
#6100	NEW    cov: 4345 ft: 16943 corp: 595/93Kb lim: 1596 exec/s: 0 rss: 139Mb L: 50/1596 MS: 2 ChangeASCIIInt-InsertByte-
#6129	NEW    cov: 4358 ft: 16960 corp: 596/93Kb lim: 1596 exec/s: 0 rss: 139Mb L: 30/1596 MS: 4 ChangeBit-PersAutoDict-ChangeASCIIInt-ChangeASCIIInt- DE: "]"-
#6142	REDUCE cov: 4358 ft: 16960 corp: 596/93Kb lim: 1596 exec/s: 0 rss: 139Mb L: 62/1596 MS: 3 ChangeASCIIInt-ChangeBinInt-EraseBytes-
#6159	REDUCE cov: 4358 ft: 16960 corp: 596/93Kb lim: 1596 exec/s: 0 rss: 139Mb L: 260/1596 MS: 2 ChangeBinInt-EraseBytes-
#6190	REDUCE cov: 4358 ft: 16960 corp: 596/93Kb lim: 1596 exec/s: 0 rss: 140Mb L: 101/1596 MS: 1 EraseBytes-
#6200	NEW    cov: 4358 ft: 16966 corp: 597/93Kb lim: 1596 exec/s: 0 rss: 140Mb L: 441/1596 MS: 5 ManualDict-ChangeASCIIInt-ChangeBinInt-ChangeASCIIInt-CrossOver- DE: "null"-
#6206	REDUCE cov: 4358 ft: 16966 corp: 597/93Kb lim: 1596 exec/s: 0 rss: 140Mb L: 63/1596 MS: 1 EraseBytes-
#6218	NEW    cov: 4368 ft: 16977 corp: 598/93Kb lim: 1596 exec/s: 0 rss: 140Mb L: 53/1596 MS: 2 CrossOver-ManualDict- DE: "\"firstSeenAt\":"-
#6240	REDUCE cov: 4368 ft: 16977 corp: 598/93Kb lim: 1596 exec/s: 0 rss: 140Mb L: 19/1596 MS: 2 ChangeBit-EraseBytes-
#6259	NEW    cov: 4377 ft: 16986 corp: 599/93Kb lim: 1596 exec/s: 0 rss: 140Mb L: 87/1596 MS: 4 ManualDict-ShuffleBytes-ChangeBit-ShuffleBytes- DE: "\"rev\":"-
#6265	NEW    cov: 4378 ft: 16988 corp: 600/94Kb lim: 1596 exec/s: 0 rss: 141Mb L: 758/1596 MS: 1 CMP- DE: "k54"-
#6271	NEW    cov: 4379 ft: 16989 corp: 601/94Kb lim: 1596 exec/s: 0 rss: 141Mb L: 63/1596 MS: 1 PersAutoDict- DE: "\360\273\277\000"-
#6283	NEW    cov: 4379 ft: 16990 corp: 602/94Kb lim: 1596 exec/s: 0 rss: 141Mb L: 25/1596 MS: 2 ChangeASCIIInt-ManualDict- DE: "1.5"-
#6287	REDUCE cov: 4379 ft: 16990 corp: 602/94Kb lim: 1596 exec/s: 0 rss: 141Mb L: 92/1596 MS: 4 ChangeBit-CopyPart-ChangeASCIIInt-EraseBytes-
#6295	NEW    cov: 4379 ft: 16992 corp: 603/94Kb lim: 1596 exec/s: 0 rss: 141Mb L: 10/1596 MS: 3 ChangeASCIIInt-ChangeByte-InsertByte-
#6297	NEW    cov: 4379 ft: 16997 corp: 604/95Kb lim: 1596 exec/s: 0 rss: 141Mb L: 1596/1596 MS: 2 CopyPart-ManualDict- DE: "\\u00e9"-
#6298	NEW    cov: 4379 ft: 16999 corp: 605/96Kb lim: 1596 exec/s: 0 rss: 142Mb L: 244/1596 MS: 1 InsertRepeatedBytes-
#6303	NEW    cov: 4379 ft: 17000 corp: 606/96Kb lim: 1596 exec/s: 0 rss: 142Mb L: 80/1596 MS: 5 ChangeASCIIInt-InsertByte-InsertRepeatedBytes-ShuffleBytes-ChangeBit-
#6310	NEW    cov: 4379 ft: 17049 corp: 607/96Kb lim: 1596 exec/s: 0 rss: 142Mb L: 98/1596 MS: 2 CopyPart-InsertRepeatedBytes-
#6361	NEW    cov: 4411 ft: 17105 corp: 608/96Kb lim: 1596 exec/s: 0 rss: 142Mb L: 250/1596 MS: 1 InsertRepeatedBytes-
#6398	NEW    cov: 4411 ft: 17109 corp: 609/96Kb lim: 1596 exec/s: 0 rss: 143Mb L: 119/1596 MS: 2 PersAutoDict-CrossOver- DE: "\020\000\000\000\000\000\000\000"-
#6444	REDUCE cov: 4411 ft: 17109 corp: 609/95Kb lim: 1596 exec/s: 0 rss: 143Mb L: 388/1596 MS: 1 CrossOver-
#6445	NEW    cov: 4411 ft: 17110 corp: 610/95Kb lim: 1596 exec/s: 0 rss: 143Mb L: 59/1596 MS: 1 InsertByte-
#6465	NEW    cov: 4411 ft: 17237 corp: 611/95Kb lim: 1596 exec/s: 0 rss: 144Mb L: 133/1596 MS: 5 ChangeASCIIInt-ChangeASCIIInt-ManualDict-ChangeASCIIInt-EraseBytes- DE: "\346\227\245"-
#6492	NEW    cov: 4411 ft: 17277 corp: 612/96Kb lim: 1596 exec/s: 0 rss: 144Mb L: 52/1596 MS: 2 CopyPart-ShuffleBytes-
#6493	NEW    cov: 4411 ft: 17278 corp: 613/96Kb lim: 1596 exec/s: 0 rss: 144Mb L: 35/1596 MS: 1 EraseBytes-
#6499	NEW    cov: 4411 ft: 17279 corp: 614/96Kb lim: 1596 exec/s: 0 rss: 144Mb L: 168/1596 MS: 1 ChangeBinInt-
#6500	NEW    cov: 4411 ft: 17290 corp: 615/96Kb lim: 1596 exec/s: 0 rss: 145Mb L: 15/1596 MS: 1 EraseBytes-
#6513	NEW    cov: 4419 ft: 17301 corp: 616/96Kb lim: 1596 exec/s: 0 rss: 145Mb L: 12/1596 MS: 3 ChangeBit-PersAutoDict-EraseBytes- DE: ":"-
#6569	NEW    cov: 4432 ft: 17314 corp: 617/96Kb lim: 1596 exec/s: 0 rss: 145Mb L: 39/1596 MS: 1 ChangeASCIIInt-
#6665	REDUCE cov: 4432 ft: 17314 corp: 617/96Kb lim: 1596 exec/s: 0 rss: 146Mb L: 12/1596 MS: 1 EraseBytes-
#6686	REDUCE cov: 4432 ft: 17314 corp: 617/96Kb lim: 1596 exec/s: 0 rss: 146Mb L: 237/1596 MS: 1 EraseBytes-
#6698	NEW    cov: 4435 ft: 17328 corp: 618/96Kb lim: 1596 exec/s: 0 rss: 146Mb L: 77/1596 MS: 2 ShuffleBytes-ManualDict- DE: "\\u00e9"-
#6708	NEW    cov: 4435 ft: 17331 corp: 619/96Kb lim: 1596 exec/s: 0 rss: 147Mb L: 50/1596 MS: 5 CopyPart-ManualDict-CopyPart-EraseBytes-CrossOver- DE: "]"-
#6711	NEW    cov: 4437 ft: 17333 corp: 620/96Kb lim: 1596 exec/s: 0 rss: 147Mb L: 108/1596 MS: 3 InsertByte-ChangeBit-ChangeByte-
#6730	NEW    cov: 4438 ft: 17334 corp: 621/96Kb lim: 1596 exec/s: 0 rss: 147Mb L: 71/1596 MS: 4 ChangeBit-ChangeASCIIInt-ShuffleBytes-ChangeBinInt-
#6736	NEW    cov: 4438 ft: 17339 corp: 622/96Kb lim: 1596 exec/s: 0 rss: 147Mb L: 89/1596 MS: 1 CMP- DE: "\000\000\000\006"-
#6747	REDUCE cov: 4438 ft: 17339 corp: 622/96Kb lim: 1596 exec/s: 0 rss: 147Mb L: 30/1596 MS: 1 EraseBytes-
#6763	NEW    cov: 4438 ft: 17340 corp: 623/96Kb lim: 1596 exec/s: 0 rss: 147Mb L: 46/1596 MS: 1 PersAutoDict- DE: "\000\000\000\000\000\000\000\000"-
#6775	REDUCE cov: 4438 ft: 17340 corp: 623/96Kb lim: 1596 exec/s: 0 rss: 147Mb L: 54/1596 MS: 2 ManualDict-EraseBytes- DE: ","-
#6782	NEW    cov: 4438 ft: 17359 corp: 624/96Kb lim: 1596 exec/s: 0 rss: 147Mb L: 9/1596 MS: 2 ChangeASCIIInt-EraseBytes-
#6825	NEW    cov: 4438 ft: 17366 corp: 625/96Kb lim: 1596 exec/s: 0 rss: 148Mb L: 20/1596 MS: 3 ManualDict-PersAutoDict-EraseBytes- DE: "}"-"9223372036854775807"-
#6847	REDUCE cov: 4438 ft: 17366 corp: 625/96Kb lim: 1596 exec/s: 0 rss: 148Mb L: 183/1596 MS: 2 CMP-EraseBytes- DE: "\377\377\377\011"-
#6856	REDUCE cov: 4438 ft: 17366 corp: 625/96Kb lim: 1596 exec/s: 0 rss: 148Mb L: 285/1596 MS: 4 PersAutoDict-InsertByte-ChangeBinInt-EraseBytes- DE: "\""-
#6908	NEW    cov: 4438 ft: 17372 corp: 626/96Kb lim: 1596 exec/s: 0 rss: 148Mb L: 46/1596 MS: 2 InsertByte-InsertRepeatedBytes-
#7004	REDUCE cov: 4438 ft: 17372 corp: 626/96Kb lim: 1596 exec/s: 0 rss: 149Mb L: 51/1596 MS: 1 EraseBytes-
#7011	REDUCE cov: 4438 ft: 17372 corp: 626/96Kb lim: 1596 exec/s: 0 rss: 149Mb L: 104/1596 MS: 2 ShuffleBytes-EraseBytes-
#7062	NEW    cov: 4438 ft: 17373 corp: 627/96Kb lim: 1596 exec/s: 0 rss: 149Mb L: 70/1596 MS: 1 CopyPart-
#7082	NEW    cov: 4438 ft: 17382 corp: 628/96Kb lim: 1596 exec/s: 0 rss: 149Mb L: 74/1596 MS: 5 ChangeByte-ChangeBinInt-PersAutoDict-CMP-EraseBytes- DE: "1.5"-"\377\376\000\000"-
#7083	NEW    cov: 4454 ft: 17398 corp: 629/96Kb lim: 1596 exec/s: 0 rss: 149Mb L: 71/1596 MS: 1 ChangeBinInt-
#7144	REDUCE cov: 4454 ft: 17398 corp: 629/96Kb lim: 1596 exec/s: 0 rss: 150Mb L: 1/1596 MS: 1 EraseBytes-
#7184	NEW    cov: 4463 ft: 17407 corp: 630/96Kb lim: 1596 exec/s: 0 rss: 150Mb L: 59/1596 MS: 5 CrossOver-ChangeBinInt-CrossOver-ShuffleBytes-ManualDict- DE: "1700000000000"-
#7185	NEW    cov: 4463 ft: 17431 corp: 631/96Kb lim: 1596 exec/s: 0 rss: 150Mb L: 78/1596 MS: 1 EraseBytes-
#7191	NEW    cov: 4463 ft: 17432 corp: 632/97Kb lim: 1596 exec/s: 0 rss: 150Mb L: 95/1596 MS: 1 CopyPart-
#7206	NEW    cov: 4463 ft: 17435 corp: 633/97Kb lim: 1596 exec/s: 0 rss: 150Mb L: 263/1596 MS: 5 ChangeBinInt-InsertByte-CrossOver-CopyPart-PersAutoDict- DE: "\\\\"-
#7242	NEW    cov: 4463 ft: 17438 corp: 634/97Kb lim: 1596 exec/s: 0 rss: 150Mb L: 66/1596 MS: 1 InsertByte-
#7263	NEW    cov: 4463 ft: 17447 corp: 635/97Kb lim: 1596 exec/s: 0 rss: 150Mb L: 58/1596 MS: 1 EraseBytes-
#7270	NEW    cov: 4463 ft: 17452 corp: 636/97Kb lim: 1596 exec/s: 0 rss: 151Mb L: 59/1596 MS: 2 CrossOver-ManualDict- DE: "\\u0000"-
#7272	REDUCE cov: 4463 ft: 17452 corp: 636/97Kb lim: 1596 exec/s: 0 rss: 151Mb L: 85/1596 MS: 2 ManualDict-EraseBytes- DE: "\"syncedAt\":"-
#7313	NEW    cov: 4463 ft: 17456 corp: 637/97Kb lim: 1596 exec/s: 0 rss: 151Mb L: 229/1596 MS: 1 EraseBytes-
#7319	NEW    cov: 4463 ft: 17467 corp: 638/99Kb lim: 1596 exec/s: 0 rss: 151Mb L: 1596/1596 MS: 1 ChangeASCIIInt-
#7326	REDUCE cov: 4464 ft: 17470 corp: 639/99Kb lim: 1596 exec/s: 0 rss: 151Mb L: 18/1596 MS: 2 ManualDict-CopyPart- DE: "1700000000.5"-
#7342	NEW    cov: 4465 ft: 17471 corp: 640/99Kb lim: 1596 exec/s: 0 rss: 151Mb L: 12/1596 MS: 1 ShuffleBytes-
#7376	NEW    cov: 4468 ft: 17474 corp: 641/99Kb lim: 1596 exec/s: 0 rss: 152Mb L: 32/1596 MS: 4 CopyPart-PersAutoDict-ChangeByte-CrossOver- DE: ":"-
#7439	REDUCE cov: 4468 ft: 17474 corp: 641/99Kb lim: 1596 exec/s: 0 rss: 152Mb L: 592/1596 MS: 3 ShuffleBytes-ManualDict-EraseBytes- DE: "\"id\":"-
#7455	NEW    cov: 4468 ft: 17481 corp: 642/99Kb lim: 1596 exec/s: 0 rss: 152Mb L: 159/1596 MS: 1 ChangeByte-
#7511	NEW    cov: 4469 ft: 17482 corp: 643/99Kb lim: 1596 exec/s: 0 rss: 153Mb L: 84/1596 MS: 1 InsertByte-
#7513	NEW    cov: 4488 ft: 17519 corp: 644/99Kb lim: 1596 exec/s: 0 rss: 153Mb L: 195/1596 MS: 2 CopyPart-ManualDict- DE: "\\n"-
#7533	NEW    cov: 4497 ft: 17528 corp: 645/99Kb lim: 1596 exec/s: 0 rss: 153Mb L: 75/1596 MS: 5 CopyPart-ShuffleBytes-PersAutoDict-CrossOver-ManualDict- DE: "\377\377"-"1700000000000"-
#7557	NEW    cov: 4497 ft: 17529 corp: 646/99Kb lim: 1596 exec/s: 0 rss: 154Mb L: 80/1596 MS: 4 ChangeBit-ChangeBinInt-CMP-InsertByte- DE: "42"-
#7578	REDUCE cov: 4497 ft: 17529 corp: 646/99Kb lim: 1596 exec/s: 0 rss: 154Mb L: 134/1596 MS: 1 EraseBytes-
#7603	REDUCE cov: 4497 ft: 17529 corp: 646/99Kb lim: 1596 exec/s: 0 rss: 154Mb L: 135/1596 MS: 5 CopyPart-EraseBytes-EraseBytes-ChangeBinInt-CrossOver-
#7609	NEW    cov: 4497 ft: 17551 corp: 647/99Kb lim: 1596 exec/s: 0 rss: 154Mb L: 22/1596 MS: 1 EraseBytes-
#7618	REDUCE cov: 4497 ft: 17556 corp: 648/99Kb lim: 1596 exec/s: 0 rss: 155Mb L: 86/1596 MS: 4 ChangeByte-ChangeByte-EraseBytes-EraseBytes-
#7638	NEW    cov: 4497 ft: 17563 corp: 649/99Kb lim: 1596 exec/s: 0 rss: 155Mb L: 108/1596 MS: 5 ShuffleBytes-ChangeByte-ShuffleBytes-InsertRepeatedBytes-ShuffleBytes-
#7648	NEW    cov: 4504 ft: 17570 corp: 650/99Kb lim: 1596 exec/s: 0 rss: 155Mb L: 37/1596 MS: 5 ShuffleBytes-CrossOver-ChangeASCIIInt-ShuffleBytes-InsertByte-
#7664	NEW    cov: 4504 ft: 17571 corp: 651/99Kb lim: 1596 exec/s: 0 rss: 155Mb L: 39/1596 MS: 1 CopyPart-
#7686	REDUCE cov: 4504 ft: 17571 corp: 651/99Kb lim: 1596 exec/s: 0 rss: 155Mb L: 91/1596 MS: 2 PersAutoDict-EraseBytes- DE: "23"-
#7697	NEW    cov: 4505 ft: 17572 corp: 652/100Kb lim: 1596 exec/s: 0 rss: 155Mb L: 84/1596 MS: 1 ChangeByte-
#7700	NEW    cov: 4505 ft: 17576 corp: 653/100Kb lim: 1596 exec/s: 0 rss: 155Mb L: 258/1596 MS: 3 CMP-CrossOver-CopyPart- DE: "\013\000\000\000\000\000\000\000"-
#7706	NEW    cov: 4510 ft: 17583 corp: 654/100Kb lim: 1596 exec/s: 0 rss: 155Mb L: 104/1596 MS: 1 PersAutoDict- DE: "\\u0000"-
#7707	NEW    cov: 4510 ft: 17584 corp: 655/100Kb lim: 1596 exec/s: 0 rss: 156Mb L: 37/1596 MS: 1 ChangeByte-
#7719	NEW    cov: 4510 ft: 17593 corp: 656/100Kb lim: 1596 exec/s: 0 rss: 156Mb L: 226/1596 MS: 2 InsertRepeatedBytes-EraseBytes-
#7745	NEW    cov: 4510 ft: 17598 corp: 657/100Kb lim: 1596 exec/s: 0 rss: 156Mb L: 90/1596 MS: 1 InsertByte-
#7783	REDUCE cov: 4510 ft: 17598 corp: 657/100Kb lim: 1596 exec/s: 0 rss: 156Mb L: 37/1596 MS: 3 ChangeByte-ShuffleBytes-EraseBytes-
#7796	REDUCE cov: 4510 ft: 17598 corp: 657/100Kb lim: 1596 exec/s: 0 rss: 156Mb L: 50/1596 MS: 3 PersAutoDict-InsertRepeatedBytes-EraseBytes- DE: "{}"-
#7802	REDUCE cov: 4510 ft: 17601 corp: 658/100Kb lim: 1596 exec/s: 0 rss: 156Mb L: 237/1596 MS: 1 CMP- DE: "\\\241\321\250/\374\000\000"-
#7803	REDUCE cov: 4510 ft: 17601 corp: 658/100Kb lim: 1596 exec/s: 0 rss: 156Mb L: 46/1596 MS: 1 EraseBytes-
#8035	NEW    cov: 4528 ft: 17628 corp: 659/100Kb lim: 1596 exec/s: 2008 rss: 173Mb L: 70/1596 MS: 1 EraseBytes-
#8081	NEW    cov: 4528 ft: 17629 corp: 660/101Kb lim: 1596 exec/s: 2020 rss: 174Mb L: 103/1596 MS: 1 InsertRepeatedBytes-
#8126	NEW    cov: 4528 ft: 17630 corp: 661/101Kb lim: 1596 exec/s: 2031 rss: 175Mb L: 322/1596 MS: 5 ChangeBit-CMP-InsertByte-CMP-CrossOver- DE: "29"-"\377\017"-
#8159	NEW    cov: 4529 ft: 17631 corp: 662/101Kb lim: 1596 exec/s: 2039 rss: 175Mb L: 9/1596 MS: 3 ManualDict-ChangeBinInt-ChangeBinInt- DE: ","-
#8180	NEW    cov: 4548 ft: 17650 corp: 663/101Kb lim: 1596 exec/s: 2045 rss: 175Mb L: 9/1596 MS: 1 ShuffleBytes-
#8188	NEW    cov: 4548 ft: 17651 corp: 664/101Kb lim: 1596 exec/s: 2047 rss: 175Mb L: 34/1596 MS: 3 ChangeBit-ChangeBinInt-CMP- DE: "31"-
#8192	pulse  cov: 4548 ft: 17651 corp: 664/101Kb lim: 1596 exec/s: 2048 rss: 175Mb
#8206	NEW    cov: 4548 ft: 17658 corp: 665/101Kb lim: 1596 exec/s: 2051 rss: 175Mb L: 69/1596 MS: 3 InsertByte-InsertByte-PersAutoDict- DE: "updat]dAt"-
#8229	REDUCE cov: 4548 ft: 17658 corp: 665/101Kb lim: 1596 exec/s: 2057 rss: 176Mb L: 35/1596 MS: 3 PersAutoDict-ManualDict-EraseBytes- DE: "22"-"null"-
#8238	NEW    cov: 4548 ft: 17659 corp: 666/101Kb lim: 1596 exec/s: 2059 rss: 176Mb L: 32/1596 MS: 4 ChangeASCIIInt-PersAutoDict-ChangeBit-CopyPart- DE: "\"rev\":"-
#8242	NEW    cov: 4561 ft: 17672 corp: 667/101Kb lim: 1596 exec/s: 2060 rss: 176Mb L: 26/1596 MS: 4 InsertByte-ChangeBinInt-CopyPart-ChangeASCIIInt-
#8243	REDUCE cov: 4561 ft: 17672 corp: 667/101Kb lim: 1596 exec/s: 2060 rss: 176Mb L: 20/1596 MS: 1 EraseBytes-
	NEW_FUNC[1/1]: 0xaaaad850e61c in bigint_set_buf /work/src/yyjson.c:3723
#8270	NEW    cov: 4630 ft: 17755 corp: 668/101Kb lim: 1596 exec/s: 2067 rss: 177Mb L: 23/1596 MS: 2 ChangeBit-ManualDict- DE: "1700000000.5"-
#8289	NEW    cov: 4639 ft: 17764 corp: 669/101Kb lim: 1596 exec/s: 2072 rss: 177Mb L: 124/1596 MS: 4 ChangeByte-ManualDict-ManualDict-CrossOver- DE: "\"key\":"-"1700000000000"-
#8332	NEW    cov: 4640 ft: 17765 corp: 670/101Kb lim: 1596 exec/s: 2083 rss: 177Mb L: 103/1596 MS: 3 ShuffleBytes-InsertByte-ManualDict- DE: "\\ud83d"-
#8338	NEW    cov: 4640 ft: 17780 corp: 671/101Kb lim: 1596 exec/s: 2084 rss: 177Mb L: 67/1596 MS: 1 ChangeBinInt-
#8346	NEW    cov: 4640 ft: 17781 corp: 672/101Kb lim: 1596 exec/s: 2086 rss: 177Mb L: 136/1596 MS: 3 CopyPart-CMP-EraseBytes- DE: "\377\377\377\377"-
#8387	NEW    cov: 4641 ft: 17784 corp: 673/102Kb lim: 1596 exec/s: 2096 rss: 177Mb L: 75/1596 MS: 1 CopyPart-
#8423	NEW    cov: 4669 ft: 17818 corp: 674/102Kb lim: 1596 exec/s: 2105 rss: 178Mb L: 35/1596 MS: 1 ChangeBit-
#8450	REDUCE cov: 4669 ft: 17818 corp: 674/102Kb lim: 1596 exec/s: 2112 rss: 178Mb L: 93/1596 MS: 2 ChangeASCIIInt-EraseBytes-
#8457	NEW    cov: 4669 ft: 17819 corp: 675/103Kb lim: 1596 exec/s: 2114 rss: 178Mb L: 1596/1596 MS: 2 ManualDict-ChangeBit- DE: "false"-
#8460	NEW    cov: 4670 ft: 17830 corp: 676/103Kb lim: 1596 exec/s: 2115 rss: 179Mb L: 49/1596 MS: 3 CopyPart-ChangeByte-CrossOver-
#8471	NEW    cov: 4683 ft: 17845 corp: 677/104Kb lim: 1596 exec/s: 2117 rss: 179Mb L: 768/1596 MS: 1 InsertRepeatedBytes-
#8478	NEW    cov: 4684 ft: 17846 corp: 678/104Kb lim: 1596 exec/s: 2119 rss: 179Mb L: 67/1596 MS: 2 ChangeBit-ShuffleBytes-
#8491	REDUCE cov: 4684 ft: 17846 corp: 678/104Kb lim: 1596 exec/s: 2122 rss: 179Mb L: 100/1596 MS: 3 InsertByte-ShuffleBytes-EraseBytes-
#8501	REDUCE cov: 4684 ft: 17848 corp: 679/104Kb lim: 1596 exec/s: 2125 rss: 179Mb L: 227/1596 MS: 5 EraseBytes-EraseBytes-EraseBytes-ChangeBit-PersAutoDict- DE: "\\ud83d"-
#8508	NEW    cov: 4684 ft: 17849 corp: 680/104Kb lim: 1596 exec/s: 2127 rss: 179Mb L: 71/1596 MS: 2 CopyPart-EraseBytes-
#8514	NEW    cov: 4684 ft: 17851 corp: 681/104Kb lim: 1596 exec/s: 2128 rss: 179Mb L: 37/1596 MS: 1 EraseBytes-
#8563	NEW    cov: 4684 ft: 17861 corp: 682/104Kb lim: 1596 exec/s: 2140 rss: 180Mb L: 41/1596 MS: 4 ChangeASCIIInt-InsertByte-ChangeBit-PersAutoDict- DE: "\"firstSeenAt\":"-
#8594	NEW    cov: 4684 ft: 17873 corp: 683/104Kb lim: 1596 exec/s: 2148 rss: 180Mb L: 20/1596 MS: 1 EraseBytes-
#8607	NEW    cov: 4685 ft: 17874 corp: 684/104Kb lim: 1596 exec/s: 2151 rss: 180Mb L: 90/1596 MS: 3 InsertByte-ChangeBit-InsertRepeatedBytes-
#8643	NEW    cov: 4685 ft: 17877 corp: 685/104Kb lim: 1596 exec/s: 2160 rss: 180Mb L: 135/1596 MS: 1 CopyPart-
#8664	NEW    cov: 4694 ft: 17886 corp: 686/105Kb lim: 1596 exec/s: 2166 rss: 180Mb L: 98/1596 MS: 1 ManualDict- DE: "-9223372036854775808"-
#8665	NEW    cov: 4694 ft: 17889 corp: 687/105Kb lim: 1596 exec/s: 2166 rss: 181Mb L: 74/1596 MS: 1 ChangeBit-
#8726	NEW    cov: 4694 ft: 17890 corp: 688/105Kb lim: 1596 exec/s: 2181 rss: 181Mb L: 14/1596 MS: 1 EraseBytes-
#8803	NEW    cov: 4695 ft: 17898 corp: 689/105Kb lim: 1596 exec/s: 2200 rss: 181Mb L: 115/1596 MS: 2 ChangeBinInt-InsertRepeatedBytes-
#8804	NEW    cov: 4695 ft: 17899 corp: 690/105Kb lim: 1596 exec/s: 2201 rss: 181Mb L: 71/1596 MS: 1 ChangeBinInt-
#8805	REDUCE cov: 4695 ft: 17899 corp: 690/105Kb lim: 1596 exec/s: 2201 rss: 181Mb L: 21/1596 MS: 1 EraseBytes-
#8833	NEW    cov: 4695 ft: 17900 corp: 691/105Kb lim: 1596 exec/s: 2208 rss: 182Mb L: 71/1596 MS: 3 ChangeBinInt-ChangeBinInt-ManualDict- DE: "1700000000.5"-
#8855	REDUCE cov: 4714 ft: 17920 corp: 692/105Kb lim: 1596 exec/s: 2213 rss: 182Mb L: 63/1596 MS: 2 InsertByte-EraseBytes-
#8877	NEW    cov: 4720 ft: 17932 corp: 693/105Kb lim: 1596 exec/s: 2219 rss: 182Mb L: 80/1596 MS: 2 ChangeBinInt-ManualDict- DE: "1e309"-
#8953	NEW    cov: 4720 ft: 17941 corp: 694/105Kb lim: 1596 exec/s: 2238 rss: 182Mb L: 163/1596 MS: 1 CrossOver-
#8972	NEW    cov: 4729 ft: 17950 corp: 695/105Kb lim: 1596 exec/s: 2243 rss: 183Mb L: 245/1596 MS: 4 ChangeBit-CrossOver-ShuffleBytes-CrossOver-
#8974	REDUCE cov: 4729 ft: 17950 corp: 695/105Kb lim: 1596 exec/s: 2243 rss: 183Mb L: 730/1596 MS: 2 CrossOver-EraseBytes-
#8980	NEW    cov: 4729 ft: 17954 corp: 696/106Kb lim: 1596 exec/s: 2245 rss: 183Mb L: 1596/1596 MS: 1 PersAutoDict- DE: "null"-
#8988	NEW    cov: 4729 ft: 17955 corp: 697/106Kb lim: 1596 exec/s: 2247 rss: 183Mb L: 13/1596 MS: 3 InsertByte-ChangeBinInt-ChangeBinInt-
#9014	NEW    cov: 4729 ft: 17978 corp: 698/107Kb lim: 1596 exec/s: 2253 rss: 183Mb L: 160/1596 MS: 1 ChangeByte-
#9151	NEW    cov: 4729 ft: 17979 corp: 699/107Kb lim: 1596 exec/s: 2287 rss: 184Mb L: 164/1596 MS: 2 InsertRepeatedBytes-CopyPart-
#9167	NEW    cov: 4735 ft: 17985 corp: 700/107Kb lim: 1596 exec/s: 2291 rss: 184Mb L: 29/1596 MS: 1 ChangeBinInt-
#9177	REDUCE cov: 4736 ft: 17986 corp: 701/107Kb lim: 1596 exec/s: 2294 rss: 184Mb L: 30/1596 MS: 5 InsertByte-CMP-CopyPart-PersAutoDict-ShuffleBytes- DE: "k19"-"\001\006"-
#9198	NEW    cov: 4736 ft: 17987 corp: 702/107Kb lim: 1596 exec/s: 2299 rss: 184Mb L: 26/1596 MS: 1 InsertByte-
#9230	REDUCE cov: 4736 ft: 17987 corp: 702/107Kb lim: 1596 exec/s: 2307 rss: 185Mb L: 64/1596 MS: 2 ManualDict-EraseBytes- DE: "\"id\":\"1\""-
#9252	NEW    cov: 4736 ft: 17988 corp: 703/107Kb lim: 1596 exec/s: 2313 rss: 185Mb L: 130/1596 MS: 2 ShuffleBytes-CopyPart-
#9256	REDUCE cov: 4736 ft: 17988 corp: 703/107Kb lim: 1596 exec/s: 2314 rss: 185Mb L: 91/1596 MS: 4 ChangeBinInt-ChangeBit-ChangeByte-EraseBytes-
#9268	NEW    cov: 4736 ft: 17989 corp: 704/107Kb lim: 1596 exec/s: 2317 rss: 185Mb L: 227/1596 MS: 2 CrossOver-EraseBytes-
#9299	REDUCE cov: 4736 ft: 17989 corp: 704/107Kb lim: 1596 exec/s: 2324 rss: 185Mb L: 9/1596 MS: 1 EraseBytes-
#9356	NEW    cov: 4736 ft: 17994 corp: 705/107Kb lim: 1596 exec/s: 2339 rss: 186Mb L: 25/1596 MS: 2 ManualDict-EraseBytes- DE: "\"id\":"-
#9369	NEW    cov: 4745 ft: 18023 corp: 706/107Kb lim: 1596 exec/s: 2342 rss: 186Mb L: 161/1596 MS: 3 CrossOver-InsertRepeatedBytes-PersAutoDict- DE: "\"2024-01-15T10:30:00.123456Z\""-
#9375	NEW    cov: 4746 ft: 18030 corp: 707/108Kb lim: 1596 exec/s: 2343 rss: 186Mb L: 162/1596 MS: 1 ManualDict- DE: "\346\227\245"-
#9398	NEW    cov: 4746 ft: 18039 corp: 708/108Kb lim: 1596 exec/s: 2349 rss: 186Mb L: 67/1596 MS: 3 PersAutoDict-CopyPart-ShuffleBytes- DE: "null"-
#9415	REDUCE cov: 4746 ft: 18039 corp: 708/108Kb lim: 1596 exec/s: 2353 rss: 186Mb L: 31/1596 MS: 2 ManualDict-EraseBytes- DE: "1.5"-
#9455	NEW    cov: 4762 ft: 18071 corp: 709/108Kb lim: 1596 exec/s: 2363 rss: 187Mb L: 46/1596 MS: 5 InsertRepeatedBytes-InsertByte-ChangeByte-EraseBytes-ManualDict- DE: "\\u00e9"-
#9459	NEW    cov: 4781 ft: 18114 corp: 710/108Kb lim: 1596 exec/s: 2364 rss: 187Mb L: 28/1596 MS: 4 ChangeByte-ManualDict-ShuffleBytes-EraseBytes- DE: "\036"-
#9491	NEW    cov: 4781 ft: 18123 corp: 711/108Kb lim: 1596 exec/s: 2372 rss: 187Mb L: 65/1596 MS: 2 CrossOver-InsertByte-
#9498	NEW    cov: 4781 ft: 18128 corp: 712/108Kb lim: 1596 exec/s: 2374 rss: 187Mb L: 35/1596 MS: 2 ChangeBinInt-ChangeByte-
#9531	NEW    cov: 4781 ft: 18133 corp: 713/108Kb lim: 1596 exec/s: 2382 rss: 188Mb L: 72/1596 MS: 3 ChangeBinInt-InsertRepeatedBytes-CopyPart-
#9598	NEW    cov: 4790 ft: 18142 corp: 714/108Kb lim: 1596 exec/s: 2399 rss: 188Mb L: 16/1596 MS: 2 ChangeByte-ChangeByte-
#9614	REDUCE cov: 4790 ft: 18142 corp: 714/108Kb lim: 1596 exec/s: 2403 rss: 188Mb L: 1348/1596 MS: 1 EraseBytes-
#9621	NEW    cov: 4790 ft: 18147 corp: 715/108Kb lim: 1596 exec/s: 2405 rss: 188Mb L: 228/1596 MS: 2 InsertByte-CopyPart-
#9622	REDUCE cov: 4790 ft: 18147 corp: 715/108Kb lim: 1596 exec/s: 2405 rss: 189Mb L: 69/1596 MS: 1 EraseBytes-
#9628	REDUCE cov: 4790 ft: 18147 corp: 715/108Kb lim: 1596 exec/s: 2407 rss: 189Mb L: 83/1596 MS: 1 EraseBytes-
#9629	REDUCE cov: 4790 ft: 18147 corp: 715/108Kb lim: 1596 exec/s: 2407 rss: 189Mb L: 68/1596 MS: 1 EraseBytes-
#9645	REDUCE cov: 4790 ft: 18147 corp: 715/108Kb lim: 1596 exec/s: 2411 rss: 189Mb L: 33/1596 MS: 1 EraseBytes-
#9665	REDUCE cov: 4790 ft: 18147 corp: 715/108Kb lim: 1596 exec/s: 2416 rss: 189Mb L: 180/1596 MS: 5 ChangeBit-ChangeASCIIInt-ChangeByte-ShuffleBytes-EraseBytes-
#9686	NEW    cov: 4790 ft: 18149 corp: 716/109Kb lim: 1596 exec/s: 2421 rss: 190Mb L: 1596/1596 MS: 1 ChangeBinInt-
#9693	NEW    cov: 4790 ft: 18155 corp: 717/109Kb lim: 1596 exec/s: 2423 rss: 190Mb L: 71/1596 MS: 2 PersAutoDict-ManualDict- DE: "22"-"\303\251"-
#9703	NEW    cov: 4791 ft: 18156 corp: 718/109Kb lim: 1596 exec/s: 2425 rss: 190Mb L: 32/1596 MS: 5 ManualDict-ChangeASCIIInt-CMP-InsertByte-EraseBytes- DE: "\"2024-01-15T10:30:00.123456Z\""-"[1"-
#9704	REDUCE cov: 4791 ft: 18156 corp: 718/109Kb lim: 1596 exec/s: 2426 rss: 190Mb L: 24/1596 MS: 1 EraseBytes-
#9721	NEW    cov: 4791 ft: 18165 corp: 719/109Kb lim: 1596 exec/s: 2430 rss: 190Mb L: 61/1596 MS: 2 ManualDict-ChangeASCIIInt- DE: "{\"id\":1,\"updatedAt\":2,\"createdAt\":1}"-
#9742	NEW    cov: 4791 ft: 18170 corp: 720/110Kb lim: 1596 exec/s: 2435 rss: 190Mb L: 80/1596 MS: 1 ManualDict- DE: "-9223372036854775808"-
#9774	NEW    cov: 4792 ft: 18171 corp: 721/110Kb lim: 1596 exec/s: 2443 rss: 191Mb L: 125/1596 MS: 2 ManualDict-InsertRepeatedBytes- DE: "{\"a\":"-
#9775	NEW    cov: 4792 ft: 18180 corp: 722/110Kb lim: 1596 exec/s: 2443 rss: 191Mb L: 33/1596 MS: 1 ManualDict- DE: "\"updatedAt\":"-
#9822	NEW    cov: 4792 ft: 18185 corp: 723/110Kb lim: 1596 exec/s: 2455 rss: 191Mb L: 54/1596 MS: 2 InsertByte-CrossOver-
#9825	NEW    cov: 4792 ft: 18186 corp: 724/110Kb lim: 1596 exec/s: 2456 rss: 191Mb L: 168/1596 MS: 3 CMP-CrossOver-InsertRepeatedBytes- DE: "n\001"-
#9841	NEW    cov: 4792 ft: 18195 corp: 725/110Kb lim: 1596 exec/s: 2460 rss: 191Mb L: 18/1596 MS: 1 CMP- DE: ";\000"-
#9912	NEW    cov: 4792 ft: 18200 corp: 726/110Kb lim: 1596 exec/s: 2478 rss: 192Mb L: 34/1596 MS: 1 ManualDict- DE: "1.5"-
#10089	REDUCE cov: 4792 ft: 18200 corp: 726/110Kb lim: 1596 exec/s: 2522 rss: 193Mb L: 44/1596 MS: 2 CMP-EraseBytes- DE: "upda.edAt"-
#10168	REDUCE cov: 4792 ft: 18200 corp: 726/110Kb lim: 1596 exec/s: 2542 rss: 193Mb L: 670/1596 MS: 4 ChangeBit-ChangeBinInt-EraseBytes-CrossOver-
#10177	NEW    cov: 4796 ft: 18204 corp: 727/110Kb lim: 1596 exec/s: 2544 rss: 193Mb L: 150/1596 MS: 4 ShuffleBytes-ChangeBit-ChangeBinInt-InsertRepeatedBytes-
#10184	NEW    cov: 4797 ft: 18210 corp: 728/110Kb lim: 1596 exec/s: 2546 rss: 193Mb L: 134/1596 MS: 2 ManualDict-CrossOver- DE: "\"id\":\"a1b2c3d4\""-
#10186	NEW    cov: 4806 ft: 18219 corp: 729/110Kb lim: 1596 exec/s: 2546 rss: 194Mb L: 25/1596 MS: 2 ChangeBit-CopyPart-
#10198	REDUCE cov: 4806 ft: 18219 corp: 729/110Kb lim: 1596 exec/s: 2549 rss: 194Mb L: 70/1596 MS: 2 ChangeByte-EraseBytes-
#10209	NEW    cov: 4806 ft: 18220 corp: 730/110Kb lim: 1596 exec/s: 2552 rss: 194Mb L: 27/1596 MS: 1 CrossOver-
#10214	NEW    cov: 4813 ft: 18248 corp: 731/110Kb lim: 1596 exec/s: 2553 rss: 194Mb L: 343/1596 MS: 5 PersAutoDict-ChangeByte-ManualDict-ChangeASCIIInt-EraseBytes- DE: "\360\273\277\000"-"}"-
#10223	NEW    cov: 4815 ft: 18252 corp: 732/110Kb lim: 1596 exec/s: 2555 rss: 194Mb L: 219/1596 MS: 4 CrossOver-CopyPart-CrossOver-ManualDict- DE: "-9223372036854775808"-
#10243	NEW    cov: 4817 ft: 18254 corp: 733/110Kb lim: 1596 exec/s: 2560 rss: 194Mb L: 63/1596 MS: 5 ChangeByte-InsertByte-InsertByte-ManualDict-PersAutoDict- DE: "007"-"n2u"-
#10359	REDUCE cov: 4817 ft: 18257 corp: 734/111Kb lim: 1596 exec/s: 2589 rss: 195Mb L: 238/1596 MS: 1 InsertByte-
#10401	REDUCE cov: 4817 ft: 18257 corp: 734/111Kb lim: 1596 exec/s: 2600 rss: 195Mb L: 1255/1596 MS: 2 ChangeASCIIInt-EraseBytes-
#10436	NEW    cov: 4817 ft: 18259 corp: 735/111Kb lim: 1596 exec/s: 2609 rss: 195Mb L: 46/1596 MS: 5 CrossOver-CopyPart-ChangeByte-ChangeByte-EraseBytes-
#10443	NEW    cov: 4822 ft: 18264 corp: 736/111Kb lim: 1596 exec/s: 2610 rss: 196Mb L: 92/1596 MS: 2 CMP-ChangeASCIIInt- DE: "u0"-
#10461	NEW    cov: 4822 ft: 18273 corp: 737/111Kb lim: 1596 exec/s: 2615 rss: 196Mb L: 21/1596 MS: 3 ChangeByte-ChangeASCIIInt-ChangeBit-
#10479	NEW    cov: 4822 ft: 18282 corp: 738/111Kb lim: 1596 exec/s: 2619 rss: 196Mb L: 147/1596 MS: 3 ChangeBinInt-ChangeByte-CrossOver-
#10480	NEW    cov: 4822 ft: 18283 corp: 739/111Kb lim: 1596 exec/s: 2620 rss: 196Mb L: 95/1596 MS: 1 ChangeBit-
#10483	NEW    cov: 4822 ft: 18284 corp: 740/111Kb lim: 1596 exec/s: 2620 rss: 196Mb L: 70/1596 MS: 3 ChangeASCIIInt-EraseBytes-CopyPart-
#10484	NEW    cov: 4822 ft: 18285 corp: 741/111Kb lim: 1596 exec/s: 2621 rss: 196Mb L: 96/1596 MS: 1 ManualDict- DE: "\\ud83d\\ude00"-
#10530	NEW    cov: 4825 ft: 18288 corp: 742/111Kb lim: 1596 exec/s: 2632 rss: 197Mb L: 66/1596 MS: 1 ManualDict- DE: "1e309"-
#10573	REDUCE cov: 4825 ft: 18288 corp: 742/111Kb lim: 1596 exec/s: 2643 rss: 197Mb L: 570/1596 MS: 3 InsertRepeatedBytes-ChangeBinInt-EraseBytes-
#10699	NEW    cov: 4842 ft: 18305 corp: 743/111Kb lim: 1596 exec/s: 2674 rss: 198Mb L: 15/1596 MS: 1 ChangeBinInt-
#10705	REDUCE cov: 4842 ft: 18305 corp: 743/111Kb lim: 1596 exec/s: 2676 rss: 198Mb L: 451/1596 MS: 1 EraseBytes-
#10746	NEW    cov: 4847 ft: 18327 corp: 744/111Kb lim: 1596 exec/s: 2686 rss: 198Mb L: 32/1596 MS: 1 ManualDict- DE: "\"syncedAt\":"-
#10758	REDUCE cov: 4847 ft: 18327 corp: 744/111Kb lim: 1596 exec/s: 2689 rss: 199Mb L: 65/1596 MS: 2 CrossOver-EraseBytes-
#10764	NEW    cov: 4850 ft: 18330 corp: 745/111Kb lim: 1596 exec/s: 2691 rss: 199Mb L: 72/1596 MS: 1 ChangeByte-
#10766	NEW    cov: 4851 ft: 18331 corp: 746/111Kb lim: 1596 exec/s: 2691 rss: 199Mb L: 68/1596 MS: 2 ChangeByte-PersAutoDict- DE: "\013\000\000\000\000\000\000\000"-
#10813	REDUCE cov: 4851 ft: 18331 corp: 746/111Kb lim: 1596 exec/s: 2703 rss: 199Mb L: 70/1596 MS: 2 CopyPart-EraseBytes-
#10823	NEW    cov: 4851 ft: 18345 corp: 747/111Kb lim: 1596 exec/s: 2705 rss: 199Mb L: 188/1596 MS: 5 ChangeBinInt-ChangeByte-ChangeASCIIInt-PersAutoDict-CrossOver- DE: "k54"-
#10824	NEW    cov: 4851 ft: 18379 corp: 748/111Kb lim: 1596 exec/s: 2706 rss: 199Mb L: 273/1596 MS: 1 InsertRepeatedBytes-
#10825	NEW    cov: 4851 ft: 18380 corp: 749/112Kb lim: 1596 exec/s: 2706 rss: 199Mb L: 86/1596 MS: 1 CopyPart-
#10875	NEW    cov: 4851 ft: 18385 corp: 750/112Kb lim: 1596 exec/s: 2718 rss: 200Mb L: 16/1596 MS: 5 ChangeByte-EraseBytes-ChangeByte-ShuffleBytes-PersAutoDict- DE: "1700000000.5"-
#10876	REDUCE cov: 4851 ft: 18385 corp: 750/111Kb lim: 1596 exec/s: 2719 rss: 200Mb L: 147/1596 MS: 1 EraseBytes-
#10897	NEW    cov: 4851 ft: 18449 corp: 751/113Kb lim: 1596 exec/s: 2724 rss: 201Mb L: 1596/1596 MS: 1 CopyPart-
#10898	NEW    cov: 4851 ft: 18458 corp: 752/113Kb lim: 1596 exec/s: 2724 rss: 201Mb L: 13/1596 MS: 1 ManualDict- DE: "\036"-
#10902	REDUCE cov: 4851 ft: 18458 corp: 752/113Kb lim: 1596 exec/s: 2725 rss: 202Mb L: 18/1596 MS: 4 ChangeByte-InsertByte-ShuffleBytes-EraseBytes-
#10918	NEW    cov: 4851 ft: 18470 corp: 753/113Kb lim: 1596 exec/s: 2729 rss: 202Mb L: 72/1596 MS: 1 ShuffleBytes-
#10943	REDUCE cov: 4851 ft: 18470 corp: 753/113Kb lim: 1596 exec/s: 2735 rss: 202Mb L: 22/1596 MS: 5 PersAutoDict-InsertByte-CopyPart-InsertByte-EraseBytes- DE: "n2u"-
#10947	NEW    cov: 4851 ft: 18471 corp: 754/113Kb lim: 1596 exec/s: 2736 rss: 202Mb L: 26/1596 MS: 4 ChangeByte-ShuffleBytes-PersAutoDict-ChangeByte- DE: "2024-01-011.5:00:00Z"-
#10953	REDUCE cov: 4851 ft: 18471 corp: 754/113Kb lim: 1596 exec/s: 2738 rss: 202Mb L: 25/1596 MS: 1 EraseBytes-
#10967	REDUCE cov: 4851 ft: 18471 corp: 754/113Kb lim: 1596 exec/s: 2741 rss: 202Mb L: 144/1596 MS: 4 ShuffleBytes-CopyPart-ChangeASCIIInt-EraseBytes-
#10984	NEW    cov: 4851 ft: 18472 corp: 755/113Kb lim: 1596 exec/s: 2746 rss: 202Mb L: 12/1596 MS: 2 EraseBytes-EraseBytes-
#11000	REDUCE cov: 4851 ft: 18472 corp: 755/113Kb lim: 1596 exec/s: 2750 rss: 203Mb L: 23/1596 MS: 1 EraseBytes-
#11031	NEW    cov: 4851 ft: 18475 corp: 756/113Kb lim: 1596 exec/s: 2757 rss: 203Mb L: 61/1596 MS: 1 ManualDict- DE: "\\n"-
#11042	NEW    cov: 4852 ft: 18476 corp: 757/113Kb lim: 1596 exec/s: 2760 rss: 203Mb L: 127/1596 MS: 1 ChangeBit-
#11114	NEW    cov: 4853 ft: 18477 corp: 758/113Kb lim: 1596 exec/s: 2778 rss: 204Mb L: 46/1596 MS: 2 InsertByte-CopyPart-
#11124	REDUCE cov: 4853 ft: 18477 corp: 758/113Kb lim: 1596 exec/s: 2781 rss: 204Mb L: 39/1596 MS: 5 ChangeByte-ShuffleBytes-ChangeBinInt-ChangeByte-EraseBytes-
#11176	REDUCE cov: 4853 ft: 18477 corp: 758/113Kb lim: 1596 exec/s: 2794 rss: 204Mb L: 72/1596 MS: 2 ManualDict-EraseBytes- DE: "{\"a\":{\"b\":"-
#11178	REDUCE cov: 4853 ft: 18477 corp: 758/113Kb lim: 1596 exec/s: 2794 rss: 204Mb L: 158/1596 MS: 2 ManualDict-EraseBytes- DE: "\\u00e9"-
#11189	NEW    cov: 4853 ft: 18478 corp: 759/115Kb lim: 1596 exec/s: 2797 rss: 205Mb L: 1596/1596 MS: 1 ChangeASCIIInt-
#11205	NEW    cov: 4854 ft: 18480 corp: 760/115Kb lim: 1596 exec/s: 2801 rss: 205Mb L: 47/1596 MS: 1 PersAutoDict- DE: "n\001"-
#11252	REDUCE cov: 4854 ft: 18485 corp: 761/115Kb lim: 1596 exec/s: 2813 rss: 205Mb L: 33/1596 MS: 2 ChangeBinInt-ChangeByte-
#11273	REDUCE cov: 4854 ft: 18494 corp: 762/115Kb lim: 1596 exec/s: 2818 rss: 206Mb L: 30/1596 MS: 1 ManualDict- DE: "\"1700000000000\""-
#11274	REDUCE cov: 4854 ft: 18494 corp: 762/115Kb lim: 1596 exec/s: 2818 rss: 206Mb L: 9/1596 MS: 1 EraseBytes-
#11302	NEW    cov: 4855 ft: 18495 corp: 763/115Kb lim: 1596 exec/s: 2825 rss: 206Mb L: 32/1596 MS: 3 ChangeBit-PersAutoDict-InsertByte- DE: "\\ud83d\\ude00"-
#11328	NEW    cov: 4855 ft: 18529 corp: 764/115Kb lim: 1596 exec/s: 2832 rss: 207Mb L: 81/1596 MS: 1 PersAutoDict- DE: "upda.edAt"-
#11342	REDUCE cov: 4855 ft: 18529 corp: 764/115Kb lim: 1596 exec/s: 2835 rss: 207Mb L: 141/1596 MS: 4 InsertByte-PersAutoDict-ShuffleBytes-EraseBytes- DE: "\"key\":"-
#11354	NEW    cov: 4855 ft: 18533 corp: 765/115Kb lim: 1596 exec/s: 2838 rss: 207Mb L: 21/1596 MS: 2 InsertRepeatedBytes-EraseBytes-
#11386	NEW    cov: 4855 ft: 18535 corp: 766/115Kb lim: 1596 exec/s: 2846 rss: 207Mb L: 89/1596 MS: 2 ChangeBinInt-ManualDict- DE: "\"items\":[{\"id\":1}]"-
#11403	REDUCE cov: 4855 ft: 18535 corp: 766/115Kb lim: 1596 exec/s: 2850 rss: 207Mb L: 128/1596 MS: 2 ChangeBit-EraseBytes-
#11434	NEW    cov: 4855 ft: 18544 corp: 767/115Kb lim: 1596 exec/s: 2858 rss: 208Mb L: 16/1596 MS: 1 ShuffleBytes-
#11448	NEW    cov: 4855 ft: 18553 corp: 768/115Kb lim: 1596 exec/s: 2862 rss: 208Mb L: 24/1596 MS: 4 CrossOver-ChangeByte-ChangeBit-CopyPart-
#11531	NEW    cov: 4865 ft: 18563 corp: 769/116Kb lim: 1596 exec/s: 2882 rss: 208Mb L: 1427/1596 MS: 3 ChangeBinInt-ChangeASCIIInt-CrossOver-
#11549	NEW    cov: 4868 ft: 18593 corp: 770/117Kb lim: 1596 exec/s: 2887 rss: 208Mb L: 71/1596 MS: 3 CopyPart-CrossOver-PersAutoDict- DE: "\\\\"-
#11550	NEW    cov: 4868 ft: 18594 corp: 771/117Kb lim: 1596 exec/s: 2887 rss: 208Mb L: 95/1596 MS: 1 CopyPart-
#11562	NEW    cov: 4869 ft: 18598 corp: 772/117Kb lim: 1596 exec/s: 2890 rss: 209Mb L: 13/1596 MS: 2 InsertByte-ChangeBinInt-
#11575	NEW    cov: 4869 ft: 18607 corp: 773/117Kb lim: 1596 exec/s: 2893 rss: 209Mb L: 120/1596 MS: 3 ShuffleBytes-ChangeBit-CrossOver-
#11591	NEW    cov: 4909 ft: 18655 corp: 774/117Kb lim: 1596 exec/s: 2897 rss: 209Mb L: 265/1596 MS: 1 ManualDict- DE: "\\\\"-
#11608	NEW    cov: 4910 ft: 18656 corp: 775/117Kb lim: 1596 exec/s: 2902 rss: 209Mb L: 17/1596 MS: 2 CMP-ChangeBit- DE: "\377\377\251\252\330R\335\300"-
#11621	NEW    cov: 4910 ft: 18660 corp: 776/117Kb lim: 1596 exec/s: 2905 rss: 209Mb L: 219/1596 MS: 3 ShuffleBytes-ManualDict-InsertRepeatedBytes- DE: "9223372036854775807"-
#11668	NEW    cov: 4910 ft: 18663 corp: 777/117Kb lim: 1596 exec/s: 2917 rss: 210Mb L: 11/1596 MS: 2 ChangeBinInt-EraseBytes-
#11698	NEW    cov: 4910 ft: 18680 corp: 778/117Kb lim: 1596 exec/s: 2924 rss: 210Mb L: 216/1596 MS: 5 ShuffleBytes-CopyPart-ChangeBinInt-PersAutoDict-CrossOver- DE: "\"items\":[{\"id\":1}]"-
#11775	REDUCE cov: 4910 ft: 18680 corp: 778/117Kb lim: 1596 exec/s: 2943 rss: 211Mb L: 18/1596 MS: 2 ChangeBinInt-EraseBytes-
#11776	NEW    cov: 4917 ft: 18687 corp: 779/118Kb lim: 1596 exec/s: 2944 rss: 211Mb L: 46/1596 MS: 1 ManualDict- DE: "1700000000"-
#11784	REDUCE cov: 4917 ft: 18687 corp: 779/118Kb lim: 1596 exec/s: 2946 rss: 211Mb L: 36/1596 MS: 3 PersAutoDict-PersAutoDict-EraseBytes- DE: "\000\000\374_\250\317\210&"-"\377\017"-
#11870	NEW    cov: 4917 ft: 18696 corp: 780/118Kb lim: 1596 exec/s: 2967 rss: 211Mb L: 70/1596 MS: 1 ChangeBit-
#11873	NEW    cov: 4917 ft: 18715 corp: 781/118Kb lim: 1596 exec/s: 2968 rss: 211Mb L: 13/1596 MS: 3 ChangeBit-ChangeBit-InsertByte-
#11875	REDUCE cov: 4917 ft: 18715 corp: 781/118Kb lim: 1596 exec/s: 2968 rss: 211Mb L: 47/1596 MS: 2 ChangeBit-EraseBytes-
#11896	NEW    cov: 4920 ft: 18723 corp: 782/118Kb lim: 1596 exec/s: 2974 rss: 212Mb L: 35/1596 MS: 1 CrossOver-
#11922	NEW    cov: 4920 ft: 18727 corp: 783/118Kb lim: 1596 exec/s: 2980 rss: 212Mb L: 159/1596 MS: 1 InsertRepeatedBytes-
#11928	REDUCE cov: 4920 ft: 18729 corp: 784/118Kb lim: 1596 exec/s: 2982 rss: 212Mb L: 147/1596 MS: 1 ChangeBinInt-
#11944	REDUCE cov: 4920 ft: 18729 corp: 784/118Kb lim: 1596 exec/s: 2986 rss: 212Mb L: 158/1596 MS: 1 EraseBytes-
#11967	NEW    cov: 4921 ft: 18730 corp: 785/118Kb lim: 1596 exec/s: 2991 rss: 212Mb L: 16/1596 MS: 3 ShuffleBytes-ChangeBit-ManualDict- DE: "-1"-
#11968	NEW    cov: 4921 ft: 18735 corp: 786/118Kb lim: 1596 exec/s: 2992 rss: 212Mb L: 49/1596 MS: 1 ChangeBit-
#11969	NEW    cov: 4921 ft: 18738 corp: 787/118Kb lim: 1596 exec/s: 2992 rss: 213Mb L: 221/1596 MS: 1 InsertRepeatedBytes-
#12043	NEW    cov: 4921 ft: 18739 corp: 788/118Kb lim: 1596 exec/s: 3010 rss: 214Mb L: 118/1596 MS: 4 InsertRepeatedBytes-InsertByte-ChangeBinInt-ManualDict- DE: ","-
#12053	REDUCE cov: 4921 ft: 18739 corp: 788/118Kb lim: 1596 exec/s: 3013 rss: 214Mb L: 120/1596 MS: 5 ChangeByte-CrossOver-ChangeBinInt-PersAutoDict-EraseBytes- DE: "31"-
#12088	NEW    cov: 4922 ft: 18740 corp: 789/118Kb lim: 1596 exec/s: 3022 rss: 214Mb L: 29/1596 MS: 5 ChangeByte-ChangeASCIIInt-ManualDict-CopyPart-ManualDict- DE: "1.5"-"-1"-
#12112	NEW    cov: 4922 ft: 18741 corp: 790/118Kb lim: 1596 exec/s: 3028 rss: 214Mb L: 17/1596 MS: 4 ChangeBinInt-CopyPart-PersAutoDict-PersAutoDict- DE: "\377\377\377\377\377\377\377\377"-"\"1700000000000\""-
#12118	NEW    cov: 4922 ft: 18742 corp: 791/119Kb lim: 1596 exec/s: 3029 rss: 215Mb L: 164/1596 MS: 1 ManualDict- DE: "null"-
#12124	REDUCE cov: 4922 ft: 18742 corp: 791/118Kb lim: 1596 exec/s: 3031 rss: 215Mb L: 58/1596 MS: 1 EraseBytes-
#12161	REDUCE cov: 4922 ft: 18742 corp: 791/118Kb lim: 1596 exec/s: 3040 rss: 215Mb L: 40/1596 MS: 2 ChangeBinInt-EraseBytes-
#12193	REDUCE cov: 4922 ft: 18742 corp: 791/118Kb lim: 1596 exec/s: 3048 rss: 215Mb L: 4/1596 MS: 2 ChangeByte-EraseBytes-
#12239	NEW    cov: 4923 ft: 18743 corp: 792/119Kb lim: 1596 exec/s: 3059 rss: 215Mb L: 151/1596 MS: 1 InsertRepeatedBytes-
#12240	REDUCE cov: 4932 ft: 18752 corp: 793/119Kb lim: 1596 exec/s: 3060 rss: 216Mb L: 70/1596 MS: 1 PersAutoDict- DE: "[1"-
#12281	REDUCE cov: 4932 ft: 18752 corp: 793/119Kb lim: 1596 exec/s: 3070 rss: 216Mb L: 115/1596 MS: 1 EraseBytes-
#12288	NEW    cov: 4939 ft: 18759 corp: 794/119Kb lim: 1596 exec/s: 3072 rss: 216Mb L: 177/1596 MS: 2 CopyPart-InsertByte-
#12305	NEW    cov: 4939 ft: 18761 corp: 795/119Kb lim: 1596 exec/s: 3076 rss: 217Mb L: 73/1596 MS: 2 PersAutoDict-PersAutoDict- DE: "\\\\"-"\003\236\221\217"-
#12370	NEW    cov: 4939 ft: 18762 corp: 796/119Kb lim: 1596 exec/s: 3092 rss: 217Mb L: 276/1596 MS: 5 ChangeBit-InsertRepeatedBytes-CMP-InsertByte-CrossOver- DE: "updatedAt"-
#12399	NEW    cov: 4939 ft: 18766 corp: 797/119Kb lim: 1596 exec/s: 3099 rss: 217Mb L: 235/1596 MS: 4 InsertByte-ChangeByte-CopyPart-EraseBytes-
#12405	REDUCE cov: 4939 ft: 18766 corp: 797/119Kb lim: 1596 exec/s: 3101 rss: 217Mb L: 24/1596 MS: 1 EraseBytes-
#12488	NEW    cov: 4939 ft: 18767 corp: 798/119Kb lim: 1596 exec/s: 3122 rss: 218Mb L: 51/1596 MS: 3 PersAutoDict-ShuffleBytes-EraseBytes- DE: "\"createdAt\":"-
#12495	NEW    cov: 4939 ft: 18770 corp: 799/119Kb lim: 1596 exec/s: 3123 rss: 218Mb L: 41/1596 MS: 2 PersAutoDict-EraseBytes- DE: "\357\200\200\200"-
#12505	NEW    cov: 4939 ft: 18775 corp: 800/120Kb lim: 1596 exec/s: 3126 rss: 218Mb L: 116/1596 MS: 5 ShuffleBytes-ManualDict-EraseBytes-EraseBytes-CrossOver- DE: "\036"-
#12511	NEW    cov: 4939 ft: 18783 corp: 801/120Kb lim: 1596 exec/s: 3127 rss: 218Mb L: 111/1596 MS: 1 ChangeByte-
#12519	NEW    cov: 4939 ft: 18785 corp: 802/120Kb lim: 1596 exec/s: 3129 rss: 218Mb L: 6/1596 MS: 3 ChangeByte-EraseBytes-EraseBytes-
#12520	NEW    cov: 4939 ft: 18786 corp: 803/120Kb lim: 1596 exec/s: 3130 rss: 219Mb L: 30/1596 MS: 1 InsertByte-
#12551	NEW    cov: 4939 ft: 18844 corp: 804/121Kb lim: 1596 exec/s: 3137 rss: 219Mb L: 1554/1596 MS: 1 EraseBytes-
#12660	NEW    cov: 4944 ft: 18849 corp: 805/123Kb lim: 1596 exec/s: 3165 rss: 220Mb L: 1424/1596 MS: 4 EraseBytes-CMP-EraseBytes-PersAutoDict- DE: "\001\000\252\252\330R\345\214"-"\\u00e9"-
#12671	NEW    cov: 4949 ft: 18854 corp: 806/123Kb lim: 1596 exec/s: 3167 rss: 220Mb L: 11/1596 MS: 1 EraseBytes-
#12676	REDUCE cov: 4949 ft: 18854 corp: 806/123Kb lim: 1596 exec/s: 3169 rss: 220Mb L: 62/1596 MS: 5 ManualDict-InsertByte-ChangeBit-EraseBytes-EraseBytes- DE: "\"uuid\":"-
#12689	NEW    cov: 4949 ft: 18855 corp: 807/123Kb lim: 1596 exec/s: 3172 rss: 220Mb L: 127/1596 MS: 3 EraseBytes-ChangeByte-CrossOver-
#12720	NEW    cov: 4949 ft: 18857 corp: 808/123Kb lim: 1596 exec/s: 3180 rss: 221Mb L: 66/1596 MS: 1 ManualDict- DE: "007"-
#12737	NEW    cov: 4950 ft: 18858 corp: 809/123Kb lim: 1596 exec/s: 3184 rss: 221Mb L: 224/1596 MS: 2 CMP-CrossOver- DE: "k3"-
#12755	NEW    cov: 4951 ft: 18859 corp: 810/123Kb lim: 1596 exec/s: 3188 rss: 221Mb L: 13/1596 MS: 3 InsertByte-ChangeBit-ChangeASCIIInt-
#12776	REDUCE cov: 4961 ft: 18869 corp: 811/123Kb lim: 1596 exec/s: 3194 rss: 221Mb L: 58/1596 MS: 1 ManualDict- DE: "1.5"-
#12783	NEW    cov: 4962 ft: 18870 corp: 812/123Kb lim: 1596 exec/s: 3195 rss: 221Mb L: 39/1596 MS: 2 ChangeBinInt-PersAutoDict- DE: "\"syncedAt\":"-
#12784	NEW    cov: 4963 ft: 18871 corp: 813/123Kb lim: 1596 exec/s: 3196 rss: 221Mb L: 84/1596 MS: 1 ChangeByte-
#12805	NEW    cov: 4970 ft: 18880 corp: 814/123Kb lim: 1596 exec/s: 3201 rss: 221Mb L: 176/1596 MS: 1 ChangeBit-
#12888	NEW    cov: 4970 ft: 18881 corp: 815/125Kb lim: 1596 exec/s: 3222 rss: 222Mb L: 1369/1596 MS: 3 EraseBytes-CrossOver-CopyPart-
#12929	REDUCE cov: 4970 ft: 18881 corp: 815/125Kb lim: 1596 exec/s: 3232 rss: 222Mb L: 56/1596 MS: 1 EraseBytes-
#12961	REDUCE cov: 4970 ft: 18881 corp: 815/125Kb lim: 1596 exec/s: 3240 rss: 223Mb L: 181/1596 MS: 2 ChangeByte-EraseBytes-
#12962	NEW    cov: 4970 ft: 18885 corp: 816/125Kb lim: 1596 exec/s: 3240 rss: 223Mb L: 134/1596 MS: 1 InsertRepeatedBytes-
#12970	REDUCE cov: 4970 ft: 18885 corp: 816/125Kb lim: 1596 exec/s: 3242 rss: 223Mb L: 117/1596 MS: 3 ChangeASCIIInt-CopyPart-EraseBytes-
#12979	NEW    cov: 4970 ft: 18896 corp: 817/125Kb lim: 1596 exec/s: 3244 rss: 223Mb L: 16/1596 MS: 4 ShuffleBytes-CMP-ShuffleBytes-CopyPart- DE: "18"-
#13021	NEW    cov: 4970 ft: 18897 corp: 818/125Kb lim: 1596 exec/s: 3255 rss: 224Mb L: 17/1596 MS: 2 EraseBytes-CrossOver-
#13037	REDUCE cov: 4970 ft: 18897 corp: 818/125Kb lim: 1596 exec/s: 3259 rss: 224Mb L: 60/1596 MS: 1 EraseBytes-
#13068	NEW    cov: 4975 ft: 18902 corp: 819/125Kb lim: 1596 exec/s: 3267 rss: 224Mb L: 263/1596 MS: 1 ManualDict- DE: "\\u00e9"-
#13099	REDUCE cov: 4975 ft: 18902 corp: 819/125Kb lim: 1596 exec/s: 3274 rss: 224Mb L: 28/1596 MS: 1 EraseBytes-
#13120	REDUCE cov: 4975 ft: 18907 corp: 820/126Kb lim: 1596 exec/s: 3280 rss: 225Mb L: 556/1596 MS: 1 CopyPart-
#13157	NEW    cov: 4975 ft: 18908 corp: 821/126Kb lim: 1596 exec/s: 3289 rss: 225Mb L: 52/1596 MS: 2 ShuffleBytes-EraseBytes-
#13240	NEW    cov: 4975 ft: 18909 corp: 822/126Kb lim: 1596 exec/s: 3310 rss: 226Mb L: 105/1596 MS: 3 InsertRepeatedBytes-ChangeBinInt-PersAutoDict- DE: "9223372036854775807"-
#13246	REDUCE cov: 4975 ft: 18909 corp: 822/126Kb lim: 1596 exec/s: 3311 rss: 226Mb L: 204/1596 MS: 1 CrossOver-
#13387	NEW    cov: 4976 ft: 18910 corp: 823/126Kb lim: 1596 exec/s: 3346 rss: 226Mb L: 66/1596 MS: 1 EraseBytes-
#13455	REDUCE cov: 4977 ft: 18911 corp: 824/126Kb lim: 1596 exec/s: 3363 rss: 227Mb L: 91/1596 MS: 3 ChangeBit-CMP-CopyPart- DE: "_\345R\330\252\252\000\000"-
#13456	NEW    cov: 4983 ft: 18917 corp: 825/126Kb lim: 1596 exec/s: 3364 rss: 227Mb L: 176/1596 MS: 1 PersAutoDict- DE: "\000\000\374_\250\317\210&"-
#13457	REDUCE cov: 4983 ft: 18917 corp: 825/126Kb lim: 1596 exec/s: 3364 rss: 227Mb L: 17/1596 MS: 1 EraseBytes-
#13472	NEW    cov: 4988 ft: 18922 corp: 826/126Kb lim: 1596 exec/s: 3368 rss: 227Mb L: 369/1596 MS: 5 CrossOver-ChangeByte-InsertByte-EraseBytes-ChangeBit-
#13533	NEW    cov: 4988 ft: 18925 corp: 827/126Kb lim: 1596 exec/s: 3383 rss: 228Mb L: 16/1596 MS: 1 PersAutoDict- DE: "0"-
#13565	REDUCE cov: 4988 ft: 18925 corp: 827/126Kb lim: 1596 exec/s: 3391 rss: 228Mb L: 256/1596 MS: 2 CMP-EraseBytes- DE: "k6"-
#13572	NEW    cov: 4988 ft: 18926 corp: 828/126Kb lim: 1596 exec/s: 3393 rss: 228Mb L: 36/1596 MS: 2 ManualDict-PersAutoDict- DE: "\\\""-"\"id\":\"a1b2c3d4\""-
#13708	NEW    cov: 4988 ft: 18927 corp: 829/127Kb lim: 1596 exec/s: 3427 rss: 229Mb L: 769/1596 MS: 1 ManualDict- DE: "["-
#13732	NEW    cov: 4989 ft: 18928 corp: 830/127Kb lim: 1596 exec/s: 3433 rss: 229Mb L: 96/1596 MS: 4 ChangeByte-ChangeASCIIInt-InsertByte-CrossOver-
#13748	REDUCE cov: 4989 ft: 18928 corp: 830/127Kb lim: 1596 exec/s: 3437 rss: 229Mb L: 18/1596 MS: 1 EraseBytes-
#13808	NEW    cov: 4989 ft: 18929 corp: 831/127Kb lim: 1596 exec/s: 3452 rss: 229Mb L: 19/1596 MS: 5 CMP-CopyPart-ChangeBinInt-CopyPart-ChangeBit- DE: "k8"-
#13836	REDUCE cov: 4989 ft: 18929 corp: 831/127Kb lim: 1596 exec/s: 3459 rss: 230Mb L: 103/1596 MS: 3 CopyPart-ShuffleBytes-EraseBytes-
#13841	REDUCE cov: 4989 ft: 18929 corp: 831/127Kb lim: 1596 exec/s: 3460 rss: 230Mb L: 86/1596 MS: 5 ChangeByte-ManualDict-ChangeBit-InsertRepeatedBytes-EraseBytes- DE: "\"id\":"-
#13852	NEW    cov: 4990 ft: 18938 corp: 832/127Kb lim: 1596 exec/s: 3463 rss: 230Mb L: 29/1596 MS: 1 ChangeASCIIInt-
#13854	REDUCE cov: 4990 ft: 18938 corp: 832/127Kb lim: 1596 exec/s: 3463 rss: 230Mb L: 52/1596 MS: 2 ChangeBinInt-EraseBytes-
#13881	NEW    cov: 4991 ft: 18939 corp: 833/127Kb lim: 1596 exec/s: 3470 rss: 230Mb L: 107/1596 MS: 2 CMP-InsertRepeatedBytes- DE: "\377z:t"-
#13900	NEW    cov: 4991 ft: 18942 corp: 834/128Kb lim: 1596 exec/s: 3475 rss: 231Mb L: 160/1596 MS: 4 ChangeASCIIInt-ManualDict-ChangeASCIIInt-InsertByte- DE: "1e309"-
#13906	NEW    cov: 4991 ft: 18955 corp: 835/128Kb lim: 1596 exec/s: 3476 rss: 231Mb L: 95/1596 MS: 1 ChangeBit-
#13947	REDUCE cov: 4995 ft: 18961 corp: 836/128Kb lim: 1596 exec/s: 3486 rss: 231Mb L: 26/1596 MS: 1 PersAutoDict- DE: "31"-
#13953	NEW    cov: 4997 ft: 18965 corp: 837/128Kb lim: 1596 exec/s: 3488 rss: 231Mb L: 64/1596 MS: 1 CrossOver-
#13955	REDUCE cov: 4997 ft: 18965 corp: 837/128Kb lim: 1596 exec/s: 3488 rss: 231Mb L: 18/1596 MS: 2 ChangeBit-EraseBytes-
#13981	NEW    cov: 5006 ft: 19029 corp: 838/128Kb lim: 1596 exec/s: 3495 rss: 231Mb L: 63/1596 MS: 1 PersAutoDict- DE: "\000\000\000\006"-
#14042	REDUCE cov: 5007 ft: 19030 corp: 839/128Kb lim: 1596 exec/s: 3510 rss: 232Mb L: 66/1596 MS: 1 ManualDict- DE: "true"-
#14048	NEW    cov: 5007 ft: 19033 corp: 840/128Kb lim: 1596 exec/s: 3512 rss: 232Mb L: 109/1596 MS: 1 PersAutoDict- DE: "-9223372036854775808"-
#14079	REDUCE cov: 5009 ft: 19035 corp: 841/128Kb lim: 1596 exec/s: 3519 rss: 232Mb L: 54/1596 MS: 1 ChangeByte-
#14110	REDUCE cov: 5018 ft: 19044 corp: 842/128Kb lim: 1596 exec/s: 3527 rss: 233Mb L: 83/1596 MS: 1 ChangeByte-
#14206	REDUCE cov: 5018 ft: 19044 corp: 842/128Kb lim: 1596 exec/s: 3551 rss: 233Mb L: 61/1596 MS: 1 EraseBytes-
#14237	NEW    cov: 5026 ft: 19058 corp: 843/128Kb lim: 1596 exec/s: 3559 rss: 234Mb L: 80/1596 MS: 1 ChangeASCIIInt-
#14281	NEW    cov: 5026 ft: 19064 corp: 844/128Kb lim: 1596 exec/s: 3570 rss: 234Mb L: 198/1596 MS: 4 CrossOver-ChangeASCIIInt-ChangeBit-InsertRepeatedBytes-
#14282	REDUCE cov: 5026 ft: 19064 corp: 844/128Kb lim: 1596 exec/s: 3570 rss: 234Mb L: 20/1596 MS: 1 EraseBytes-
#14284	NEW    cov: 5026 ft: 19071 corp: 845/128Kb lim: 1596 exec/s: 3571 rss: 234Mb L: 25/1596 MS: 2 InsertByte-ChangeBinInt-
#14298	NEW    cov: 5045 ft: 19121 corp: 846/128Kb lim: 1596 exec/s: 3574 rss: 234Mb L: 21/1596 MS: 4 PersAutoDict-CopyPart-EraseBytes-EraseBytes- DE: "k19"-
#14356	NEW    cov: 5045 ft: 19122 corp: 847/129Kb lim: 1596 exec/s: 3589 rss: 235Mb L: 301/1596 MS: 3 ChangeBinInt-EraseBytes-InsertRepeatedBytes-
#14384	NEW    cov: 5045 ft: 19123 corp: 848/129Kb lim: 1596 exec/s: 3596 rss: 236Mb L: 43/1596 MS: 3 ChangeBinInt-CrossOver-ManualDict- DE: "-1"-
#14405	NEW    cov: 5045 ft: 19124 corp: 849/129Kb lim: 1596 exec/s: 3601 rss: 236Mb L: 208/1596 MS: 1 InsertRepeatedBytes-
#14411	REDUCE cov: 5045 ft: 19124 corp: 849/129Kb lim: 1596 exec/s: 3602 rss: 236Mb L: 140/1596 MS: 1 EraseBytes-
#14438	REDUCE cov: 5098 ft: 19182 corp: 850/129Kb lim: 1596 exec/s: 3609 rss: 236Mb L: 72/1596 MS: 2 ChangeBit-CopyPart-
#14449	NEW    cov: 5098 ft: 19187 corp: 851/129Kb lim: 1596 exec/s: 3612 rss: 236Mb L: 31/1596 MS: 1 ChangeBinInt-
#14491	NEW    cov: 5098 ft: 19192 corp: 852/129Kb lim: 1596 exec/s: 3622 rss: 237Mb L: 32/1596 MS: 2 ChangeByte-ManualDict- DE: "\\ud83d"-
#14496	NEW    cov: 5098 ft: 19201 corp: 853/129Kb lim: 1596 exec/s: 3624 rss: 237Mb L: 121/1596 MS: 5 ChangeByte-ChangeASCIIInt-CMP-CopyPart-PersAutoDict- DE: "k*7"-"{}"-
#14506	NEW    cov: 5099 ft: 19202 corp: 854/129Kb lim: 1596 exec/s: 3626 rss: 237Mb L: 184/1596 MS: 5 ChangeBit-InsertRepeatedBytes-InsertByte-EraseBytes-CrossOver-
#14507	REDUCE cov: 5099 ft: 19202 corp: 854/129Kb lim: 1596 exec/s: 3626 rss: 237Mb L: 319/1596 MS: 1 EraseBytes-
#14525	NEW    cov: 5099 ft: 19203 corp: 855/129Kb lim: 1596 exec/s: 3631 rss: 237Mb L: 196/1596 MS: 3 ShuffleBytes-ChangeBinInt-InsertByte-
#14582	NEW    cov: 5100 ft: 19208 corp: 856/129Kb lim: 1596 exec/s: 3645 rss: 238Mb L: 30/1596 MS: 2 ChangeBinInt-EraseBytes-
#14613	REDUCE cov: 5100 ft: 19208 corp: 856/129Kb lim: 1596 exec/s: 3653 rss: 238Mb L: 33/1596 MS: 1 EraseBytes-
#14656	NEW    cov: 5100 ft: 19253 corp: 857/129Kb lim: 1596 exec/s: 3664 rss: 239Mb L: 62/1596 MS: 3 CopyPart-ChangeASCIIInt-InsertRepeatedBytes-
#14717	REDUCE cov: 5100 ft: 19253 corp: 857/129Kb lim: 1596 exec/s: 3679 rss: 239Mb L: 85/1596 MS: 1 EraseBytes-
#14753	REDUCE cov: 5100 ft: 19253 corp: 857/129Kb lim: 1596 exec/s: 3688 rss: 239Mb L: 55/1596 MS: 1 EraseBytes-
#14754	NEW    cov: 5100 ft: 19254 corp: 858/130Kb lim: 1596 exec/s: 3688 rss: 239Mb L: 190/1596 MS: 1 EraseBytes-
#14755	REDUCE cov: 5100 ft: 19254 corp: 858/130Kb lim: 1596 exec/s: 3688 rss: 239Mb L: 98/1596 MS: 1 EraseBytes-
#14793	NEW    cov: 5106 ft: 19260 corp: 859/130Kb lim: 1596 exec/s: 3698 rss: 240Mb L: 62/1596 MS: 3 ChangeASCIIInt-EraseBytes-ManualDict- DE: "false"-
#14815	NEW    cov: 5106 ft: 19379 corp: 860/131Kb lim: 1596 exec/s: 3703 rss: 240Mb L: 961/1596 MS: 2 ChangeBit-EraseBytes-
#14823	NEW    cov: 5110 ft: 19392 corp: 861/131Kb lim: 1596 exec/s: 3705 rss: 240Mb L: 61/1596 MS: 3 ChangeBinInt-ShuffleBytes-ManualDict- DE: "1.5"-
#14824	REDUCE cov: 5110 ft: 19392 corp: 861/131Kb lim: 1596 exec/s: 3706 rss: 240Mb L: 47/1596 MS: 1 EraseBytes-
#14825	NEW    cov: 5110 ft: 19401 corp: 862/131Kb lim: 1596 exec/s: 3706 rss: 240Mb L: 130/1596 MS: 1 InsertRepeatedBytes-
#14906	REDUCE cov: 5110 ft: 19401 corp: 862/131Kb lim: 1596 exec/s: 3726 rss: 241Mb L: 17/1596 MS: 1 EraseBytes-
#14919	REDUCE cov: 5110 ft: 19401 corp: 862/131Kb lim: 1596 exec/s: 3729 rss: 241Mb L: 124/1596 MS: 3 InsertByte-ChangeBinInt-EraseBytes-
#14930	REDUCE cov: 5110 ft: 19401 corp: 862/131Kb lim: 1596 exec/s: 3732 rss: 241Mb L: 84/1596 MS: 1 EraseBytes-
#15002	NEW    cov: 5110 ft: 19404 corp: 863/131Kb lim: 1596 exec/s: 3750 rss: 244Mb L: 89/1596 MS: 2 CMP-InsertRepeatedBytes- DE: "\000\000\000\000\000\000\000\003"-
#15013	NEW    cov: 5110 ft: 19468 corp: 864/132Kb lim: 1596 exec/s: 3753 rss: 245Mb L: 1179/1596 MS: 1 EraseBytes-
#15039	NEW    cov: 5146 ft: 19516 corp: 865/132Kb lim: 1596 exec/s: 3759 rss: 245Mb L: 23/1596 MS: 1 ShuffleBytes-
#15046	NEW    cov: 5158 ft: 19540 corp: 866/132Kb lim: 1596 exec/s: 3761 rss: 245Mb L: 10/1596 MS: 2 ChangeASCIIInt-EraseBytes-
#15132	NEW    cov: 5158 ft: 19541 corp: 867/132Kb lim: 1596 exec/s: 3783 rss: 246Mb L: 80/1596 MS: 1 PersAutoDict- DE: "1700000000000000000"-
#15143	NEW    cov: 5158 ft: 19548 corp: 868/132Kb lim: 1596 exec/s: 3785 rss: 246Mb L: 16/1596 MS: 1 ChangeBit-
#15217	REDUCE cov: 5158 ft: 19548 corp: 868/132Kb lim: 1596 exec/s: 3804 rss: 247Mb L: 32/1596 MS: 4 ChangeBinInt-ChangeASCIIInt-ChangeBinInt-EraseBytes-
#15218	NEW    cov: 5158 ft: 19552 corp: 869/133Kb lim: 1596 exec/s: 3804 rss: 247Mb L: 1596/1596 MS: 1 ChangeBinInt-
#15275	NEW    cov: 5161 ft: 19555 corp: 870/134Kb lim: 1596 exec/s: 3818 rss: 248Mb L: 29/1596 MS: 2 ShuffleBytes-ChangeBit-
#15288	NEW    cov: 5164 ft: 19562 corp: 871/134Kb lim: 1596 exec/s: 3822 rss: 248Mb L: 67/1596 MS: 3 InsertByte-CrossOver-ChangeByte-
#15300	NEW    cov: 5164 ft: 19563 corp: 872/134Kb lim: 1596 exec/s: 3825 rss: 249Mb L: 210/1596 MS: 2 ChangeASCIIInt-PersAutoDict- DE: "-9223372036854775808"-
#15351	REDUCE cov: 5164 ft: 19563 corp: 872/134Kb lim: 1596 exec/s: 3837 rss: 249Mb L: 123/1596 MS: 1 EraseBytes-
#15408	NEW    cov: 5164 ft: 19564 corp: 873/134Kb lim: 1596 exec/s: 3852 rss: 249Mb L: 33/1596 MS: 2 InsertByte-InsertByte-
#15419	NEW    cov: 5164 ft: 19569 corp: 874/134Kb lim: 1596 exec/s: 3854 rss: 249Mb L: 56/1596 MS: 1 EraseBytes-
#15429	NEW    cov: 5164 ft: 19572 corp: 875/134Kb lim: 1596 exec/s: 3857 rss: 250Mb L: 172/1596 MS: 5 ShuffleBytes-InsertByte-InsertRepeatedBytes-ManualDict-CrossOver- DE: "[]"-
#15436	REDUCE cov: 5164 ft: 19572 corp: 875/134Kb lim: 1596 exec/s: 3859 rss: 250Mb L: 131/1596 MS: 2 InsertByte-EraseBytes-
#15498	NEW    cov: 5164 ft: 19608 corp: 876/135Kb lim: 1596 exec/s: 3874 rss: 250Mb L: 817/1596 MS: 2 CrossOver-ManualDict- DE: "\\n"-
#15500	REDUCE cov: 5164 ft: 19608 corp: 876/135Kb lim: 1596 exec/s: 3875 rss: 250Mb L: 51/1596 MS: 2 ChangeASCIIInt-EraseBytes-
#15516	REDUCE cov: 5164 ft: 19608 corp: 876/135Kb lim: 1596 exec/s: 3879 rss: 251Mb L: 55/1596 MS: 1 EraseBytes-
#15632	NEW    cov: 5164 ft: 19609 corp: 877/135Kb lim: 1596 exec/s: 3908 rss: 251Mb L: 19/1596 MS: 1 ChangeBit-
#15669	NEW    cov: 5164 ft: 19612 corp: 878/135Kb lim: 1596 exec/s: 3917 rss: 251Mb L: 52/1596 MS: 2 CMP-EraseBytes- DE: "\001\004"-
#15784	NEW    cov: 5164 ft: 19613 corp: 879/135Kb lim: 1596 exec/s: 3946 rss: 252Mb L: 68/1596 MS: 5 InsertRepeatedBytes-EraseBytes-PersAutoDict-EraseBytes-InsertByte- DE: "k57"-
#15792	NEW    cov: 5164 ft: 19614 corp: 880/135Kb lim: 1596 exec/s: 3948 rss: 252Mb L: 111/1596 MS: 3 ChangeBit-ChangeASCIIInt-CrossOver-
#15802	REDUCE cov: 5173 ft: 19623 corp: 881/135Kb lim: 1596 exec/s: 3950 rss: 252Mb L: 93/1596 MS: 5 ChangeByte-ManualDict-ChangeBinInt-ChangeBit-CMP- DE: "\\\""-"\344G\003\251?\374\000\000"-
#15823	NEW    cov: 5173 ft: 19634 corp: 882/135Kb lim: 1596 exec/s: 3955 rss: 252Mb L: 56/1596 MS: 1 CrossOver-
#15834	NEW    cov: 5182 ft: 19652 corp: 883/135Kb lim: 1596 exec/s: 3958 rss: 253Mb L: 7/1596 MS: 1 EraseBytes-
#15840	NEW    cov: 5227 ft: 19712 corp: 884/135Kb lim: 1596 exec/s: 3960 rss: 253Mb L: 263/1596 MS: 1 PersAutoDict- DE: "1700000000000"-
#15842	REDUCE cov: 5227 ft: 19712 corp: 884/135Kb lim: 1596 exec/s: 3960 rss: 253Mb L: 111/1596 MS: 2 ChangeASCIIInt-EraseBytes-
#15898	NEW    cov: 5227 ft: 19718 corp: 885/135Kb lim: 1596 exec/s: 3974 rss: 253Mb L: 73/1596 MS: 1 CMP- DE: "k9"-
#15911	NEW    cov: 5228 ft: 19719 corp: 886/135Kb lim: 1596 exec/s: 3977 rss: 254Mb L: 72/1596 MS: 3 ManualDict-ChangeASCIIInt-ManualDict- DE: "\"rev\":"-"1e309"-
#15969	NEW    cov: 5228 ft: 19720 corp: 887/136Kb lim: 1596 exec/s: 3992 rss: 254Mb L: 81/1596 MS: 3 CopyPart-CrossOver-EraseBytes-
#15998	NEW    cov: 5229 ft: 19723 corp: 888/136Kb lim: 1596 exec/s: 3999 rss: 254Mb L: 84/1596 MS: 4 CrossOver-ManualDict-ChangeByte-InsertRepeatedBytes- DE: "1700000000000000000"-
#16016	REDUCE cov: 5229 ft: 19723 corp: 888/135Kb lim: 1596 exec/s: 4004 rss: 254Mb L: 250/1596 MS: 3 ChangeBinInt-ManualDict-EraseBytes- DE: "\"2024-01-15T10:30:00Z\""-
#16020	REDUCE cov: 5229 ft: 19730 corp: 889/135Kb lim: 1596 exec/s: 4005 rss: 254Mb L: 36/1596 MS: 4 CMP-EraseBytes-CopyPart-ChangeByte- DE: "[1"-
#16049	NEW    cov: 5229 ft: 19732 corp: 890/136Kb lim: 1596 exec/s: 4012 rss: 254Mb L: 15/1596 MS: 4 ChangeByte-ManualDict-ChangeBit-ChangeBinInt- DE: "\\ud83d"-
#16080	REDUCE cov: 5229 ft: 19732 corp: 890/136Kb lim: 1596 exec/s: 4020 rss: 255Mb L: 49/1596 MS: 1 EraseBytes-
#16088	NEW    cov: 5229 ft: 19741 corp: 891/136Kb lim: 1596 exec/s: 4022 rss: 255Mb L: 130/1596 MS: 3 ChangeBit-ChangeASCIIInt-ChangeBinInt-
#16144	NEW    cov: 5237 ft: 19752 corp: 892/136Kb lim: 1596 exec/s: 4036 rss: 255Mb L: 195/1596 MS: 1 CopyPart-
#16190	REDUCE cov: 5237 ft: 19752 corp: 892/136Kb lim: 1596 exec/s: 4047 rss: 255Mb L: 16/1596 MS: 1 EraseBytes-
#16212	NEW    cov: 5237 ft: 19769 corp: 893/137Kb lim: 1596 exec/s: 4053 rss: 256Mb L: 881/1596 MS: 2 ChangeASCIIInt-EraseBytes-
#16223	NEW    cov: 5239 ft: 19821 corp: 894/137Kb lim: 1596 exec/s: 4055 rss: 256Mb L: 52/1596 MS: 1 ChangeBinInt-
#16248	NEW    cov: 5240 ft: 19830 corp: 895/137Kb lim: 1596 exec/s: 4062 rss: 256Mb L: 127/1596 MS: 5 ManualDict-ChangeASCIIInt-ChangeByte-CrossOver-CrossOver- DE: ","-
#16259	REDUCE cov: 5240 ft: 19843 corp: 896/137Kb lim: 1596 exec/s: 4064 rss: 257Mb L: 43/1596 MS: 1 PersAutoDict- DE: "1700000000000"-
#16270	NEW    cov: 5240 ft: 19844 corp: 897/137Kb lim: 1596 exec/s: 4067 rss: 257Mb L: 88/1596 MS: 1 ChangeByte-
#16345	NEW    cov: 5241 ft: 19845 corp: 898/137Kb lim: 1596 exec/s: 4086 rss: 257Mb L: 297/1596 MS: 5 InsertRepeatedBytes-ChangeBit-CMP-EraseBytes-CopyPart- DE: "BpdatedAt"-
#16369	REDUCE cov: 5241 ft: 19845 corp: 898/137Kb lim: 1596 exec/s: 4092 rss: 257Mb L: 22/1596 MS: 4 ChangeBit-ChangeByte-ManualDict-EraseBytes- DE: "\\ud83d\\ude00"-
#16372	NEW    cov: 5241 ft: 19853 corp: 899/137Kb lim: 1596 exec/s: 4093 rss: 257Mb L: 132/1596 MS: 3 InsertByte-ChangeBit-EraseBytes-
#16384	pulse  cov: 5241 ft: 19853 corp: 899/137Kb lim: 1596 exec/s: 4096 rss: 258Mb
#16387	NEW    cov: 5241 ft: 19862 corp: 900/138Kb lim: 1596 exec/s: 4096 rss: 258Mb L: 151/1596 MS: 5 EraseBytes-InsertRepeatedBytes-ChangeBinInt-CMP-CrossOver- DE: "`\345R\330\252\252\000\000"-
#16430	NEW    cov: 5246 ft: 19867 corp: 901/138Kb lim: 1596 exec/s: 4107 rss: 258Mb L: 818/1596 MS: 3 ChangeBit-ChangeByte-InsertByte-
#16441	NEW    cov: 5246 ft: 19884 corp: 902/138Kb lim: 1596 exec/s: 4110 rss: 258Mb L: 95/1596 MS: 1 ChangeBit-
#16454	REDUCE cov: 5246 ft: 19884 corp: 902/138Kb lim: 1596 exec/s: 4113 rss: 258Mb L: 279/1596 MS: 3 ChangeASCIIInt-PersAutoDict-EraseBytes- DE: "{\"a\":{\"b\":"-
#16459	REDUCE cov: 5246 ft: 19884 corp: 902/138Kb lim: 1596 exec/s: 4114 rss: 258Mb L: 31/1596 MS: 5 InsertByte-ChangeBinInt-CopyPart-ShuffleBytes-EraseBytes-
#16475	NEW    cov: 5246 ft: 19887 corp: 903/138Kb lim: 1596 exec/s: 4118 rss: 258Mb L: 86/1596 MS: 1 ChangeByte-
#16491	NEW    cov: 5247 ft: 19890 corp: 904/138Kb lim: 1596 exec/s: 4122 rss: 259Mb L: 12/1596 MS: 1 ChangeASCIIInt-
#16503	NEW    cov: 5254 ft: 19919 corp: 905/139Kb lim: 1596 exec/s: 4125 rss: 259Mb L: 353/1596 MS: 2 ChangeByte-CopyPart-
#16525	REDUCE cov: 5254 ft: 19919 corp: 905/139Kb lim: 1596 exec/s: 4131 rss: 259Mb L: 173/1596 MS: 2 ChangeBit-EraseBytes-
#16610	NEW    cov: 5259 ft: 19925 corp: 906/139Kb lim: 1596 exec/s: 4152 rss: 260Mb L: 158/1596 MS: 5 CrossOver-ChangeASCIIInt-InsertRepeatedBytes-ChangeASCIIInt-ChangeBit-
#16611	REDUCE cov: 5259 ft: 19925 corp: 906/139Kb lim: 1596 exec/s: 4152 rss: 260Mb L: 46/1596 MS: 1 EraseBytes-
#16612	NEW    cov: 5259 ft: 19931 corp: 907/140Kb lim: 1596 exec/s: 4153 rss: 261Mb L: 1596/1596 MS: 1 ShuffleBytes-
#16636	NEW    cov: 5259 ft: 19937 corp: 908/141Kb lim: 1596 exec/s: 4159 rss: 261Mb L: 906/1596 MS: 4 ChangeASCIIInt-ChangeBit-ChangeASCIIInt-EraseBytes-
#16657	NEW    cov: 5259 ft: 19940 corp: 909/141Kb lim: 1596 exec/s: 4164 rss: 261Mb L: 151/1596 MS: 1 CopyPart-
#16668	NEW    cov: 5259 ft: 19949 corp: 910/141Kb lim: 1596 exec/s: 4167 rss: 261Mb L: 35/1596 MS: 1 EraseBytes-
#16672	REDUCE cov: 5259 ft: 19949 corp: 910/141Kb lim: 1596 exec/s: 4168 rss: 262Mb L: 68/1596 MS: 4 InsertByte-PersAutoDict-ChangeASCIIInt-EraseBytes- DE: "\303\251"-
#16680	REDUCE cov: 5259 ft: 19951 corp: 911/142Kb lim: 1596 exec/s: 4170 rss: 262Mb L: 218/1596 MS: 3 InsertByte-InsertRepeatedBytes-ChangeByte-
#16689	REDUCE cov: 5259 ft: 19951 corp: 911/142Kb lim: 1596 exec/s: 4172 rss: 262Mb L: 516/1596 MS: 4 ManualDict-CMP-InsertRepeatedBytes-EraseBytes- DE: "1700000000000000000"-"updatedAt"-
#16700	NEW    cov: 5259 ft: 19974 corp: 912/142Kb lim: 1596 exec/s: 4175 rss: 262Mb L: 162/1596 MS: 1 ChangeASCIIInt-
#16703	REDUCE cov: 5259 ft: 19974 corp: 912/142Kb lim: 1596 exec/s: 4175 rss: 262Mb L: 62/1596 MS: 3 ChangeBit-PersAutoDict-EraseBytes- DE: "\"id\":\"a1b2c3d4\""-
#16709	NEW    cov: 5259 ft: 19976 corp: 913/142Kb lim: 1596 exec/s: 4177 rss: 262Mb L: 178/1596 MS: 1 InsertByte-
#16765	NEW    cov: 5262 ft: 19980 corp: 914/142Kb lim: 1596 exec/s: 4191 rss: 263Mb L: 25/1596 MS: 1 PersAutoDict- DE: "1e309"-
#16813	NEW    cov: 5262 ft: 19981 corp: 915/142Kb lim: 1596 exec/s: 4203 rss: 263Mb L: 91/1596 MS: 3 CopyPart-ChangeBit-InsertByte-
#16872	REDUCE cov: 5262 ft: 19981 corp: 915/142Kb lim: 1596 exec/s: 4218 rss: 264Mb L: 41/1596 MS: 4 EraseBytes-ManualDict-CMP-EraseBytes- DE: "-1"-"\377\377\377\377\377\377\377\377"-
#16934	NEW    cov: 5262 ft: 19982 corp: 916/142Kb lim: 1596 exec/s: 4233 rss: 264Mb L: 137/1596 MS: 2 InsertRepeatedBytes-ChangeBit-
#16940	NEW    cov: 5262 ft: 19983 corp: 917/142Kb lim: 1596 exec/s: 4235 rss: 264Mb L: 113/1596 MS: 1 InsertRepeatedBytes-
#17034	REDUCE cov: 5262 ft: 19984 corp: 918/142Kb lim: 1596 exec/s: 4258 rss: 265Mb L: 108/1596 MS: 4 ShuffleBytes-ChangeBit-CrossOver-CMP- DE: "\377\377\377\026"-
#17036	NEW    cov: 5269 ft: 19991 corp: 919/143Kb lim: 1596 exec/s: 4259 rss: 265Mb L: 355/1596 MS: 2 ManualDict-InsertByte- DE: "}"-
#17074	REDUCE cov: 5269 ft: 19991 corp: 919/143Kb lim: 1596 exec/s: 4268 rss: 265Mb L: 20/1596 MS: 3 ChangeByte-PersAutoDict-EraseBytes- DE: "0"-
#17090	REDUCE cov: 5269 ft: 19991 corp: 919/143Kb lim: 1596 exec/s: 4272 rss: 266Mb L: 58/1596 MS: 1 EraseBytes-
#17107	NEW    cov: 5269 ft: 20010 corp: 920/143Kb lim: 1596 exec/s: 4276 rss: 266Mb L: 56/1596 MS: 2 ManualDict-ChangeBinInt- DE: "-9223372036854775808"-
#17132	REDUCE cov: 5269 ft: 20010 corp: 920/143Kb lim: 1596 exec/s: 4283 rss: 266Mb L: 129/1596 MS: 5 CMP-InsertRepeatedBytes-ChangeASCIIInt-EraseBytes-EraseBytes- DE: "\001\006"-
#17139	REDUCE cov: 5269 ft: 20010 corp: 920/143Kb lim: 1596 exec/s: 4284 rss: 266Mb L: 160/1596 MS: 2 PersAutoDict-EraseBytes- DE: "\"1700000000000\""-
#17199	NEW    cov: 5270 ft: 20011 corp: 921/143Kb lim: 1596 exec/s: 4299 rss: 267Mb L: 51/1596 MS: 5 ChangeByte-ChangeBit-ChangeASCIIInt-InsertRepeatedBytes-ChangeBinInt-
#17225	NEW    cov: 5270 ft: 20013 corp: 922/143Kb lim: 1596 exec/s: 4306 rss: 267Mb L: 66/1596 MS: 1 EraseBytes-
#17229	REDUCE cov: 5270 ft: 20013 corp: 922/143Kb lim: 1596 exec/s: 4307 rss: 267Mb L: 107/1596 MS: 4 ChangeBit-ChangeASCIIInt-InsertByte-EraseBytes-
#17238	NEW    cov: 5273 ft: 20018 corp: 923/143Kb lim: 1596 exec/s: 4309 rss: 267Mb L: 7/1596 MS: 4 InsertByte-ChangeBit-ChangeASCIIInt-EraseBytes-
#17290	REDUCE cov: 5273 ft: 20018 corp: 923/143Kb lim: 1596 exec/s: 4322 rss: 268Mb L: 121/1596 MS: 2 ManualDict-EraseBytes- DE: "\\\\"-
#17313	REDUCE cov: 5273 ft: 20018 corp: 923/143Kb lim: 1596 exec/s: 4328 rss: 268Mb L: 63/1596 MS: 3 ChangeBit-CMP-EraseBytes- DE: "\226\345R\330\252\252\000\000"-
#17324	NEW    cov: 5273 ft: 20020 corp: 924/143Kb lim: 1596 exec/s: 4331 rss: 268Mb L: 60/1596 MS: 1 InsertByte-
#17360	NEW    cov: 5273 ft: 20051 corp: 925/144Kb lim: 1596 exec/s: 4340 rss: 269Mb L: 963/1596 MS: 1 EraseBytes-
#17366	NEW    cov: 5273 ft: 20052 corp: 926/144Kb lim: 1596 exec/s: 4341 rss: 269Mb L: 160/1596 MS: 1 InsertByte-
#17392	REDUCE cov: 5273 ft: 20052 corp: 926/144Kb lim: 1596 exec/s: 4348 rss: 269Mb L: 76/1596 MS: 1 EraseBytes-
#17423	NEW    cov: 5281 ft: 20073 corp: 927/144Kb lim: 1596 exec/s: 4355 rss: 270Mb L: 84/1596 MS: 1 ShuffleBytes-
#17473	NEW    cov: 5281 ft: 20076 corp: 928/144Kb lim: 1596 exec/s: 4368 rss: 270Mb L: 131/1596 MS: 5 ChangeBinInt-ChangeByte-ChangeByte-InsertRepeatedBytes-ChangeBinInt-
#17486	REDUCE cov: 5281 ft: 20077 corp: 929/144Kb lim: 1596 exec/s: 4371 rss: 270Mb L: 277/1596 MS: 3 CMP-ChangeBinInt-ManualDict- DE: "wd\362\250\257\374\000\000"-"\"syncedAt\":"-
#17519	NEW    cov: 5281 ft: 20081 corp: 930/145Kb lim: 1596 exec/s: 4379 rss: 271Mb L: 329/1596 MS: 3 ChangeBit-InsertRepeatedBytes-PersAutoDict- DE: "BpdatedAt"-
#17557	REDUCE cov: 5281 ft: 20088 corp: 931/145Kb lim: 1596 exec/s: 4389 rss: 271Mb L: 122/1596 MS: 3 InsertRepeatedBytes-EraseBytes-CrossOver-
#17578	NEW    cov: 5281 ft: 20097 corp: 932/145Kb lim: 1596 exec/s: 4394 rss: 271Mb L: 60/1596 MS: 1 ManualDict- DE: "{"-
#17606	NEW    cov: 5295 ft: 20112 corp: 933/145Kb lim: 1596 exec/s: 4401 rss: 272Mb L: 178/1596 MS: 3 ChangeBinInt-CopyPart-ManualDict- DE: "\\ud83d\\ude00"-
#17641	REDUCE cov: 5295 ft: 20112 corp: 933/145Kb lim: 1596 exec/s: 4410 rss: 272Mb L: 18/1596 MS: 5 PersAutoDict-ManualDict-InsertByte-ChangeByte-EraseBytes- DE: "\"rev\":"-"\"id\":\"1\""-
#17729	NEW    cov: 5295 ft: 20144 corp: 934/145Kb lim: 1596 exec/s: 4432 rss: 272Mb L: 100/1596 MS: 3 ChangeASCIIInt-ChangeBit-InsertRepeatedBytes-
#17791	REDUCE cov: 5295 ft: 20144 corp: 934/145Kb lim: 1596 exec/s: 4447 rss: 273Mb L: 41/1596 MS: 2 ChangeByte-EraseBytes-
#17812	NEW    cov: 5295 ft: 20147 corp: 935/145Kb lim: 1596 exec/s: 4453 rss: 273Mb L: 158/1596 MS: 1 InsertRepeatedBytes-
#17813	REDUCE cov: 5295 ft: 20147 corp: 935/145Kb lim: 1596 exec/s: 4453 rss: 273Mb L: 17/1596 MS: 1 EraseBytes-
#17819	NEW    cov: 5295 ft: 20160 corp: 936/145Kb lim: 1596 exec/s: 4454 rss: 273Mb L: 34/1596 MS: 1 CrossOver-
#17821	NEW    cov: 5295 ft: 20167 corp: 937/145Kb lim: 1596 exec/s: 4455 rss: 273Mb L: 39/1596 MS: 2 CMP-PersAutoDict- DE: "k46"-"\"updatedAt\":"-
#17827	NEW    cov: 5295 ft: 20168 corp: 938/145Kb lim: 1596 exec/s: 4456 rss: 274Mb L: 16/1596 MS: 1 ChangeBinInt-
#17846	REDUCE cov: 5295 ft: 20168 corp: 938/145Kb lim: 1596 exec/s: 4461 rss: 274Mb L: 318/1596 MS: 4 ChangeASCIIInt-ChangeByte-ShuffleBytes-EraseBytes-
#17887	NEW    cov: 5303 ft: 20176 corp: 939/145Kb lim: 1596 exec/s: 4471 rss: 274Mb L: 34/1596 MS: 1 CMP- DE: "\000\004"-
#17904	NEW    cov: 5304 ft: 20177 corp: 940/145Kb lim: 1596 exec/s: 4476 rss: 274Mb L: 106/1596 MS: 2 CopyPart-InsertRepeatedBytes-
#17958	REDUCE cov: 5304 ft: 20177 corp: 940/145Kb lim: 1596 exec/s: 4489 rss: 275Mb L: 75/1596 MS: 4 CopyPart-PersAutoDict-ChangeASCIIInt-EraseBytes- DE: ","-
#18053	REDUCE cov: 5304 ft: 20177 corp: 940/145Kb lim: 1596 exec/s: 4513 rss: 275Mb L: 202/1596 MS: 5 PersAutoDict-InsertByte-ChangeBit-ChangeBit-EraseBytes- DE: "\001\000\374?\250\325j\036"-
#18069	REDUCE cov: 5304 ft: 20177 corp: 940/145Kb lim: 1596 exec/s: 4517 rss: 275Mb L: 32/1596 MS: 1 EraseBytes-
#18090	REDUCE cov: 5304 ft: 20177 corp: 940/145Kb lim: 1596 exec/s: 4522 rss: 276Mb L: 88/1596 MS: 1 EraseBytes-
#18097	NEW    cov: 5305 ft: 20178 corp: 941/145Kb lim: 1596 exec/s: 4524 rss: 276Mb L: 127/1596 MS: 2 ShuffleBytes-CrossOver-
#18106	NEW    cov: 5306 ft: 20179 corp: 942/145Kb lim: 1596 exec/s: 4526 rss: 276Mb L: 43/1596 MS: 4 CrossOver-PersAutoDict-CMP-ChangeBinInt- DE: "\"createdAt\":"-"\360\273\277\000"-
#18118	NEW    cov: 5306 ft: 20181 corp: 943/146Kb lim: 1596 exec/s: 4529 rss: 276Mb L: 561/1596 MS: 2 ManualDict-PersAutoDict- DE: "]"-"\360\237\230\200"-
#18132	NEW    cov: 5310 ft: 20185 corp: 944/146Kb lim: 1596 exec/s: 4533 rss: 276Mb L: 15/1596 MS: 4 ChangeASCIIInt-ChangeASCIIInt-EraseBytes-PersAutoDict- DE: "1.5"-
#18169	NEW    cov: 5310 ft: 20190 corp: 945/146Kb lim: 1596 exec/s: 4542 rss: 277Mb L: 21/1596 MS: 2 EraseBytes-EraseBytes-
#18189	NEW    cov: 5310 ft: 20196 corp: 946/146Kb lim: 1596 exec/s: 4547 rss: 277Mb L: 91/1596 MS: 5 ChangeByte-ShuffleBytes-ChangeBit-ChangeByte-EraseBytes-
#18197	REDUCE cov: 5319 ft: 20205 corp: 947/146Kb lim: 1596 exec/s: 4549 rss: 277Mb L: 44/1596 MS: 3 ManualDict-ChangeBinInt-CMP- DE: "\346\227\245"-"fal"-
#18239	NEW    cov: 5319 ft: 20206 corp: 948/146Kb lim: 1596 exec/s: 4559 rss: 277Mb L: 120/1596 MS: 2 ChangeASCIIInt-CrossOver-
#18265	NEW    cov: 5320 ft: 20207 corp: 949/146Kb lim: 1596 exec/s: 4566 rss: 277Mb L: 20/1596 MS: 1 EraseBytes-
#18266	NEW    cov: 5320 ft: 20211 corp: 950/146Kb lim: 1596 exec/s: 4566 rss: 278Mb L: 85/1596 MS: 1 ChangeBit-
#18298	NEW    cov: 5320 ft: 20212 corp: 951/146Kb lim: 1596 exec/s: 4574 rss: 278Mb L: 43/1596 MS: 2 PersAutoDict-InsertRepeatedBytes- DE: "\""-
#18309	NEW    cov: 5320 ft: 20215 corp: 952/146Kb lim: 1596 exec/s: 4577 rss: 278Mb L: 46/1596 MS: 1 EraseBytes-
#18315	NEW    cov: 5320 ft: 20216 corp: 953/146Kb lim: 1596 exec/s: 4578 rss: 278Mb L: 84/1596 MS: 1 ChangeByte-
#18331	REDUCE cov: 5320 ft: 20216 corp: 953/146Kb lim: 1596 exec/s: 4582 rss: 278Mb L: 401/1596 MS: 1 EraseBytes-
#18348	NEW    cov: 5320 ft: 20217 corp: 954/147Kb lim: 1596 exec/s: 4587 rss: 278Mb L: 143/1596 MS: 2 ChangeASCIIInt-InsertRepeatedBytes-
#18354	NEW    cov: 5320 ft: 20219 corp: 955/147Kb lim: 1596 exec/s: 4588 rss: 279Mb L: 89/1596 MS: 1 CrossOver-
#18437	REDUCE cov: 5320 ft: 20219 corp: 955/147Kb lim: 1596 exec/s: 4609 rss: 279Mb L: 24/1596 MS: 3 ChangeASCIIInt-ChangeByte-EraseBytes-
#18519	REDUCE cov: 5320 ft: 20219 corp: 955/147Kb lim: 1596 exec/s: 4629 rss: 280Mb L: 1458/1596 MS: 2 ChangeBit-EraseBytes-
#18557	REDUCE cov: 5320 ft: 20219 corp: 955/147Kb lim: 1596 exec/s: 4639 rss: 280Mb L: 104/1596 MS: 3 ChangeByte-CrossOver-EraseBytes-
#18573	REDUCE cov: 5329 ft: 20231 corp: 956/147Kb lim: 1596 exec/s: 4643 rss: 280Mb L: 20/1596 MS: 1 PersAutoDict- DE: "29"-
#18649	NEW    cov: 5332 ft: 20234 corp: 957/147Kb lim: 1596 exec/s: 4662 rss: 281Mb L: 115/1596 MS: 1 CrossOver-
#18660	NEW    cov: 5333 ft: 20235 corp: 958/147Kb lim: 1596 exec/s: 4665 rss: 281Mb L: 192/1596 MS: 1 CopyPart-
#18706	REDUCE cov: 5333 ft: 20235 corp: 958/147Kb lim: 1596 exec/s: 4676 rss: 281Mb L: 616/1596 MS: 1 EraseBytes-
#18779	REDUCE cov: 5333 ft: 20237 corp: 959/147Kb lim: 1596 exec/s: 4694 rss: 282Mb L: 152/1596 MS: 3 InsertByte-InsertRepeatedBytes-CrossOver-
#18826	NEW    cov: 5333 ft: 20238 corp: 960/148Kb lim: 1596 exec/s: 4706 rss: 283Mb L: 844/1596 MS: 2 ChangeByte-EraseBytes-
#18831	NEW    cov: 5333 ft: 20247 corp: 961/148Kb lim: 1596 exec/s: 4707 rss: 283Mb L: 92/1596 MS: 5 PersAutoDict-PersAutoDict-ManualDict-ShuffleBytes-ManualDict- DE: "upda.edAt"-"`\345R\330\252\252\000\000"-"\"uuid\":"-"\"rev\":"-
#18850	REDUCE cov: 5333 ft: 20247 corp: 961/148Kb lim: 1596 exec/s: 4712 rss: 283Mb L: 88/1596 MS: 4 CrossOver-InsertRepeatedBytes-CopyPart-EraseBytes-
#18866	REDUCE cov: 5335 ft: 20249 corp: 962/148Kb lim: 1596 exec/s: 4716 rss: 283Mb L: 54/1596 MS: 1 CopyPart-
#18922	NEW    cov: 5342 ft: 20256 corp: 963/148Kb lim: 1596 exec/s: 4730 rss: 283Mb L: 147/1596 MS: 1 InsertRepeatedBytes-
#18983	NEW    cov: 5342 ft: 20259 corp: 964/148Kb lim: 1596 exec/s: 4745 rss: 284Mb L: 32/1596 MS: 1 EraseBytes-
#19024	REDUCE cov: 5342 ft: 20259 corp: 964/148Kb lim: 1596 exec/s: 4756 rss: 284Mb L: 280/1596 MS: 1 EraseBytes-
#19036	REDUCE cov: 5342 ft: 20259 corp: 964/148Kb lim: 1596 exec/s: 4759 rss: 284Mb L: 53/1596 MS: 2 CMP-EraseBytes- DE: "\000\000\000\000\000\000\000$"-
#19045	NEW    cov: 5351 ft: 20268 corp: 965/148Kb lim: 1596 exec/s: 4761 rss: 284Mb L: 170/1596 MS: 4 InsertRepeatedBytes-CopyPart-InsertByte-ManualDict- DE: "\\u0000"-
#19052	NEW    cov: 5363 ft: 20280 corp: 966/148Kb lim: 1596 exec/s: 4763 rss: 285Mb L: 75/1596 MS: 2 CMP-ManualDict- DE: "\004\000\000\000"-"\360\237\230\200"-
#19093	NEW    cov: 5365 ft: 20282 corp: 967/148Kb lim: 1596 exec/s: 4773 rss: 285Mb L: 126/1596 MS: 1 CrossOver-
#19129	NEW    cov: 5366 ft: 20283 corp: 968/149Kb lim: 1596 exec/s: 4782 rss: 285Mb L: 202/1596 MS: 1 InsertRepeatedBytes-
#19187	REDUCE cov: 5366 ft: 20283 corp: 968/149Kb lim: 1596 exec/s: 4796 rss: 286Mb L: 211/1596 MS: 3 InsertRepeatedBytes-InsertRepeatedBytes-EraseBytes-
#19229	REDUCE cov: 5366 ft: 20283 corp: 968/148Kb lim: 1596 exec/s: 4807 rss: 286Mb L: 15/1596 MS: 2 PersAutoDict-EraseBytes- DE: "["-
#19237	NEW    cov: 5366 ft: 20290 corp: 969/149Kb lim: 1596 exec/s: 4809 rss: 286Mb L: 34/1596 MS: 3 CopyPart-ChangeASCIIInt-ChangeBinInt-
#19279	REDUCE cov: 5366 ft: 20290 corp: 969/149Kb lim: 1596 exec/s: 3855 rss: 286Mb L: 21/1596 MS: 2 ChangeASCIIInt-EraseBytes-
#19305	NEW    cov: 5371 ft: 20295 corp: 970/149Kb lim: 1596 exec/s: 3861 rss: 287Mb L: 10/1596 MS: 1 EraseBytes-
#19347	REDUCE cov: 5371 ft: 20295 corp: 970/149Kb lim: 1596 exec/s: 3869 rss: 288Mb L: 32/1596 MS: 2 ChangeASCIIInt-EraseBytes-
#19388	NEW    cov: 5371 ft: 20298 corp: 971/149Kb lim: 1596 exec/s: 3877 rss: 288Mb L: 274/1596 MS: 1 InsertByte-
#19411	REDUCE cov: 5371 ft: 20298 corp: 971/149Kb lim: 1596 exec/s: 3882 rss: 288Mb L: 104/1596 MS: 3 ShuffleBytes-ChangeByte-EraseBytes-
#19417	NEW    cov: 5371 ft: 20307 corp: 972/149Kb lim: 1596 exec/s: 3883 rss: 288Mb L: 247/1596 MS: 1 CrossOver-
#19418	REDUCE cov: 5372 ft: 20308 corp: 973/149Kb lim: 1596 exec/s: 3883 rss: 288Mb L: 65/1596 MS: 1 ChangeBinInt-
#19461	NEW    cov: 5372 ft: 20309 corp: 974/149Kb lim: 1596 exec/s: 3892 rss: 289Mb L: 137/1596 MS: 3 InsertByte-InsertByte-InsertRepeatedBytes-
#19476	REDUCE cov: 5372 ft: 20309 corp: 974/149Kb lim: 1596 exec/s: 3895 rss: 289Mb L: 41/1596 MS: 5 ChangeBit-ChangeBit-PersAutoDict-InsertByte-EraseBytes- DE: "1.5"-
#19487	REDUCE cov: 5372 ft: 20309 corp: 974/149Kb lim: 1596 exec/s: 3897 rss: 289Mb L: 205/1596 MS: 1 EraseBytes-
#19488	REDUCE cov: 5372 ft: 20309 corp: 974/149Kb lim: 1596 exec/s: 3897 rss: 289Mb L: 42/1596 MS: 1 EraseBytes-
#19494	REDUCE cov: 5391 ft: 20330 corp: 975/149Kb lim: 1596 exec/s: 3898 rss: 289Mb L: 68/1596 MS: 1 ChangeASCIIInt-
#19600	REDUCE cov: 5391 ft: 20330 corp: 975/149Kb lim: 1596 exec/s: 3920 rss: 289Mb L: 172/1596 MS: 1 EraseBytes-
#19620	REDUCE cov: 5391 ft: 20330 corp: 975/149Kb lim: 1596 exec/s: 3924 rss: 290Mb L: 86/1596 MS: 5 ShuffleBytes-ShuffleBytes-ManualDict-InsertRepeatedBytes-EraseBytes- DE: "\""-
#19628	NEW    cov: 5391 ft: 20332 corp: 976/149Kb lim: 1596 exec/s: 3925 rss: 290Mb L: 40/1596 MS: 3 InsertRepeatedBytes-ChangeByte-EraseBytes-
#19639	NEW    cov: 5391 ft: 20337 corp: 977/149Kb lim: 1596 exec/s: 3927 rss: 290Mb L: 159/1596 MS: 1 CrossOver-
#19650	NEW    cov: 5391 ft: 20345 corp: 978/149Kb lim: 1596 exec/s: 3930 rss: 290Mb L: 27/1596 MS: 1 ChangeBit-
#19677	NEW    cov: 5391 ft: 20350 corp: 979/150Kb lim: 1596 exec/s: 3935 rss: 290Mb L: 300/1596 MS: 2 ChangeByte-CMP- DE: "k46"-
#19813	NEW    cov: 5391 ft: 20359 corp: 980/150Kb lim: 1596 exec/s: 3962 rss: 291Mb L: 345/1596 MS: 1 ManualDict- DE: "\\\\"-
#19841	NEW    cov: 5392 ft: 20360 corp: 981/150Kb lim: 1596 exec/s: 3968 rss: 292Mb L: 147/1596 MS: 3 CMP-ChangeASCIIInt-ChangeByte- DE: "\376\317C\003"-
#19892	NEW    cov: 5392 ft: 20361 corp: 982/152Kb lim: 1596 exec/s: 3978 rss: 292Mb L: 1596/1596 MS: 1 ChangeByte-
#19905	REDUCE cov: 5392 ft: 20364 corp: 983/152Kb lim: 1596 exec/s: 3981 rss: 292Mb L: 160/1596 MS: 3 CrossOver-ShuffleBytes-ChangeBinInt-
#19906	NEW    cov: 5392 ft: 20365 corp: 984/152Kb lim: 1596 exec/s: 3981 rss: 293Mb L: 160/1596 MS: 1 InsertByte-
#19976	NEW    cov: 5450 ft: 20467 corp: 985/152Kb lim: 1596 exec/s: 3995 rss: 293Mb L: 260/1596 MS: 5 InsertByte-EraseBytes-CrossOver-CopyPart-InsertRepeatedBytes-
#19984	REDUCE cov: 5450 ft: 20467 corp: 985/152Kb lim: 1596 exec/s: 3996 rss: 293Mb L: 134/1596 MS: 3 ChangeByte-ChangeByte-EraseBytes-
#20008	REDUCE cov: 5450 ft: 20467 corp: 985/152Kb lim: 1596 exec/s: 4001 rss: 294Mb L: 98/1596 MS: 4 PersAutoDict-ManualDict-ShuffleBytes-EraseBytes- DE: "k6"-"1700000000.5"-
#20062	REDUCE cov: 5450 ft: 20467 corp: 985/152Kb lim: 1596 exec/s: 4012 rss: 294Mb L: 21/1596 MS: 4 CopyPart-CopyPart-CopyPart-EraseBytes-
#20093	REDUCE cov: 5450 ft: 20467 corp: 985/152Kb lim: 1596 exec/s: 4018 rss: 294Mb L: 263/1596 MS: 1 EraseBytes-
#20155	NEW    cov: 5450 ft: 20476 corp: 986/152Kb lim: 1596 exec/s: 4031 rss: 295Mb L: 159/1596 MS: 2 CopyPart-CrossOver-
#20157	NEW    cov: 5457 ft: 20483 corp: 987/152Kb lim: 1596 exec/s: 4031 rss: 295Mb L: 353/1596 MS: 2 ManualDict-CrossOver- DE: "\\ud83d\\ude00"-
#20159	REDUCE cov: 5457 ft: 20483 corp: 987/152Kb lim: 1596 exec/s: 4031 rss: 295Mb L: 31/1596 MS: 2 ManualDict-EraseBytes- DE: "null"-
#20167	REDUCE cov: 5457 ft: 20483 corp: 987/152Kb lim: 1596 exec/s: 4033 rss: 295Mb L: 21/1596 MS: 3 ChangeBit-ChangeByte-EraseBytes-
#20288	REDUCE cov: 5457 ft: 20483 corp: 987/152Kb lim: 1596 exec/s: 4057 rss: 295Mb L: 178/1596 MS: 1 EraseBytes-
#20290	NEW    cov: 5462 ft: 20488 corp: 988/153Kb lim: 1596 exec/s: 4058 rss: 295Mb L: 322/1596 MS: 2 EraseBytes-CrossOver-
#20307	REDUCE cov: 5462 ft: 20488 corp: 988/153Kb lim: 1596 exec/s: 4061 rss: 296Mb L: 185/1596 MS: 2 ChangeBinInt-EraseBytes-
#20356	NEW    cov: 5462 ft: 20491 corp: 989/153Kb lim: 1596 exec/s: 4071 rss: 296Mb L: 770/1596 MS: 4 ChangeBinInt-CrossOver-ChangeBit-EraseBytes-
#20358	NEW    cov: 5462 ft: 20499 corp: 990/153Kb lim: 1596 exec/s: 4071 rss: 296Mb L: 29/1596 MS: 2 ChangeBinInt-ManualDict- DE: "["-
#20363	NEW    cov: 5462 ft: 20500 corp: 991/154Kb lim: 1596 exec/s: 4072 rss: 296Mb L: 158/1596 MS: 5 ChangeASCIIInt-ChangeASCIIInt-PersAutoDict-ChangeByte-PersAutoDict- DE: "\377\377\377\377"-"{\"id\":1,\"updatedAt\":2,\"createdAt\":1}"-
#20449	NEW    cov: 5463 ft: 20501 corp: 992/154Kb lim: 1596 exec/s: 4089 rss: 297Mb L: 116/1596 MS: 1 CrossOver-
#20491	REDUCE cov: 5463 ft: 20501 corp: 992/154Kb lim: 1596 exec/s: 4098 rss: 298Mb L: 63/1596 MS: 2 CrossOver-EraseBytes-
#20494	REDUCE cov: 5463 ft: 20501 corp: 992/154Kb lim: 1596 exec/s: 4098 rss: 298Mb L: 216/1596 MS: 3 ChangeBit-InsertByte-EraseBytes-
#20534	REDUCE cov: 5464 ft: 20510 corp: 993/154Kb lim: 1596 exec/s: 4106 rss: 298Mb L: 187/1596 MS: 5 CrossOver-ChangeASCIIInt-ChangeBinInt-CrossOver-CopyPart-
#20559	REDUCE cov: 5464 ft: 20511 corp: 994/154Kb lim: 1596 exec/s: 4111 rss: 298Mb L: 48/1596 MS: 5 ChangeBinInt-ShuffleBytes-EraseBytes-EraseBytes-CopyPart-
#20616	REDUCE cov: 5464 ft: 20511 corp: 994/154Kb lim: 1596 exec/s: 4123 rss: 299Mb L: 7/1596 MS: 2 ChangeBinInt-EraseBytes-
#20622	NEW    cov: 5464 ft: 20513 corp: 995/154Kb lim: 1596 exec/s: 4124 rss: 299Mb L: 98/1596 MS: 1 ChangeASCIIInt-
#20644	REDUCE cov: 5465 ft: 20514 corp: 996/154Kb lim: 1596 exec/s: 4128 rss: 299Mb L: 16/1596 MS: 2 CopyPart-EraseBytes-
#20700	REDUCE cov: 5465 ft: 20514 corp: 996/154Kb lim: 1596 exec/s: 4140 rss: 299Mb L: 15/1596 MS: 1 EraseBytes-
#20731	NEW    cov: 5465 ft: 20515 corp: 997/154Kb lim: 1596 exec/s: 4146 rss: 300Mb L: 22/1596 MS: 1 ManualDict- DE: "\"id\":"-
#20739	REDUCE cov: 5465 ft: 20515 corp: 997/154Kb lim: 1596 exec/s: 4147 rss: 300Mb L: 24/1596 MS: 3 CopyPart-ShuffleBytes-EraseBytes-
#20740	REDUCE cov: 5465 ft: 20515 corp: 997/154Kb lim: 1596 exec/s: 4148 rss: 300Mb L: 197/1596 MS: 1 EraseBytes-
#20764	NEW    cov: 5465 ft: 20521 corp: 998/154Kb lim: 1596 exec/s: 4152 rss: 300Mb L: 124/1596 MS: 4 ShuffleBytes-CopyPart-ChangeByte-ManualDict- DE: "\\u00e9"-
#20811	REDUCE cov: 5465 ft: 20521 corp: 998/154Kb lim: 1596 exec/s: 4162 rss: 300Mb L: 22/1596 MS: 2 ChangeASCIIInt-EraseBytes-
#20823	NEW    cov: 5465 ft: 20527 corp: 999/156Kb lim: 1596 exec/s: 4164 rss: 301Mb L: 1554/1596 MS: 2 ChangeBinInt-EraseBytes-
#20829	REDUCE cov: 5465 ft: 20527 corp: 999/156Kb lim: 1596 exec/s: 4165 rss: 301Mb L: 108/1596 MS: 1 EraseBytes-
#20856	NEW    cov: 5465 ft: 20528 corp: 1000/156Kb lim: 1596 exec/s: 4171 rss: 301Mb L: 83/1596 MS: 2 ChangeASCIIInt-CMP- DE: "[1"-
#20892	NEW    cov: 5468 ft: 20531 corp: 1001/156Kb lim: 1596 exec/s: 4178 rss: 302Mb L: 85/1596 MS: 1 ManualDict- DE: "1700000000.5"-
#20926	NEW    cov: 5468 ft: 20540 corp: 1002/156Kb lim: 1596 exec/s: 4185 rss: 302Mb L: 190/1596 MS: 4 InsertRepeatedBytes-ChangeBit-CrossOver-CrossOver-
#20938	NEW    cov: 5478 ft: 20550 corp: 1003/156Kb lim: 1596 exec/s: 4187 rss: 302Mb L: 188/1596 MS: 2 CrossOver-ChangeByte-
#20949	REDUCE cov: 5478 ft: 20550 corp: 1003/156Kb lim: 1596 exec/s: 4189 rss: 302Mb L: 28/1596 MS: 1 EraseBytes-
#21008	NEW    cov: 5478 ft: 20553 corp: 1004/156Kb lim: 1596 exec/s: 4201 rss: 303Mb L: 226/1596 MS: 4 InsertByte-PersAutoDict-ChangeASCIIInt-CopyPart- DE: "`\345R\330\252\252\000\000"-
#21024	NEW    cov: 5479 ft: 20554 corp: 1005/156Kb lim: 1596 exec/s: 4204 rss: 303Mb L: 17/1596 MS: 1 EraseBytes-
#21101	REDUCE cov: 5479 ft: 20554 corp: 1005/156Kb lim: 1596 exec/s: 4220 rss: 303Mb L: 213/1596 MS: 2 PersAutoDict-EraseBytes- DE: "007"-
#21138	NEW    cov: 5479 ft: 20573 corp: 1006/156Kb lim: 1596 exec/s: 4227 rss: 303Mb L: 46/1596 MS: 2 CopyPart-EraseBytes-
#21174	NEW    cov: 5479 ft: 20577 corp: 1007/156Kb lim: 1596 exec/s: 4234 rss: 304Mb L: 84/1596 MS: 1 ManualDict- DE: "9223372036854775807"-
#21195	NEW    cov: 5482 ft: 20580 corp: 1008/157Kb lim: 1596 exec/s: 4239 rss: 304Mb L: 195/1596 MS: 1 CopyPart-
#21211	NEW    cov: 5482 ft: 20587 corp: 1009/157Kb lim: 1596 exec/s: 4242 rss: 304Mb L: 83/1596 MS: 1 CopyPart-
#21222	NEW    cov: 5482 ft: 20588 corp: 1010/157Kb lim: 1596 exec/s: 4244 rss: 304Mb L: 190/1596 MS: 1 CopyPart-
#21386	REDUCE cov: 5482 ft: 20588 corp: 1010/157Kb lim: 1596 exec/s: 4277 rss: 305Mb L: 52/1596 MS: 4 InsertRepeatedBytes-CrossOver-ShuffleBytes-EraseBytes-
#21512	NEW    cov: 5482 ft: 20597 corp: 1011/157Kb lim: 1596 exec/s: 4302 rss: 306Mb L: 44/1596 MS: 1 CMP- DE: "170"-
#21552	NEW    cov: 5482 ft: 20598 corp: 1012/157Kb lim: 1596 exec/s: 4310 rss: 306Mb L: 176/1596 MS: 5 ShuffleBytes-ManualDict-ChangeASCIIInt-ChangeBinInt-CrossOver- DE: "1700000000000000000"-
#21555	REDUCE cov: 5482 ft: 20598 corp: 1012/157Kb lim: 1596 exec/s: 4311 rss: 306Mb L: 112/1596 MS: 3 CopyPart-ChangeASCIIInt-EraseBytes-
#21562	NEW    cov: 5494 ft: 20610 corp: 1013/157Kb lim: 1596 exec/s: 4312 rss: 306Mb L: 105/1596 MS: 2 ChangeASCIIInt-InsertRepeatedBytes-
#21589	REDUCE cov: 5512 ft: 20628 corp: 1014/157Kb lim: 1596 exec/s: 4317 rss: 307Mb L: 104/1596 MS: 2 PersAutoDict-EraseBytes- DE: "\000\000\000\000\000\000\000\002"-
#21590	REDUCE cov: 5512 ft: 20628 corp: 1014/157Kb lim: 1596 exec/s: 4318 rss: 312Mb L: 86/1596 MS: 1 EraseBytes-
#21622	REDUCE cov: 5512 ft: 20628 corp: 1014/157Kb lim: 1596 exec/s: 4324 rss: 313Mb L: 33/1596 MS: 2 CrossOver-EraseBytes-
#21669	NEW    cov: 5512 ft: 20629 corp: 1015/157Kb lim: 1596 exec/s: 4333 rss: 313Mb L: 173/1596 MS: 2 ManualDict-CrossOver- DE: "1.5"-
#21715	NEW    cov: 5512 ft: 20634 corp: 1016/157Kb lim: 1596 exec/s: 4343 rss: 314Mb L: 17/1596 MS: 1 PersAutoDict- DE: "\357\200\200\200"-
#21856	REDUCE cov: 5512 ft: 20634 corp: 1016/157Kb lim: 1596 exec/s: 4371 rss: 315Mb L: 50/1596 MS: 1 EraseBytes-
#21857	NEW    cov: 5515 ft: 20656 corp: 1017/157Kb lim: 1596 exec/s: 4371 rss: 315Mb L: 67/1596 MS: 1 ChangeBinInt-
#21909	NEW    cov: 5522 ft: 20670 corp: 1018/158Kb lim: 1596 exec/s: 4381 rss: 316Mb L: 193/1596 MS: 2 ChangeByte-ManualDict- DE: "\346\227\245"-
#21927	REDUCE cov: 5522 ft: 20670 corp: 1018/158Kb lim: 1596 exec/s: 4385 rss: 316Mb L: 38/1596 MS: 3 CrossOver-CopyPart-EraseBytes-
#21948	REDUCE cov: 5522 ft: 20670 corp: 1018/158Kb lim: 1596 exec/s: 4389 rss: 316Mb L: 63/1596 MS: 1 EraseBytes-
#21974	REDUCE cov: 5522 ft: 20670 corp: 1018/158Kb lim: 1596 exec/s: 4394 rss: 316Mb L: 99/1596 MS: 1 EraseBytes-
#22002	REDUCE cov: 5522 ft: 20670 corp: 1018/158Kb lim: 1596 exec/s: 4400 rss: 317Mb L: 125/1596 MS: 3 ShuffleBytes-ChangeASCIIInt-EraseBytes-
#22009	NEW    cov: 5522 ft: 20671 corp: 1019/158Kb lim: 1596 exec/s: 4401 rss: 317Mb L: 288/1596 MS: 2 PersAutoDict-ManualDict- DE: "\\ud83d\\ude00"-"\"syncedAt\":"-
#22010	NEW    cov: 5522 ft: 20678 corp: 1020/158Kb lim: 1596 exec/s: 4402 rss: 317Mb L: 98/1596 MS: 1 EraseBytes-
#22011	REDUCE cov: 5522 ft: 20678 corp: 1020/158Kb lim: 1596 exec/s: 4402 rss: 317Mb L: 813/1596 MS: 1 EraseBytes-
#22012	NEW    cov: 5524 ft: 20682 corp: 1021/158Kb lim: 1596 exec/s: 4402 rss: 317Mb L: 123/1596 MS: 1 EraseBytes-
#22089	REDUCE cov: 5524 ft: 20682 corp: 1021/158Kb lim: 1596 exec/s: 4417 rss: 318Mb L: 19/1596 MS: 2 ChangeBinInt-EraseBytes-
#22125	NEW    cov: 5524 ft: 20683 corp: 1022/158Kb lim: 1596 exec/s: 4425 rss: 318Mb L: 145/1596 MS: 1 ChangeBit-
#22132	NEW    cov: 5525 ft: 20684 corp: 1023/158Kb lim: 1596 exec/s: 4426 rss: 318Mb L: 32/1596 MS: 2 ChangeBinInt-InsertRepeatedBytes-
#22153	REDUCE cov: 5525 ft: 20684 corp: 1023/158Kb lim: 1596 exec/s: 4430 rss: 318Mb L: 25/1596 MS: 1 EraseBytes-
#22187	NEW    cov: 5525 ft: 20685 corp: 1024/158Kb lim: 1596 exec/s: 4437 rss: 319Mb L: 34/1596 MS: 4 PersAutoDict-ChangeASCIIInt-CMP-ShuffleBytes- DE: ":"-"l7"-
#22352	NEW    cov: 5525 ft: 20689 corp: 1025/158Kb lim: 1596 exec/s: 4470 rss: 321Mb L: 33/1596 MS: 5 InsertByte-InsertRepeatedBytes-ChangeBinInt-ChangeBit-EraseBytes-
#22373	NEW    cov: 5529 ft: 20699 corp: 1026/158Kb lim: 1596 exec/s: 4474 rss: 321Mb L: 43/1596 MS: 1 EraseBytes-
#22379	NEW    cov: 5529 ft: 20702 corp: 1027/158Kb lim: 1596 exec/s: 4475 rss: 321Mb L: 168/1596 MS: 1 InsertRepeatedBytes-
#22396	NEW    cov: 5529 ft: 20704 corp: 1028/158Kb lim: 1596 exec/s: 4479 rss: 321Mb L: 29/1596 MS: 2 ChangeBinInt-CopyPart-
#22402	NEW    cov: 5529 ft: 20709 corp: 1029/158Kb lim: 1596 exec/s: 4480 rss: 321Mb L: 77/1596 MS: 1 ChangeByte-
#22413	NEW    cov: 5529 ft: 20710 corp: 1030/158Kb lim: 1596 exec/s: 4482 rss: 321Mb L: 40/1596 MS: 1 PersAutoDict- DE: "\001\000\374?\250\325j\036"-
#22419	NEW    cov: 5529 ft: 20712 corp: 1031/158Kb lim: 1596 exec/s: 4483 rss: 322Mb L: 28/1596 MS: 1 ChangeBinInt-
#22421	REDUCE cov: 5529 ft: 20712 corp: 1031/158Kb lim: 1596 exec/s: 4484 rss: 322Mb L: 131/1596 MS: 2 ChangeByte-EraseBytes-
#22458	REDUCE cov: 5529 ft: 20712 corp: 1031/158Kb lim: 1596 exec/s: 4491 rss: 322Mb L: 67/1596 MS: 2 ChangeBit-EraseBytes-
#22462	REDUCE cov: 5529 ft: 20712 corp: 1031/158Kb lim: 1596 exec/s: 4492 rss: 322Mb L: 71/1596 MS: 4 ManualDict-ChangeASCIIInt-CrossOver-EraseBytes- DE: "]"-
#22512	REDUCE cov: 5529 ft: 20712 corp: 1031/158Kb lim: 1596 exec/s: 4502 rss: 323Mb L: 424/1596 MS: 5 InsertByte-ChangeASCIIInt-ChangeByte-InsertByte-EraseBytes-
#22528	REDUCE cov: 5529 ft: 20712 corp: 1031/158Kb lim: 1596 exec/s: 4505 rss: 323Mb L: 233/1596 MS: 1 EraseBytes-
#22660	REDUCE cov: 5529 ft: 20712 corp: 1031/158Kb lim: 1596 exec/s: 4532 rss: 324Mb L: 190/1596 MS: 2 ChangeBinInt-EraseBytes-
#22673	REDUCE cov: 5529 ft: 20712 corp: 1031/158Kb lim: 1596 exec/s: 4534 rss: 325Mb L: 185/1596 MS: 3 InsertByte-CMP-EraseBytes- DE: "\000\000\000\000\000\000\000\000"-
#22789	REDUCE cov: 5529 ft: 20712 corp: 1031/158Kb lim: 1596 exec/s: 4557 rss: 325Mb L: 54/1596 MS: 1 EraseBytes-
#22795	NEW    cov: 5543 ft: 20729 corp: 1032/158Kb lim: 1596 exec/s: 4559 rss: 326Mb L: 77/1596 MS: 1 ManualDict- DE: "1700000000"-
#22867	NEW    cov: 5543 ft: 20730 corp: 1033/158Kb lim: 1596 exec/s: 4573 rss: 326Mb L: 46/1596 MS: 2 CrossOver-PersAutoDict- DE: "18"-
#22893	REDUCE cov: 5543 ft: 20730 corp: 1033/158Kb lim: 1596 exec/s: 4578 rss: 326Mb L: 27/1596 MS: 1 EraseBytes-
#22904	NEW    cov: 5543 ft: 20741 corp: 1034/158Kb lim: 1596 exec/s: 4580 rss: 326Mb L: 72/1596 MS: 1 ChangeASCIIInt-
#23032	REDUCE cov: 5543 ft: 20741 corp: 1034/158Kb lim: 1596 exec/s: 4606 rss: 327Mb L: 173/1596 MS: 3 ManualDict-CrossOver-EraseBytes- DE: "[]"-
#23058	NEW    cov: 5543 ft: 20742 corp: 1035/158Kb lim: 1596 exec/s: 4611 rss: 328Mb L: 161/1596 MS: 1 InsertByte-
#23191	NEW    cov: 5543 ft: 20745 corp: 1036/158Kb lim: 1596 exec/s: 4638 rss: 329Mb L: 101/1596 MS: 3 ManualDict-ManualDict-CopyPart- DE: "false"-"\\n"-
#23204	NEW    cov: 5550 ft: 20752 corp: 1037/159Kb lim: 1596 exec/s: 4640 rss: 330Mb L: 43/1596 MS: 3 ChangeASCIIInt-ChangeASCIIInt-ChangeBit-
#23230	NEW    cov: 5555 ft: 20757 corp: 1038/159Kb lim: 1596 exec/s: 4646 rss: 330Mb L: 94/1596 MS: 1 EraseBytes-
#23247	NEW    cov: 5555 ft: 20765 corp: 1039/159Kb lim: 1596 exec/s: 4649 rss: 330Mb L: 69/1596 MS: 2 CrossOver-ChangeBinInt-
#23268	NEW    cov: 5555 ft: 20769 corp: 1040/159Kb lim: 1596 exec/s: 4653 rss: 330Mb L: 72/1596 MS: 1 CMP- DE: "\177pdatedAt"-
#23304	NEW    cov: 5555 ft: 20781 corp: 1041/159Kb lim: 1596 exec/s: 4660 rss: 330Mb L: 99/1596 MS: 1 ManualDict- DE: "\\ud83d\\ude00"-
#23305	REDUCE cov: 5555 ft: 20781 corp: 1041/159Kb lim: 1596 exec/s: 4661 rss: 331Mb L: 295/1596 MS: 1 EraseBytes-
#23345	REDUCE cov: 5555 ft: 20781 corp: 1041/159Kb lim: 1596 exec/s: 4669 rss: 331Mb L: 58/1596 MS: 5 InsertByte-InsertByte-CMP-ChangeASCIIInt-EraseBytes- DE: "\012\000"-
#23346	NEW    cov: 5558 ft: 20787 corp: 1042/159Kb lim: 1596 exec/s: 4669 rss: 331Mb L: 17/1596 MS: 1 EraseBytes-
#23352	NEW    cov: 5558 ft: 20788 corp: 1043/159Kb lim: 1596 exec/s: 4670 rss: 331Mb L: 157/1596 MS: 1 InsertRepeatedBytes-
#23375	NEW    cov: 5559 ft: 20789 corp: 1044/159Kb lim: 1596 exec/s: 4675 rss: 331Mb L: 39/1596 MS: 3 CopyPart-ChangeBinInt-ManualDict- DE: "\\ud83d"-
#23410	NEW    cov: 5559 ft: 20796 corp: 1045/159Kb lim: 1596 exec/s: 4682 rss: 332Mb L: 36/1596 MS: 5 ChangeBit-CMP-EraseBytes-CopyPart-CopyPart- DE: "[1"-
#23432	REDUCE cov: 5559 ft: 20796 corp: 1045/159Kb lim: 1596 exec/s: 4686 rss: 332Mb L: 153/1596 MS: 2 ChangeASCIIInt-EraseBytes-
#23512	REDUCE cov: 5559 ft: 20799 corp: 1046/159Kb lim: 1596 exec/s: 4702 rss: 333Mb L: 102/1596 MS: 5 CopyPart-CMP-CMP-PersAutoDict-InsertRepeatedBytes- DE: "n\":"-"\021\000\000\000"-","-
#23549	NEW    cov: 5560 ft: 20800 corp: 1047/159Kb lim: 1596 exec/s: 4709 rss: 333Mb L: 393/1596 MS: 2 CrossOver-CrossOver-
#23555	NEW    cov: 5560 ft: 20803 corp: 1048/160Kb lim: 1596 exec/s: 4711 rss: 333Mb L: 105/1596 MS: 1 InsertByte-
#23588	REDUCE cov: 5560 ft: 20806 corp: 1049/160Kb lim: 1596 exec/s: 4717 rss: 334Mb L: 30/1596 MS: 3 InsertRepeatedBytes-ChangeASCIIInt-ChangeBinInt-
#23605	REDUCE cov: 5560 ft: 20806 corp: 1049/159Kb lim: 1596 exec/s: 4721 rss: 334Mb L: 90/1596 MS: 2 ChangeASCIIInt-EraseBytes-
#23652	REDUCE cov: 5560 ft: 20806 corp: 1049/159Kb lim: 1596 exec/s: 4730 rss: 334Mb L: 266/1596 MS: 2 ShuffleBytes-EraseBytes-
#23683	NEW    cov: 5560 ft: 20815 corp: 1050/159Kb lim: 1596 exec/s: 4736 rss: 334Mb L: 46/1596 MS: 1 EraseBytes-
#23719	REDUCE cov: 5560 ft: 20815 corp: 1050/159Kb lim: 1596 exec/s: 4743 rss: 335Mb L: 207/1596 MS: 1 EraseBytes-
#23756	REDUCE cov: 5560 ft: 20815 corp: 1050/159Kb lim: 1596 exec/s: 4751 rss: 335Mb L: 78/1596 MS: 2 ShuffleBytes-EraseBytes-
#23767	NEW    cov: 5560 ft: 20828 corp: 1051/160Kb lim: 1596 exec/s: 4753 rss: 335Mb L: 91/1596 MS: 1 ManualDict- DE: "\\\\"-
#23773	REDUCE cov: 5560 ft: 20828 corp: 1051/160Kb lim: 1596 exec/s: 4754 rss: 336Mb L: 229/1596 MS: 1 EraseBytes-
#23799	REDUCE cov: 5560 ft: 20828 corp: 1051/160Kb lim: 1596 exec/s: 4759 rss: 336Mb L: 76/1596 MS: 1 EraseBytes-
#23951	REDUCE cov: 5617 ft: 20885 corp: 1052/160Kb lim: 1596 exec/s: 4790 rss: 337Mb L: 283/1596 MS: 2 PersAutoDict-PersAutoDict- DE: "\\u00e9"-"\""-
#23968	REDUCE cov: 5617 ft: 20885 corp: 1052/160Kb lim: 1596 exec/s: 4793 rss: 337Mb L: 18/1596 MS: 2 ShuffleBytes-EraseBytes-
#23970	REDUCE cov: 5617 ft: 20885 corp: 1052/160Kb lim: 1596 exec/s: 4794 rss: 337Mb L: 31/1596 MS: 2 ChangeBinInt-EraseBytes-
#24088	REDUCE cov: 5617 ft: 20885 corp: 1052/160Kb lim: 1596 exec/s: 4817 rss: 338Mb L: 36/1596 MS: 3 ManualDict-EraseBytes-CMP- DE: "null"-"u1"-
#24094	REDUCE cov: 5617 ft: 20885 corp: 1052/160Kb lim: 1596 exec/s: 4818 rss: 338Mb L: 8/1596 MS: 1 EraseBytes-
#24095	NEW    cov: 5617 ft: 20888 corp: 1053/160Kb lim: 1596 exec/s: 4819 rss: 338Mb L: 684/1596 MS: 1 CrossOver-
#24146	NEW    cov: 5617 ft: 20889 corp: 1054/160Kb lim: 1596 exec/s: 4829 rss: 339Mb L: 32/1596 MS: 1 ShuffleBytes-
#24152	NEW    cov: 5617 ft: 20890 corp: 1055/161Kb lim: 1596 exec/s: 4830 rss: 339Mb L: 102/1596 MS: 1 ManualDict- DE: "\346\227\245"-
#24188	REDUCE cov: 5617 ft: 20890 corp: 1055/160Kb lim: 1596 exec/s: 4837 rss: 339Mb L: 1192/1596 MS: 1 EraseBytes-
#24229	REDUCE cov: 5617 ft: 20890 corp: 1055/160Kb lim: 1596 exec/s: 4845 rss: 340Mb L: 379/1596 MS: 1 EraseBytes-
#24255	NEW    cov: 5617 ft: 20899 corp: 1056/160Kb lim: 1596 exec/s: 4851 rss: 340Mb L: 48/1596 MS: 1 ManualDict- DE: "-1"-
#24281	NEW    cov: 5617 ft: 20900 corp: 1057/160Kb lim: 1596 exec/s: 4856 rss: 340Mb L: 273/1596 MS: 1 CrossOver-
#24293	REDUCE cov: 5617 ft: 20900 corp: 1057/160Kb lim: 1596 exec/s: 4858 rss: 341Mb L: 40/1596 MS: 2 CrossOver-EraseBytes-
#24315	NEW    cov: 5617 ft: 20909 corp: 1058/161Kb lim: 1596 exec/s: 4863 rss: 341Mb L: 35/1596 MS: 2 ChangeBinInt-ChangeBit-
#24331	REDUCE cov: 5617 ft: 20909 corp: 1058/160Kb lim: 1596 exec/s: 4866 rss: 341Mb L: 57/1596 MS: 1 EraseBytes-
#24340	NEW    cov: 5617 ft: 20915 corp: 1059/161Kb lim: 1596 exec/s: 4868 rss: 341Mb L: 29/1596 MS: 4 ChangeByte-ChangeByte-ChangeASCIIInt-ChangeBinInt-
#24399	NEW    cov: 5622 ft: 20920 corp: 1060/161Kb lim: 1596 exec/s: 4879 rss: 343Mb L: 99/1596 MS: 4 CrossOver-ShuffleBytes-InsertRepeatedBytes-EraseBytes-
#24457	NEW    cov: 5622 ft: 20929 corp: 1061/161Kb lim: 1596 exec/s: 4891 rss: 344Mb L: 42/1596 MS: 3 ChangeASCIIInt-ChangeBit-EraseBytes-
#24478	NEW    cov: 5622 ft: 20932 corp: 1062/161Kb lim: 1596 exec/s: 4895 rss: 344Mb L: 123/1596 MS: 1 CopyPart-
#24552	NEW    cov: 5623 ft: 20933 corp: 1063/161Kb lim: 1596 exec/s: 4910 rss: 344Mb L: 59/1596 MS: 4 ManualDict-ManualDict-ManualDict-EraseBytes- DE: "\036"-"{}"-"}"-
#24579	NEW    cov: 5623 ft: 20935 corp: 1064/161Kb lim: 1596 exec/s: 4915 rss: 345Mb L: 25/1596 MS: 2 ChangeByte-EraseBytes-
#24595	REDUCE cov: 5623 ft: 20935 corp: 1064/161Kb lim: 1596 exec/s: 4919 rss: 345Mb L: 71/1596 MS: 1 EraseBytes-
#24612	NEW    cov: 5623 ft: 20947 corp: 1065/161Kb lim: 1596 exec/s: 4922 rss: 345Mb L: 112/1596 MS: 2 PersAutoDict-ChangeBinInt- DE: "42"-
#24613	NEW    cov: 5623 ft: 20950 corp: 1066/161Kb lim: 1596 exec/s: 4922 rss: 345Mb L: 75/1596 MS: 1 EraseBytes-
#24625	REDUCE cov: 5623 ft: 20950 corp: 1066/161Kb lim: 1596 exec/s: 4925 rss: 345Mb L: 34/1596 MS: 2 ChangeByte-EraseBytes-
#24626	REDUCE cov: 5623 ft: 20950 corp: 1066/161Kb lim: 1596 exec/s: 4925 rss: 346Mb L: 182/1596 MS: 1 EraseBytes-
#24638	REDUCE cov: 5623 ft: 20961 corp: 1067/161Kb lim: 1596 exec/s: 4927 rss: 346Mb L: 125/1596 MS: 2 ShuffleBytes-CrossOver-
#24664	REDUCE cov: 5623 ft: 20961 corp: 1067/161Kb lim: 1596 exec/s: 4932 rss: 346Mb L: 3/1596 MS: 1 EraseBytes-
#24745	REDUCE cov: 5623 ft: 20961 corp: 1067/161Kb lim: 1596 exec/s: 4949 rss: 347Mb L: 43/1596 MS: 1 EraseBytes-
#24748	REDUCE cov: 5623 ft: 20961 corp: 1067/161Kb lim: 1596 exec/s: 4949 rss: 347Mb L: 80/1596 MS: 3 ManualDict-InsertRepeatedBytes-EraseBytes- DE: "\\u00e9"-
#24754	NEW    cov: 5623 ft: 20962 corp: 1068/161Kb lim: 1596 exec/s: 4950 rss: 347Mb L: 120/1596 MS: 1 EraseBytes-
#24755	NEW    cov: 5623 ft: 20967 corp: 1069/162Kb lim: 1596 exec/s: 4951 rss: 347Mb L: 819/1596 MS: 1 PersAutoDict- DE: "\\\""-
#24766	REDUCE cov: 5628 ft: 20986 corp: 1070/162Kb lim: 1596 exec/s: 4953 rss: 348Mb L: 36/1596 MS: 1 ManualDict- DE: "\\ud83d\\ude00"-
#24850	REDUCE cov: 5629 ft: 20995 corp: 1071/162Kb lim: 1596 exec/s: 4970 rss: 348Mb L: 249/1596 MS: 4 InsertRepeatedBytes-CMP-ChangeBit-PersAutoDict- DE: "\"owt"-"k*7"-
#24857	REDUCE cov: 5629 ft: 20995 corp: 1071/162Kb lim: 1596 exec/s: 4971 rss: 348Mb L: 60/1596 MS: 2 CMP-EraseBytes- DE: "\001\000\000\013"-
#24882	NEW    cov: 5630 ft: 20996 corp: 1072/162Kb lim: 1596 exec/s: 4976 rss: 348Mb L: 41/1596 MS: 5 PersAutoDict-ChangeASCIIInt-ChangeBinInt-ChangeBit-ShuffleBytes- DE: "\"owt"-
#25010	NEW    cov: 5630 ft: 20998 corp: 1073/162Kb lim: 1596 exec/s: 5002 rss: 350Mb L: 17/1596 MS: 3 ChangeBinInt-ChangeBit-ChangeByte-
#25011	REDUCE cov: 5630 ft: 20998 corp: 1073/162Kb lim: 1596 exec/s: 5002 rss: 350Mb L: 21/1596 MS: 1 EraseBytes-
#25043	REDUCE cov: 5630 ft: 20998 corp: 1073/162Kb lim: 1596 exec/s: 5008 rss: 351Mb L: 34/1596 MS: 2 ManualDict-EraseBytes- DE: "007"-
#25055	NEW    cov: 5630 ft: 21000 corp: 1074/162Kb lim: 1596 exec/s: 5011 rss: 351Mb L: 13/1596 MS: 2 ChangeASCIIInt-EraseBytes-
#25080	NEW    cov: 5630 ft: 21002 corp: 1075/162Kb lim: 1596 exec/s: 5016 rss: 351Mb L: 59/1596 MS: 5 EraseBytes-InsertByte-ChangeByte-CMP-CMP- DE: "28"-"23"-
#25123	REDUCE cov: 5630 ft: 21002 corp: 1075/162Kb lim: 1596 exec/s: 5024 rss: 351Mb L: 76/1596 MS: 3 PersAutoDict-EraseBytes-CrossOver- DE: "{\"a\":{\"b\":"-
#25201	REDUCE cov: 5633 ft: 21010 corp: 1076/162Kb lim: 1596 exec/s: 5040 rss: 352Mb L: 87/1596 MS: 3 InsertRepeatedBytes-ChangeASCIIInt-CrossOver-
#25207	NEW    cov: 5633 ft: 21019 corp: 1077/164Kb lim: 1596 exec/s: 5041 rss: 352Mb L: 1520/1596 MS: 1 EraseBytes-
#25228	NEW    cov: 5633 ft: 21020 corp: 1078/164Kb lim: 1596 exec/s: 5045 rss: 353Mb L: 36/1596 MS: 1 CrossOver-
#25309	REDUCE cov: 5633 ft: 21020 corp: 1078/164Kb lim: 1596 exec/s: 5061 rss: 353Mb L: 134/1596 MS: 1 EraseBytes-
#25310	REDUCE cov: 5633 ft: 21020 corp: 1078/164Kb lim: 1596 exec/s: 5062 rss: 353Mb L: 84/1596 MS: 1 EraseBytes-
#25311	REDUCE cov: 5633 ft: 21020 corp: 1078/164Kb lim: 1596 exec/s: 5062 rss: 353Mb L: 36/1596 MS: 1 EraseBytes-
#25350	NEW    cov: 5633 ft: 21021 corp: 1079/164Kb lim: 1596 exec/s: 5070 rss: 354Mb L: 200/1596 MS: 4 ManualDict-ChangeBit-ChangeByte-CrossOver- DE: "\"key\":"-
#25356	REDUCE cov: 5633 ft: 21021 corp: 1079/164Kb lim: 1596 exec/s: 5071 rss: 354Mb L: 140/1596 MS: 1 EraseBytes-
#25422	REDUCE cov: 5633 ft: 21023 corp: 1080/164Kb lim: 1596 exec/s: 5084 rss: 354Mb L: 490/1596 MS: 1 EraseBytes-
#25603	REDUCE cov: 5633 ft: 21023 corp: 1080/164Kb lim: 1596 exec/s: 5120 rss: 356Mb L: 52/1596 MS: 1 EraseBytes-
#25612	REDUCE cov: 5633 ft: 21023 corp: 1080/164Kb lim: 1596 exec/s: 5122 rss: 356Mb L: 79/1596 MS: 4 CopyPart-PersAutoDict-InsertRepeatedBytes-EraseBytes- DE: "\001\000\374?\250\325j\036"-
#25628	NEW    cov: 5633 ft: 21032 corp: 1081/164Kb lim: 1596 exec/s: 5125 rss: 356Mb L: 74/1596 MS: 1 EraseBytes-
#25630	REDUCE cov: 5633 ft: 21033 corp: 1082/165Kb lim: 1596 exec/s: 5126 rss: 357Mb L: 177/1596 MS: 2 ManualDict-EraseBytes- DE: "\"updatedAt\":"-
#25636	REDUCE cov: 5633 ft: 21033 corp: 1082/165Kb lim: 1596 exec/s: 5127 rss: 357Mb L: 119/1596 MS: 1 EraseBytes-
#25671	NEW    cov: 5633 ft: 21038 corp: 1083/165Kb lim: 1596 exec/s: 5134 rss: 357Mb L: 168/1596 MS: 5 ChangeByte-PersAutoDict-ChangeBinInt-InsertByte-CrossOver- DE: "\377z:t"-
#25742	REDUCE cov: 5633 ft: 21038 corp: 1083/165Kb lim: 1596 exec/s: 5148 rss: 357Mb L: 129/1596 MS: 1 EraseBytes-
#25743	NEW    cov: 5634 ft: 21039 corp: 1084/165Kb lim: 1596 exec/s: 5148 rss: 358Mb L: 109/1596 MS: 1 CrossOver-
#25821	REDUCE cov: 5634 ft: 21039 corp: 1084/165Kb lim: 1596 exec/s: 5164 rss: 358Mb L: 42/1596 MS: 3 ShuffleBytes-ManualDict-EraseBytes- DE: "["-
#25832	REDUCE cov: 5634 ft: 21039 corp: 1084/165Kb lim: 1596 exec/s: 5166 rss: 359Mb L: 109/1596 MS: 1 EraseBytes-
#25853	NEW    cov: 5634 ft: 21048 corp: 1085/165Kb lim: 1596 exec/s: 5170 rss: 359Mb L: 28/1596 MS: 1 ManualDict- DE: "\"id\":"-
#25895	NEW    cov: 5635 ft: 21051 corp: 1086/165Kb lim: 1596 exec/s: 5179 rss: 359Mb L: 11/1596 MS: 2 PersAutoDict-EraseBytes- DE: "k8"-
#25976	NEW    cov: 5635 ft: 21052 corp: 1087/165Kb lim: 1596 exec/s: 5195 rss: 360Mb L: 116/1596 MS: 1 CrossOver-
#25982	REDUCE cov: 5635 ft: 21052 corp: 1087/165Kb lim: 1596 exec/s: 5196 rss: 360Mb L: 98/1596 MS: 1 EraseBytes-
#26105	NEW    cov: 5636 ft: 21062 corp: 1088/165Kb lim: 1596 exec/s: 5221 rss: 361Mb L: 12/1596 MS: 3 ShuffleBytes-ChangeBit-ManualDict- DE: "\036"-
#26153	NEW    cov: 5636 ft: 21065 corp: 1089/165Kb lim: 1596 exec/s: 5230 rss: 361Mb L: 18/1596 MS: 3 CMP-CMP-ManualDict- DE: "\000\000\002\264"-"\377\377\377\377\377\377\377\003"-"1e309"-
#26179	NEW    cov: 5636 ft: 21070 corp: 1090/165Kb lim: 1596 exec/s: 5235 rss: 361Mb L: 18/1596 MS: 1 EraseBytes-
#26190	REDUCE cov: 5636 ft: 21070 corp: 1090/165Kb lim: 1596 exec/s: 5238 rss: 362Mb L: 11/1596 MS: 1 EraseBytes-
#26232	NEW    cov: 5636 ft: 21071 corp: 1091/165Kb lim: 1596 exec/s: 5246 rss: 362Mb L: 18/1596 MS: 2 ChangeByte-EraseBytes-
#26304	REDUCE cov: 5636 ft: 21071 corp: 1091/165Kb lim: 1596 exec/s: 5260 rss: 363Mb L: 11/1596 MS: 2 ChangeBit-EraseBytes-
#26340	REDUCE cov: 5636 ft: 21071 corp: 1091/165Kb lim: 1596 exec/s: 5268 rss: 363Mb L: 87/1596 MS: 1 EraseBytes-
#26348	NEW    cov: 5636 ft: 21080 corp: 1092/165Kb lim: 1596 exec/s: 5269 rss: 363Mb L: 39/1596 MS: 3 InsertRepeatedBytes-ChangeByte-EraseBytes-
#26434	REDUCE cov: 5636 ft: 21080 corp: 1092/165Kb lim: 1596 exec/s: 5286 rss: 364Mb L: 29/1596 MS: 1 EraseBytes-
#26446	REDUCE cov: 5636 ft: 21080 corp: 1092/165Kb lim: 1596 exec/s: 5289 rss: 364Mb L: 120/1596 MS: 2 PersAutoDict-EraseBytes- DE: "42"-
#26453	NEW    cov: 5636 ft: 21085 corp: 1093/165Kb lim: 1596 exec/s: 5290 rss: 364Mb L: 35/1596 MS: 2 ChangeBinInt-PersAutoDict- DE: "1700000000"-
#26594	REDUCE cov: 5636 ft: 21085 corp: 1093/165Kb lim: 1596 exec/s: 5318 rss: 365Mb L: 59/1596 MS: 1 EraseBytes-
#26600	NEW    cov: 5636 ft: 21092 corp: 1094/165Kb lim: 1596 exec/s: 5320 rss: 365Mb L: 59/1596 MS: 1 CrossOver-
#26700	REDUCE cov: 5636 ft: 21092 corp: 1094/165Kb lim: 1596 exec/s: 5340 rss: 366Mb L: 98/1596 MS: 5 ShuffleBytes-ChangeBit-CrossOver-ChangeBinInt-EraseBytes-
#26708	REDUCE cov: 5636 ft: 21092 corp: 1094/165Kb lim: 1596 exec/s: 5341 rss: 366Mb L: 75/1596 MS: 3 CrossOver-ShuffleBytes-EraseBytes-
#26760	NEW    cov: 5636 ft: 21096 corp: 1095/165Kb lim: 1596 exec/s: 5352 rss: 366Mb L: 132/1596 MS: 2 ChangeByte-ShuffleBytes-
#26840	REDUCE cov: 5636 ft: 21096 corp: 1095/165Kb lim: 1596 exec/s: 5368 rss: 368Mb L: 54/1596 MS: 5 CrossOver-InsertByte-InsertByte-ChangeASCIIInt-EraseBytes-
#26860	REDUCE cov: 5636 ft: 21097 corp: 1096/165Kb lim: 1596 exec/s: 5372 rss: 368Mb L: 108/1596 MS: 5 ChangeASCIIInt-ChangeByte-CMP-ChangeASCIIInt-ShuffleBytes- DE: "\377\377\377\377\377\377\377\377"-
#26907	NEW    cov: 5637 ft: 21098 corp: 1097/165Kb lim: 1596 exec/s: 5381 rss: 368Mb L: 37/1596 MS: 2 ChangeASCIIInt-CrossOver-
#26929	REDUCE cov: 5637 ft: 21098 corp: 1097/165Kb lim: 1596 exec/s: 5385 rss: 369Mb L: 81/1596 MS: 2 InsertByte-EraseBytes-
#27036	NEW    cov: 5637 ft: 21110 corp: 1098/165Kb lim: 1596 exec/s: 5407 rss: 369Mb L: 24/1596 MS: 2 PersAutoDict-PersAutoDict- DE: "\000\000\000\000\000\000\000\003"-"\000\000\000\000\000\000\000\003"-
#27078	NEW    cov: 5637 ft: 21111 corp: 1099/165Kb lim: 1596 exec/s: 5415 rss: 369Mb L: 13/1596 MS: 2 PersAutoDict-InsertByte- DE: "\036"-
#27084	REDUCE cov: 5637 ft: 21111 corp: 1099/165Kb lim: 1596 exec/s: 5416 rss: 369Mb L: 9/1596 MS: 1 EraseBytes-
#27167	NEW    cov: 5637 ft: 21112 corp: 1100/165Kb lim: 1596 exec/s: 5433 rss: 371Mb L: 85/1596 MS: 3 PersAutoDict-PersAutoDict-CrossOver- DE: "\001\000\000\000\000\000\000\000"-"\000\002"-
#27174	NEW    cov: 5637 ft: 21114 corp: 1101/165Kb lim: 1596 exec/s: 5434 rss: 371Mb L: 125/1596 MS: 2 ShuffleBytes-CopyPart-
#27222	REDUCE cov: 5637 ft: 21114 corp: 1101/165Kb lim: 1596 exec/s: 5444 rss: 371Mb L: 63/1596 MS: 3 InsertByte-ChangeBinInt-EraseBytes-
#27253	REDUCE cov: 5637 ft: 21114 corp: 1101/165Kb lim: 1596 exec/s: 5450 rss: 371Mb L: 181/1596 MS: 1 EraseBytes-
#27259	REDUCE cov: 5637 ft: 21114 corp: 1101/165Kb lim: 1596 exec/s: 5451 rss: 371Mb L: 98/1596 MS: 1 EraseBytes-
#27293	REDUCE cov: 5637 ft: 21114 corp: 1101/165Kb lim: 1596 exec/s: 5458 rss: 372Mb L: 103/1596 MS: 4 ChangeBit-ShuffleBytes-CrossOver-EraseBytes-
#27412	REDUCE cov: 5637 ft: 21114 corp: 1101/165Kb lim: 1596 exec/s: 5482 rss: 373Mb L: 17/1596 MS: 4 ChangeBinInt-ChangeASCIIInt-ChangeASCIIInt-EraseBytes-
#27428	NEW    cov: 5637 ft: 21117 corp: 1102/166Kb lim: 1596 exec/s: 5485 rss: 373Mb L: 306/1596 MS: 1 CrossOver-
#27460	REDUCE cov: 5637 ft: 21117 corp: 1102/166Kb lim: 1596 exec/s: 5492 rss: 373Mb L: 232/1596 MS: 2 ShuffleBytes-EraseBytes-
#27551	NEW    cov: 5637 ft: 21118 corp: 1103/166Kb lim: 1596 exec/s: 5510 rss: 374Mb L: 56/1596 MS: 1 EraseBytes-
#27577	NEW    cov: 5637 ft: 21119 corp: 1104/166Kb lim: 1596 exec/s: 5515 rss: 374Mb L: 226/1596 MS: 1 InsertRepeatedBytes-
#27581	NEW    cov: 5638 ft: 21120 corp: 1105/166Kb lim: 1596 exec/s: 5516 rss: 374Mb L: 370/1596 MS: 4 ManualDict-ChangeBinInt-ChangeBit-ManualDict- DE: "\""-"\"firstSeenAt\":"-
#27582	REDUCE cov: 5638 ft: 21120 corp: 1105/166Kb lim: 1596 exec/s: 5516 rss: 374Mb L: 11/1596 MS: 1 EraseBytes-
#27615	REDUCE cov: 5638 ft: 21120 corp: 1105/166Kb lim: 1596 exec/s: 5523 rss: 375Mb L: 98/1596 MS: 3 ChangeASCIIInt-ChangeBinInt-EraseBytes-
#27631	NEW    cov: 5641 ft: 21123 corp: 1106/166Kb lim: 1596 exec/s: 5526 rss: 375Mb L: 71/1596 MS: 1 CopyPart-
#27634	REDUCE cov: 5641 ft: 21125 corp: 1107/166Kb lim: 1596 exec/s: 5526 rss: 375Mb L: 105/1596 MS: 3 CopyPart-EraseBytes-CrossOver-
#27657	REDUCE cov: 5641 ft: 21125 corp: 1107/166Kb lim: 1596 exec/s: 5531 rss: 375Mb L: 43/1596 MS: 3 ChangeASCIIInt-PersAutoDict-EraseBytes- DE: "\377\377"-
#27736	REDUCE cov: 5641 ft: 21125 corp: 1107/166Kb lim: 1596 exec/s: 5547 rss: 376Mb L: 124/1596 MS: 4 PersAutoDict-InsertRepeatedBytes-PersAutoDict-EraseBytes- DE: "k*7"-"\360\273\277\000"-
#27810	NEW    cov: 5641 ft: 21134 corp: 1108/166Kb lim: 1596 exec/s: 5562 rss: 377Mb L: 71/1596 MS: 4 PersAutoDict-ManualDict-ChangeByte-EraseBytes- DE: "k*7"-"[{\"id\":1,\"updatedAt\":2},{\"id\":2,\"updatedAt\":3}]"-
#27841	NEW    cov: 5641 ft: 21135 corp: 1109/166Kb lim: 1596 exec/s: 5568 rss: 378Mb L: 29/1596 MS: 1 ChangeASCIIInt-
#27848	REDUCE cov: 5641 ft: 21135 corp: 1109/166Kb lim: 1596 exec/s: 5569 rss: 378Mb L: 75/1596 MS: 2 ManualDict-EraseBytes- DE: "\"createdAt\":"-
#27854	NEW    cov: 5641 ft: 21139 corp: 1110/167Kb lim: 1596 exec/s: 5570 rss: 378Mb L: 758/1596 MS: 1 PersAutoDict- DE: "1700000000000000000"-
#27875	NEW    cov: 5641 ft: 21146 corp: 1111/167Kb lim: 1596 exec/s: 5575 rss: 378Mb L: 71/1596 MS: 1 ChangeASCIIInt-
#27960	REDUCE cov: 5641 ft: 21146 corp: 1111/167Kb lim: 1596 exec/s: 5592 rss: 379Mb L: 97/1596 MS: 5 InsertRepeatedBytes-PersAutoDict-CrossOver-CopyPart-EraseBytes- DE: "\001\006"-
#27971	NEW    cov: 5641 ft: 21147 corp: 1112/167Kb lim: 1596 exec/s: 5594 rss: 379Mb L: 108/1596 MS: 1 ManualDict- DE: "\""-
#28107	REDUCE cov: 5641 ft: 21150 corp: 1113/167Kb lim: 1596 exec/s: 5621 rss: 380Mb L: 105/1596 MS: 1 CMP- DE: "\000\001"-
#28108	REDUCE cov: 5641 ft: 21150 corp: 1113/167Kb lim: 1596 exec/s: 5621 rss: 380Mb L: 53/1596 MS: 1 EraseBytes-
#28164	NEW    cov: 5641 ft: 21155 corp: 1114/168Kb lim: 1596 exec/s: 5632 rss: 380Mb L: 319/1596 MS: 1 InsertRepeatedBytes-
#28178	REDUCE cov: 5641 ft: 21155 corp: 1114/168Kb lim: 1596 exec/s: 5635 rss: 381Mb L: 80/1596 MS: 4 CMP-ChangeASCIIInt-PersAutoDict-EraseBytes- DE: "\012\000\000\000"-"n2u"-
#28180	REDUCE cov: 5641 ft: 21156 corp: 1115/168Kb lim: 1596 exec/s: 5636 rss: 381Mb L: 76/1596 MS: 2 InsertByte-ManualDict- DE: "{\"a\":{\"b\":"-
#28212	REDUCE cov: 5641 ft: 21156 corp: 1115/168Kb lim: 1596 exec/s: 5642 rss: 381Mb L: 114/1596 MS: 2 CMP-EraseBytes- DE: "k6"-
#28218	REDUCE cov: 5641 ft: 21156 corp: 1115/168Kb lim: 1596 exec/s: 5643 rss: 381Mb L: 64/1596 MS: 1 EraseBytes-
#28219	NEW    cov: 5641 ft: 21158 corp: 1116/168Kb lim: 1596 exec/s: 5643 rss: 381Mb L: 136/1596 MS: 1 EraseBytes-
#28245	NEW    cov: 5641 ft: 21159 corp: 1117/168Kb lim: 1596 exec/s: 5649 rss: 382Mb L: 160/1596 MS: 1 ChangeASCIIInt-
#28252	REDUCE cov: 5641 ft: 21159 corp: 1117/168Kb lim: 1596 exec/s: 5650 rss: 382Mb L: 116/1596 MS: 2 ChangeASCIIInt-EraseBytes-
#28283	NEW    cov: 5644 ft: 21176 corp: 1118/168Kb lim: 1596 exec/s: 5656 rss: 382Mb L: 33/1596 MS: 1 InsertRepeatedBytes-
#28324	NEW    cov: 5644 ft: 21183 corp: 1119/168Kb lim: 1596 exec/s: 5664 rss: 382Mb L: 105/1596 MS: 1 CMP- DE: "[1"-
#28329	NEW    cov: 5644 ft: 21184 corp: 1120/168Kb lim: 1596 exec/s: 5665 rss: 382Mb L: 200/1596 MS: 5 ShuffleBytes-PersAutoDict-PersAutoDict-InsertRepeatedBytes-ShuffleBytes- DE: "a\"{$"-"u1"-
#28370	NEW    cov: 5646 ft: 21186 corp: 1121/168Kb lim: 1596 exec/s: 5674 rss: 382Mb L: 115/1596 MS: 1 CrossOver-
#28391	REDUCE cov: 5646 ft: 21193 corp: 1122/168Kb lim: 1596 exec/s: 5678 rss: 383Mb L: 30/1596 MS: 1 InsertRepeatedBytes-
#28393	REDUCE cov: 5646 ft: 21193 corp: 1122/168Kb lim: 1596 exec/s: 5678 rss: 383Mb L: 225/1596 MS: 2 ChangeBit-EraseBytes-
#28405	NEW    cov: 5696 ft: 21243 corp: 1123/168Kb lim: 1596 exec/s: 5681 rss: 383Mb L: 137/1596 MS: 2 InsertRepeatedBytes-EraseBytes-
#28461	REDUCE cov: 5696 ft: 21243 corp: 1123/168Kb lim: 1596 exec/s: 5692 rss: 383Mb L: 39/1596 MS: 1 EraseBytes-
#28462	NEW    cov: 5696 ft: 21248 corp: 1124/168Kb lim: 1596 exec/s: 5692 rss: 383Mb L: 10/1596 MS: 1 ChangeASCIIInt-
#28482	NEW    cov: 5697 ft: 21252 corp: 1125/169Kb lim: 1596 exec/s: 5696 rss: 384Mb L: 86/1596 MS: 5 ManualDict-ChangeASCIIInt-PersAutoDict-ShuffleBytes-EraseBytes- DE: "\\\""-"\"rev\":"-
#28508	REDUCE cov: 5697 ft: 21252 corp: 1125/169Kb lim: 1596 exec/s: 5701 rss: 384Mb L: 27/1596 MS: 1 EraseBytes-
#28535	NEW    cov: 5724 ft: 21325 corp: 1126/169Kb lim: 1596 exec/s: 5707 rss: 384Mb L: 151/1596 MS: 2 ChangeBit-CrossOver-
#28541	NEW    cov: 5724 ft: 21329 corp: 1127/169Kb lim: 1596 exec/s: 5708 rss: 384Mb L: 21/1596 MS: 1 ManualDict- DE: "true"-
#28553	REDUCE cov: 5724 ft: 21329 corp: 1127/169Kb lim: 1596 exec/s: 5710 rss: 384Mb L: 31/1596 MS: 2 ChangeBit-EraseBytes-
#28579	REDUCE cov: 5724 ft: 21329 corp: 1127/169Kb lim: 1596 exec/s: 5715 rss: 385Mb L: 303/1596 MS: 1 EraseBytes-
#28696	REDUCE cov: 5724 ft: 21329 corp: 1127/168Kb lim: 1596 exec/s: 5739 rss: 386Mb L: 293/1596 MS: 2 ChangeByte-EraseBytes-
#28716	NEW    cov: 5724 ft: 21332 corp: 1128/169Kb lim: 1596 exec/s: 5743 rss: 386Mb L: 37/1596 MS: 5 ChangeASCIIInt-ChangeBit-ShuffleBytes-CMP-PersAutoDict- DE: "k63"-"\012\000"-
#28743	NEW    cov: 5724 ft: 21335 corp: 1129/169Kb lim: 1596 exec/s: 5748 rss: 386Mb L: 67/1596 MS: 2 InsertByte-EraseBytes-
#28744	NEW    cov: 5724 ft: 21336 corp: 1130/169Kb lim: 1596 exec/s: 5748 rss: 387Mb L: 231/1596 MS: 1 CopyPart-
#28745	NEW    cov: 5725 ft: 21337 corp: 1131/169Kb lim: 1596 exec/s: 5749 rss: 387Mb L: 65/1596 MS: 1 ManualDict- DE: "\"2024-01-15T10:30:00Z\""-
#28749	NEW    cov: 5726 ft: 21340 corp: 1132/169Kb lim: 1596 exec/s: 5749 rss: 387Mb L: 59/1596 MS: 4 CopyPart-CopyPart-ChangeBinInt-EraseBytes-
#28779	NEW    cov: 5726 ft: 21345 corp: 1133/169Kb lim: 1596 exec/s: 5755 rss: 387Mb L: 178/1596 MS: 5 PersAutoDict-InsertByte-CopyPart-ChangeBit-InsertRepeatedBytes- DE: "\231\300\200\000"-
#28806	NEW    cov: 5726 ft: 21346 corp: 1134/169Kb lim: 1596 exec/s: 5761 rss: 387Mb L: 134/1596 MS: 2 ChangeByte-EraseBytes-
#28854	NEW    cov: 5726 ft: 21353 corp: 1135/169Kb lim: 1596 exec/s: 5770 rss: 388Mb L: 181/1596 MS: 3 InsertRepeatedBytes-ShuffleBytes-PersAutoDict- DE: "\001\006"-
#28886	REDUCE cov: 5726 ft: 21353 corp: 1135/169Kb lim: 1596 exec/s: 5777 rss: 388Mb L: 8/1596 MS: 2 CopyPart-EraseBytes-
#28887	REDUCE cov: 5726 ft: 21360 corp: 1136/170Kb lim: 1596 exec/s: 5777 rss: 388Mb L: 295/1596 MS: 1 CopyPart-
#28928	NEW    cov: 5726 ft: 21364 corp: 1137/171Kb lim: 1596 exec/s: 5785 rss: 390Mb L: 1596/1596 MS: 1 ChangeByte-
#28991	REDUCE cov: 5726 ft: 21364 corp: 1137/171Kb lim: 1596 exec/s: 5798 rss: 390Mb L: 21/1596 MS: 3 ChangeASCIIInt-CopyPart-EraseBytes-
#29012	NEW    cov: 5726 ft: 21381 corp: 1138/171Kb lim: 1596 exec/s: 5802 rss: 390Mb L: 27/1596 MS: 1 EraseBytes-
#29064	REDUCE cov: 5726 ft: 21381 corp: 1138/171Kb lim: 1596 exec/s: 5812 rss: 391Mb L: 162/1596 MS: 2 ChangeByte-EraseBytes-
#29066	REDUCE cov: 5726 ft: 21381 corp: 1138/171Kb lim: 1596 exec/s: 5813 rss: 391Mb L: 156/1596 MS: 2 ShuffleBytes-EraseBytes-
#29082	NEW    cov: 5728 ft: 21385 corp: 1139/171Kb lim: 1596 exec/s: 5816 rss: 391Mb L: 107/1596 MS: 1 InsertRepeatedBytes-
#29133	NEW    cov: 5728 ft: 21394 corp: 1140/171Kb lim: 1596 exec/s: 5826 rss: 391Mb L: 19/1596 MS: 1 EraseBytes-
#29145	REDUCE cov: 5728 ft: 21394 corp: 1140/171Kb lim: 1596 exec/s: 5829 rss: 392Mb L: 284/1596 MS: 2 ShuffleBytes-EraseBytes-
#29181	NEW    cov: 5728 ft: 21399 corp: 1141/172Kb lim: 1596 exec/s: 5836 rss: 392Mb L: 218/1596 MS: 1 InsertRepeatedBytes-
#29231	REDUCE cov: 5729 ft: 21403 corp: 1142/172Kb lim: 1596 exec/s: 5846 rss: 392Mb L: 130/1596 MS: 5 ChangeBit-ChangeByte-ManualDict-CrossOver-EraseBytes- DE: "["-
#29232	REDUCE cov: 5729 ft: 21403 corp: 1142/172Kb lim: 1596 exec/s: 5846 rss: 392Mb L: 92/1596 MS: 1 EraseBytes-
#29308	NEW    cov: 5729 ft: 21416 corp: 1143/172Kb lim: 1596 exec/s: 5861 rss: 393Mb L: 108/1596 MS: 1 ManualDict- DE: "\\n"-
#29319	NEW    cov: 5729 ft: 21425 corp: 1144/172Kb lim: 1596 exec/s: 5863 rss: 393Mb L: 69/1596 MS: 1 ChangeBit-
#29320	NEW    cov: 5729 ft: 21427 corp: 1145/173Kb lim: 1596 exec/s: 5864 rss: 394Mb L: 1596/1596 MS: 1 ChangeASCIIInt-
#29337	REDUCE cov: 5729 ft: 21427 corp: 1145/173Kb lim: 1596 exec/s: 5867 rss: 394Mb L: 225/1596 MS: 2 CMP-EraseBytes- DE: "\000\004"-
#29339	REDUCE cov: 5738 ft: 21436 corp: 1146/173Kb lim: 1596 exec/s: 5867 rss: 394Mb L: 42/1596 MS: 2 CopyPart-EraseBytes-
#29397	NEW    cov: 5738 ft: 21482 corp: 1147/173Kb lim: 1596 exec/s: 5879 rss: 394Mb L: 37/1596 MS: 3 CopyPart-ManualDict-CopyPart- DE: "9223372036854775807"-
#29412	REDUCE cov: 5738 ft: 21482 corp: 1147/173Kb lim: 1596 exec/s: 5882 rss: 395Mb L: 1082/1596 MS: 5 InsertRepeatedBytes-ChangeBit-InsertByte-ChangeASCIIInt-CrossOver-
#29420	NEW    cov: 5738 ft: 21485 corp: 1148/173Kb lim: 1596 exec/s: 5884 rss: 395Mb L: 61/1596 MS: 3 CopyPart-ManualDict-PersAutoDict- DE: "-1"-"9223372036854775807"-
#29426	NEW    cov: 5738 ft: 21487 corp: 1149/175Kb lim: 1596 exec/s: 5885 rss: 395Mb L: 1596/1596 MS: 1 PersAutoDict- DE: "[[]]"-
#29434	NEW    cov: 5738 ft: 21491 corp: 1150/175Kb lim: 1596 exec/s: 5886 rss: 395Mb L: 179/1596 MS: 3 CrossOver-ChangeBit-CrossOver-
#29526	NEW    cov: 5738 ft: 21498 corp: 1151/175Kb lim: 1596 exec/s: 5905 rss: 396Mb L: 306/1596 MS: 2 ChangeByte-ChangeBinInt-
#29562	NEW    cov: 5738 ft: 21499 corp: 1152/175Kb lim: 1596 exec/s: 5912 rss: 397Mb L: 130/1596 MS: 1 ChangeByte-
#29604	REDUCE cov: 5738 ft: 21499 corp: 1152/175Kb lim: 1596 exec/s: 5920 rss: 397Mb L: 38/1596 MS: 2 CopyPart-EraseBytes-
#29640	REDUCE cov: 5738 ft: 21506 corp: 1153/175Kb lim: 1596 exec/s: 5928 rss: 397Mb L: 191/1596 MS: 1 CrossOver-
#29656	REDUCE cov: 5738 ft: 21506 corp: 1153/175Kb lim: 1596 exec/s: 5931 rss: 398Mb L: 49/1596 MS: 1 EraseBytes-
#29697	REDUCE cov: 5738 ft: 21506 corp: 1153/175Kb lim: 1596 exec/s: 5939 rss: 398Mb L: 1333/1596 MS: 1 EraseBytes-
#29733	REDUCE cov: 5738 ft: 21506 corp: 1153/175Kb lim: 1596 exec/s: 5946 rss: 399Mb L: 93/1596 MS: 1 EraseBytes-
#29749	NEW    cov: 5738 ft: 21507 corp: 1154/175Kb lim: 1596 exec/s: 5949 rss: 399Mb L: 104/1596 MS: 1 PersAutoDict- DE: "[[]]"-
#29886	REDUCE cov: 5738 ft: 21507 corp: 1154/175Kb lim: 1596 exec/s: 5977 rss: 400Mb L: 100/1596 MS: 2 PersAutoDict-EraseBytes- DE: "k46"-
#29897	REDUCE cov: 5738 ft: 21507 corp: 1154/175Kb lim: 1596 exec/s: 5979 rss: 400Mb L: 63/1596 MS: 1 EraseBytes-
#29914	REDUCE cov: 5738 ft: 21507 corp: 1154/175Kb lim: 1596 exec/s: 5982 rss: 400Mb L: 40/1596 MS: 2 ChangeBinInt-EraseBytes-
#29925	NEW    cov: 5738 ft: 21508 corp: 1155/175Kb lim: 1596 exec/s: 5985 rss: 401Mb L: 61/1596 MS: 1 ChangeByte-
#30126	NEW    cov: 5738 ft: 21509 corp: 1156/175Kb lim: 1596 exec/s: 6025 rss: 402Mb L: 65/1596 MS: 1 InsertByte-
#30157	REDUCE cov: 5738 ft: 21509 corp: 1156/175Kb lim: 1596 exec/s: 6031 rss: 403Mb L: 33/1596 MS: 1 EraseBytes-
#30173	NEW    cov: 5738 ft: 21515 corp: 1157/175Kb lim: 1596 exec/s: 6034 rss: 403Mb L: 20/1596 MS: 1 CMP- DE: "100\000"-
#30254	REDUCE cov: 5738 ft: 21515 corp: 1157/175Kb lim: 1596 exec/s: 6050 rss: 404Mb L: 64/1596 MS: 1 EraseBytes-
#30271	NEW    cov: 5738 ft: 21520 corp: 1158/175Kb lim: 1596 exec/s: 6054 rss: 404Mb L: 65/1596 MS: 2 EraseBytes-CrossOver-
#30307	REDUCE cov: 5738 ft: 21520 corp: 1158/175Kb lim: 1596 exec/s: 6061 rss: 405Mb L: 60/1596 MS: 1 EraseBytes-
#30313	NEW    cov: 5738 ft: 21522 corp: 1159/175Kb lim: 1596 exec/s: 6062 rss: 405Mb L: 59/1596 MS: 1 ChangeByte-
#30317	REDUCE cov: 5738 ft: 21522 corp: 1159/175Kb lim: 1596 exec/s: 6063 rss: 405Mb L: 110/1596 MS: 4 InsertByte-ChangeBinInt-ManualDict-EraseBytes- DE: "\"uuid\":"-
#30323	NEW    cov: 5743 ft: 21527 corp: 1160/175Kb lim: 1596 exec/s: 6064 rss: 405Mb L: 64/1596 MS: 1 ManualDict- DE: "1e309"-
#30341	NEW    cov: 5743 ft: 21530 corp: 1161/176Kb lim: 1596 exec/s: 6068 rss: 405Mb L: 225/1596 MS: 3 InsertByte-CopyPart-ChangeASCIIInt-
#30353	NEW    cov: 5743 ft: 21531 corp: 1162/176Kb lim: 1596 exec/s: 6070 rss: 405Mb L: 329/1596 MS: 2 ShuffleBytes-CopyPart-
#30369	REDUCE cov: 5743 ft: 21531 corp: 1162/176Kb lim: 1596 exec/s: 6073 rss: 406Mb L: 82/1596 MS: 1 EraseBytes-
#30513	NEW    cov: 5744 ft: 21538 corp: 1163/176Kb lim: 1596 exec/s: 6102 rss: 407Mb L: 282/1596 MS: 4 CrossOver-ChangeByte-ChangeASCIIInt-InsertRepeatedBytes-
#30536	NEW    cov: 5744 ft: 21539 corp: 1164/176Kb lim: 1596 exec/s: 6107 rss: 407Mb L: 75/1596 MS: 3 InsertByte-CrossOver-CopyPart-
#30547	NEW    cov: 5747 ft: 21555 corp: 1165/176Kb lim: 1596 exec/s: 6109 rss: 407Mb L: 71/1596 MS: 1 InsertByte-
#30568	NEW    cov: 5747 ft: 21556 corp: 1166/176Kb lim: 1596 exec/s: 6113 rss: 408Mb L: 92/1596 MS: 1 CrossOver-
#30632	NEW    cov: 5747 ft: 21567 corp: 1167/177Kb lim: 1596 exec/s: 6126 rss: 408Mb L: 161/1596 MS: 4 ChangeByte-ChangeBit-InsertByte-CrossOver-
#30681	NEW    cov: 5754 ft: 21578 corp: 1168/177Kb lim: 1596 exec/s: 6136 rss: 408Mb L: 110/1596 MS: 4 ChangeBinInt-CrossOver-EraseBytes-ShuffleBytes-
#30683	NEW    cov: 5754 ft: 21579 corp: 1169/177Kb lim: 1596 exec/s: 6136 rss: 408Mb L: 30/1596 MS: 2 ManualDict-PersAutoDict- DE: "1e309"-"\"id\":\"a1b2c3d4\""-
#30689	REDUCE cov: 5754 ft: 21579 corp: 1169/177Kb lim: 1596 exec/s: 6137 rss: 408Mb L: 119/1596 MS: 1 EraseBytes-
#30700	NEW    cov: 5755 ft: 21580 corp: 1170/177Kb lim: 1596 exec/s: 6140 rss: 409Mb L: 74/1596 MS: 1 CMP- DE: "471"-
#30703	REDUCE cov: 5755 ft: 21580 corp: 1170/177Kb lim: 1596 exec/s: 6140 rss: 409Mb L: 43/1596 MS: 3 ShuffleBytes-ChangeByte-EraseBytes-
#30704	NEW    cov: 5755 ft: 21581 corp: 1171/177Kb lim: 1596 exec/s: 6140 rss: 409Mb L: 27/1596 MS: 1 InsertByte-
#30896	REDUCE cov: 5755 ft: 21581 corp: 1171/177Kb lim: 1596 exec/s: 6179 rss: 410Mb L: 90/1596 MS: 2 PersAutoDict-EraseBytes- DE: "\000\002"-
#30925	NEW    cov: 5755 ft: 21590 corp: 1172/177Kb lim: 1596 exec/s: 6185 rss: 410Mb L: 84/1596 MS: 4 PersAutoDict-ChangeASCIIInt-InsertRepeatedBytes-EraseBytes- DE: "\"uuid\":"-
#30931	REDUCE cov: 5755 ft: 21590 corp: 1172/177Kb lim: 1596 exec/s: 6186 rss: 411Mb L: 49/1596 MS: 1 EraseBytes-
#30969	REDUCE cov: 5755 ft: 21590 corp: 1172/177Kb lim: 1596 exec/s: 6193 rss: 411Mb L: 148/1596 MS: 3 PersAutoDict-ShuffleBytes-EraseBytes- DE: "-9223372036854775808"-
#31096	REDUCE cov: 5755 ft: 21652 corp: 1173/177Kb lim: 1596 exec/s: 6219 rss: 412Mb L: 133/1596 MS: 2 ShuffleBytes-CrossOver-
#31123	NEW    cov: 5755 ft: 21654 corp: 1174/177Kb lim: 1596 exec/s: 6224 rss: 413Mb L: 143/1596 MS: 2 ChangeASCIIInt-CrossOver-
#31134	REDUCE cov: 5755 ft: 21654 corp: 1174/177Kb lim: 1596 exec/s: 6226 rss: 413Mb L: 245/1596 MS: 1 EraseBytes-
#31146	REDUCE cov: 5755 ft: 21655 corp: 1175/177Kb lim: 1596 exec/s: 6229 rss: 413Mb L: 9/1596 MS: 2 EraseBytes-CMP- DE: "\377\003"-
#31203	REDUCE cov: 5755 ft: 21655 corp: 1175/177Kb lim: 1596 exec/s: 6240 rss: 414Mb L: 68/1596 MS: 2 CMP-EraseBytes- DE: "a\345R\330\252\252\000\000"-
#31214	REDUCE cov: 5755 ft: 21655 corp: 1175/177Kb lim: 1596 exec/s: 6242 rss: 414Mb L: 42/1596 MS: 1 EraseBytes-
#31277	REDUCE cov: 5755 ft: 21655 corp: 1175/177Kb lim: 1596 exec/s: 6255 rss: 414Mb L: 150/1596 MS: 3 ManualDict-ChangeASCIIInt-EraseBytes- DE: "\"syncedAt\":"-
#31358	NEW    cov: 5760 ft: 21664 corp: 1176/177Kb lim: 1596 exec/s: 6271 rss: 414Mb L: 24/1596 MS: 1 EraseBytes-
#31369	NEW    cov: 5760 ft: 21672 corp: 1177/177Kb lim: 1596 exec/s: 6273 rss: 414Mb L: 78/1596 MS: 1 EraseBytes-
#31376	NEW    cov: 5760 ft: 21673 corp: 1178/177Kb lim: 1596 exec/s: 6275 rss: 414Mb L: 9/1596 MS: 2 ShuffleBytes-ManualDict- DE: "null"-
#31377	NEW    cov: 5760 ft: 21674 corp: 1179/177Kb lim: 1596 exec/s: 6275 rss: 414Mb L: 265/1596 MS: 1 ChangeBinInt-
#31452	NEW    cov: 5760 ft: 21677 corp: 1180/177Kb lim: 1596 exec/s: 6290 rss: 414Mb L: 46/1596 MS: 5 CopyPart-ChangeBit-CopyPart-ChangeByte-EraseBytes-
#31455	REDUCE cov: 5760 ft: 21677 corp: 1180/177Kb lim: 1596 exec/s: 6291 rss: 414Mb L: 27/1596 MS: 3 CopyPart-CopyPart-EraseBytes-
#31480	NEW    cov: 5765 ft: 21686 corp: 1181/177Kb lim: 1596 exec/s: 6296 rss: 414Mb L: 77/1596 MS: 5 ChangeBinInt-ChangeByte-InsertByte-ShuffleBytes-PersAutoDict- DE: "1700000000.5"-
#31522	NEW    cov: 5767 ft: 21695 corp: 1182/178Kb lim: 1596 exec/s: 6304 rss: 414Mb L: 817/1596 MS: 2 ChangeBit-ManualDict- DE: "\\\\"-
#31528	REDUCE cov: 5770 ft: 21698 corp: 1183/178Kb lim: 1596 exec/s: 6305 rss: 414Mb L: 50/1596 MS: 1 ManualDict- DE: "\"updatedAt\":"-
#31543	REDUCE cov: 5770 ft: 21705 corp: 1184/178Kb lim: 1596 exec/s: 6308 rss: 414Mb L: 34/1596 MS: 5 CopyPart-PersAutoDict-ChangeByte-EraseBytes-ManualDict- DE: "\\n"-"1700000000"-
#31577	NEW    cov: 5770 ft: 21733 corp: 1185/178Kb lim: 1596 exec/s: 6315 rss: 414Mb L: 78/1596 MS: 4 ChangeByte-ShuffleBytes-ChangeBit-EraseBytes-
#31618	NEW    cov: 5770 ft: 21735 corp: 1186/178Kb lim: 1596 exec/s: 6323 rss: 414Mb L: 18/1596 MS: 1 CrossOver-
#31626	REDUCE cov: 5770 ft: 21735 corp: 1186/178Kb lim: 1596 exec/s: 6325 rss: 414Mb L: 126/1596 MS: 3 CrossOver-ChangeASCIIInt-EraseBytes-
#31656	NEW    cov: 5770 ft: 21748 corp: 1187/179Kb lim: 1596 exec/s: 6331 rss: 414Mb L: 297/1596 MS: 5 CrossOver-ChangeByte-CMP-ChangeBit-PersAutoDict- DE: "\000\000\000\000\000\000\000\020"-"\001\000\374?\250\325j\036"-
#31741	NEW    cov: 5770 ft: 21749 corp: 1188/179Kb lim: 1596 exec/s: 6348 rss: 414Mb L: 36/1596 MS: 5 PersAutoDict-ChangeByte-ManualDict-ChangeASCIIInt-ChangeByte- DE: ":"-"\"2024-01-15T10:30:00.123456Z\""-
#31846	REDUCE cov: 5770 ft: 21753 corp: 1189/179Kb lim: 1596 exec/s: 6369 rss: 414Mb L: 67/1596 MS: 5 ShuffleBytes-ChangeBit-CrossOver-ManualDict-InsertRepeatedBytes- DE: "}"-
#31848	REDUCE cov: 5770 ft: 21753 corp: 1189/179Kb lim: 1596 exec/s: 6369 rss: 414Mb L: 58/1596 MS: 2 ManualDict-EraseBytes- DE: "\\u0000"-
#31850	REDUCE cov: 5770 ft: 21753 corp: 1189/179Kb lim: 1596 exec/s: 6370 rss: 414Mb L: 71/1596 MS: 2 ShuffleBytes-EraseBytes-
#31884	REDUCE cov: 5770 ft: 21753 corp: 1189/179Kb lim: 1596 exec/s: 6376 rss: 414Mb L: 59/1596 MS: 4 ShuffleBytes-ManualDict-ChangeBit-EraseBytes- DE: "\"2024-01-15T10:30:00.123456Z\""-
#31955	REDUCE cov: 5770 ft: 21753 corp: 1189/179Kb lim: 1596 exec/s: 6391 rss: 414Mb L: 102/1596 MS: 1 EraseBytes-
#32022	REDUCE cov: 5770 ft: 21753 corp: 1189/179Kb lim: 1596 exec/s: 6404 rss: 414Mb L: 126/1596 MS: 2 ChangeASCIIInt-EraseBytes-
#32029	NEW    cov: 5770 ft: 21754 corp: 1190/179Kb lim: 1596 exec/s: 6405 rss: 414Mb L: 102/1596 MS: 2 InsertByte-CopyPart-
#32052	REDUCE cov: 5770 ft: 21754 corp: 1190/178Kb lim: 1596 exec/s: 6410 rss: 414Mb L: 324/1596 MS: 3 ManualDict-CMP-EraseBytes- DE: ":"-"h@\000@"-
#32128	NEW    cov: 5770 ft: 21757 corp: 1191/179Kb lim: 1596 exec/s: 6425 rss: 414Mb L: 67/1596 MS: 1 CopyPart-
#32129	REDUCE cov: 5770 ft: 21757 corp: 1191/178Kb lim: 1596 exec/s: 6425 rss: 414Mb L: 261/1596 MS: 1 EraseBytes-
#32142	REDUCE cov: 5770 ft: 21757 corp: 1191/178Kb lim: 1596 exec/s: 6428 rss: 414Mb L: 56/1596 MS: 3 CopyPart-CopyPart-EraseBytes-
#32146	REDUCE cov: 5770 ft: 21757 corp: 1191/178Kb lim: 1596 exec/s: 6429 rss: 414Mb L: 60/1596 MS: 4 CrossOver-ChangeBit-ChangeByte-EraseBytes-
#32242	NEW    cov: 5770 ft: 21758 corp: 1192/179Kb lim: 1596 exec/s: 6448 rss: 414Mb L: 151/1596 MS: 1 ChangeBinInt-
#32414	REDUCE cov: 5770 ft: 21758 corp: 1192/179Kb lim: 1596 exec/s: 6482 rss: 415Mb L: 18/1596 MS: 2 PersAutoDict-EraseBytes- DE: "]"-
#32448	NEW    cov: 5771 ft: 21759 corp: 1193/179Kb lim: 1596 exec/s: 6489 rss: 415Mb L: 198/1596 MS: 4 CrossOver-InsertByte-ChangeASCIIInt-InsertByte-
#32475	REDUCE cov: 5771 ft: 21759 corp: 1193/179Kb lim: 1596 exec/s: 6495 rss: 415Mb L: 119/1596 MS: 2 ManualDict-EraseBytes- DE: "\"syncedAt\":"-
#32477	REDUCE cov: 5771 ft: 21759 corp: 1193/179Kb lim: 1596 exec/s: 6495 rss: 415Mb L: 18/1596 MS: 2 CopyPart-EraseBytes-
#32508	NEW    cov: 5771 ft: 21781 corp: 1194/179Kb lim: 1596 exec/s: 6501 rss: 415Mb L: 28/1596 MS: 1 ManualDict- DE: "\\\\"-
#32525	NEW    cov: 5771 ft: 21782 corp: 1195/179Kb lim: 1596 exec/s: 6505 rss: 415Mb L: 95/1596 MS: 2 ChangeBinInt-CrossOver-
#32540	NEW    cov: 5771 ft: 21791 corp: 1196/179Kb lim: 1596 exec/s: 6508 rss: 415Mb L: 166/1596 MS: 5 ChangeBinInt-ChangeByte-ChangeBit-InsertByte-EraseBytes-
#32591	REDUCE cov: 5771 ft: 21791 corp: 1196/179Kb lim: 1596 exec/s: 6518 rss: 415Mb L: 19/1596 MS: 1 EraseBytes-
#32597	NEW    cov: 5771 ft: 21801 corp: 1197/179Kb lim: 1596 exec/s: 6519 rss: 415Mb L: 29/1596 MS: 1 ChangeASCIIInt-
#32613	NEW    cov: 5773 ft: 21803 corp: 1198/180Kb lim: 1596 exec/s: 6522 rss: 415Mb L: 815/1596 MS: 1 ManualDict- DE: "\\\\"-
#32642	NEW    cov: 5774 ft: 21804 corp: 1199/180Kb lim: 1596 exec/s: 6528 rss: 415Mb L: 291/1596 MS: 4 ShuffleBytes-InsertRepeatedBytes-InsertRepeatedBytes-ManualDict- DE: "["-
#32678	NEW    cov: 5774 ft: 21813 corp: 1200/180Kb lim: 1596 exec/s: 6535 rss: 415Mb L: 41/1596 MS: 1 ChangeASCIIInt-
#32681	REDUCE cov: 5774 ft: 21813 corp: 1200/180Kb lim: 1596 exec/s: 6536 rss: 415Mb L: 759/1596 MS: 3 ChangeByte-ShuffleBytes-EraseBytes-
#32718	REDUCE cov: 5774 ft: 21813 corp: 1200/180Kb lim: 1596 exec/s: 6543 rss: 415Mb L: 104/1596 MS: 2 ChangeBinInt-EraseBytes-
#32744	NEW    cov: 5774 ft: 21821 corp: 1201/180Kb lim: 1596 exec/s: 6548 rss: 415Mb L: 31/1596 MS: 1 CrossOver-
#32768	pulse  cov: 5774 ft: 21821 corp: 1201/180Kb lim: 1596 exec/s: 6553 rss: 415Mb
#32780	REDUCE cov: 5774 ft: 21822 corp: 1202/180Kb lim: 1596 exec/s: 6556 rss: 415Mb L: 303/1596 MS: 1 CrossOver-
#32782	REDUCE cov: 5774 ft: 21822 corp: 1202/180Kb lim: 1596 exec/s: 6556 rss: 415Mb L: 48/1596 MS: 2 ShuffleBytes-EraseBytes-
#32783	NEW    cov: 5774 ft: 21825 corp: 1203/180Kb lim: 1596 exec/s: 6556 rss: 416Mb L: 11/1596 MS: 1 ChangeBinInt-
#32784	NEW    cov: 5782 ft: 21846 corp: 1204/180Kb lim: 1596 exec/s: 6556 rss: 416Mb L: 35/1596 MS: 1 PersAutoDict- DE: "471"-
#32836	NEW    cov: 5793 ft: 21872 corp: 1205/180Kb lim: 1596 exec/s: 6567 rss: 416Mb L: 58/1596 MS: 2 ShuffleBytes-ManualDict- DE: "\\u0000"-
#32842	NEW    cov: 5793 ft: 21873 corp: 1206/181Kb lim: 1596 exec/s: 6568 rss: 416Mb L: 80/1596 MS: 1 EraseBytes-
#32843	REDUCE cov: 5793 ft: 21873 corp: 1206/181Kb lim: 1596 exec/s: 6568 rss: 416Mb L: 51/1596 MS: 1 EraseBytes-
#32852	REDUCE cov: 5793 ft: 21873 corp: 1206/180Kb lim: 1596 exec/s: 6570 rss: 416Mb L: 210/1596 MS: 4 ChangeByte-CrossOver-PersAutoDict-CrossOver- DE: "\377\377\377\377"-
#32933	REDUCE cov: 5793 ft: 21873 corp: 1206/180Kb lim: 1596 exec/s: 6586 rss: 416Mb L: 39/1596 MS: 1 EraseBytes-
#33027	REDUCE cov: 5793 ft: 21873 corp: 1206/180Kb lim: 1596 exec/s: 6605 rss: 416Mb L: 172/1596 MS: 4 InsertByte-ChangeBit-ChangeBit-EraseBytes-
#33045	REDUCE cov: 5793 ft: 21873 corp: 1206/180Kb lim: 1596 exec/s: 6609 rss: 416Mb L: 10/1596 MS: 3 ChangeByte-InsertByte-EraseBytes-
#33098	REDUCE cov: 5793 ft: 21873 corp: 1206/180Kb lim: 1596 exec/s: 6619 rss: 416Mb L: 78/1596 MS: 3 ChangeBinInt-ManualDict-EraseBytes- DE: "false"-
#33114	NEW    cov: 5793 ft: 21875 corp: 1207/180Kb lim: 1596 exec/s: 6622 rss: 416Mb L: 71/1596 MS: 1 ChangeByte-
#33125	REDUCE cov: 5793 ft: 21875 corp: 1207/180Kb lim: 1596 exec/s: 6625 rss: 416Mb L: 56/1596 MS: 1 EraseBytes-
#33178	NEW    cov: 5793 ft: 21876 corp: 1208/181Kb lim: 1596 exec/s: 6635 rss: 416Mb L: 87/1596 MS: 3 ChangeBit-InsertRepeatedBytes-InsertByte-
#33223	NEW    cov: 5793 ft: 21911 corp: 1209/181Kb lim: 1596 exec/s: 6644 rss: 417Mb L: 222/1596 MS: 5 InsertRepeatedBytes-ChangeBinInt-PersAutoDict-CopyPart-CrossOver- DE: "updatedAt"-
#33224	REDUCE cov: 5793 ft: 21911 corp: 1209/181Kb lim: 1596 exec/s: 6644 rss: 417Mb L: 10/1596 MS: 1 EraseBytes-
#33230	NEW    cov: 5793 ft: 21912 corp: 1210/181Kb lim: 1596 exec/s: 6646 rss: 417Mb L: 37/1596 MS: 1 ShuffleBytes-
#33272	NEW    cov: 5794 ft: 21913 corp: 1211/181Kb lim: 1596 exec/s: 6654 rss: 417Mb L: 263/1596 MS: 2 CrossOver-PersAutoDict- DE: "\377\017"-
#33409	REDUCE cov: 5794 ft: 21913 corp: 1211/181Kb lim: 1596 exec/s: 6681 rss: 417Mb L: 651/1596 MS: 2 EraseBytes-CrossOver-
#33440	NEW    cov: 5807 ft: 21971 corp: 1212/181Kb lim: 1596 exec/s: 6688 rss: 417Mb L: 35/1596 MS: 1 ChangeASCIIInt-
#33498	REDUCE cov: 5807 ft: 21971 corp: 1212/181Kb lim: 1596 exec/s: 6699 rss: 417Mb L: 17/1596 MS: 3 PersAutoDict-ShuffleBytes-EraseBytes- DE: "u0"-
#33509	REDUCE cov: 5807 ft: 21971 corp: 1212/181Kb lim: 1596 exec/s: 6701 rss: 417Mb L: 38/1596 MS: 1 EraseBytes-
#33534	NEW    cov: 5814 ft: 21978 corp: 1213/181Kb lim: 1596 exec/s: 6706 rss: 417Mb L: 126/1596 MS: 5 InsertByte-ChangeASCIIInt-ChangeBinInt-InsertRepeatedBytes-PersAutoDict- DE: "\"id\":\"1\""-
#33538	NEW    cov: 5815 ft: 21983 corp: 1214/181Kb lim: 1596 exec/s: 6707 rss: 417Mb L: 65/1596 MS: 4 CMP-ChangeASCIIInt-ChangeBinInt-CopyPart- DE: "\303w\306\250\257\374\000\000"-
#33548	REDUCE cov: 5815 ft: 21983 corp: 1214/181Kb lim: 1596 exec/s: 6709 rss: 417Mb L: 45/1596 MS: 5 ChangeASCIIInt-ChangeBinInt-ChangeASCIIInt-CopyPart-EraseBytes-
#33576	NEW    cov: 5822 ft: 21990 corp: 1215/181Kb lim: 1596 exec/s: 6715 rss: 417Mb L: 81/1596 MS: 3 CrossOver-ChangeASCIIInt-CMP- DE: "\001\000\000\000"-
#33594	NEW    cov: 5825 ft: 21998 corp: 1216/181Kb lim: 1596 exec/s: 6718 rss: 417Mb L: 148/1596 MS: 3 CopyPart-CMP-CrossOver- DE: "\377\377\377\377\377\377\377\377"-
#33605	NEW    cov: 5826 ft: 21999 corp: 1217/181Kb lim: 1596 exec/s: 6721 rss: 418Mb L: 74/1596 MS: 1 ChangeBinInt-
#33609	NEW    cov: 5826 ft: 22006 corp: 1218/182Kb lim: 1596 exec/s: 6721 rss: 418Mb L: 194/1596 MS: 4 InsertByte-InsertByte-ChangeASCIIInt-ManualDict- DE: "\\\""-
#33610	NEW    cov: 5827 ft: 22007 corp: 1219/182Kb lim: 1596 exec/s: 6722 rss: 418Mb L: 43/1596 MS: 1 EraseBytes-
#33627	NEW    cov: 5827 ft: 22008 corp: 1220/183Kb lim: 1596 exec/s: 6725 rss: 418Mb L: 982/1596 MS: 2 CopyPart-EraseBytes-
#33667	REDUCE cov: 5827 ft: 22015 corp: 1221/183Kb lim: 1596 exec/s: 6733 rss: 418Mb L: 118/1596 MS: 5 CrossOver-InsertByte-EraseBytes-ManualDict-CopyPart- DE: "false"-
#33755	REDUCE cov: 5827 ft: 22015 corp: 1221/183Kb lim: 1596 exec/s: 6751 rss: 418Mb L: 76/1596 MS: 3 InsertRepeatedBytes-ShuffleBytes-EraseBytes-
#33772	NEW    cov: 5827 ft: 22023 corp: 1222/183Kb lim: 1596 exec/s: 6754 rss: 418Mb L: 100/1596 MS: 2 CopyPart-CopyPart-
#33775	REDUCE cov: 5827 ft: 22023 corp: 1222/183Kb lim: 1596 exec/s: 6755 rss: 418Mb L: 54/1596 MS: 3 ShuffleBytes-InsertByte-EraseBytes-
#33801	NEW    cov: 5834 ft: 22030 corp: 1223/183Kb lim: 1596 exec/s: 6760 rss: 418Mb L: 50/1596 MS: 1 EraseBytes-
#33839	REDUCE cov: 5834 ft: 22030 corp: 1223/183Kb lim: 1596 exec/s: 6767 rss: 419Mb L: 90/1596 MS: 3 ChangeASCIIInt-ChangeBit-EraseBytes-
#33878	NEW    cov: 5834 ft: 22033 corp: 1224/183Kb lim: 1596 exec/s: 6775 rss: 419Mb L: 183/1596 MS: 4 ChangeByte-PersAutoDict-ShuffleBytes-CrossOver- DE: "k54"-
#33912	REDUCE cov: 5834 ft: 22033 corp: 1224/183Kb lim: 1596 exec/s: 6782 rss: 419Mb L: 168/1596 MS: 4 ManualDict-CopyPart-CMP-EraseBytes- DE: "1700000000"-"\001\000\000\000"-
#33943	NEW    cov: 5835 ft: 22035 corp: 1225/183Kb lim: 1596 exec/s: 6788 rss: 419Mb L: 151/1596 MS: 1 ChangeBit-
#33948	NEW    cov: 5835 ft: 22036 corp: 1226/183Kb lim: 1596 exec/s: 6789 rss: 419Mb L: 203/1596 MS: 5 ChangeBinInt-PersAutoDict-CMP-CopyPart-CopyPart- DE: "false"-"28"-
#34021	NEW    cov: 5842 ft: 22043 corp: 1227/183Kb lim: 1596 exec/s: 6804 rss: 419Mb L: 54/1596 MS: 3 PersAutoDict-ChangeByte-ManualDict- DE: "\377\017"-"false"-
#34108	NEW    cov: 5843 ft: 22044 corp: 1228/184Kb lim: 1596 exec/s: 6821 rss: 419Mb L: 275/1596 MS: 2 CopyPart-CrossOver-
#34114	REDUCE cov: 5843 ft: 22044 corp: 1228/184Kb lim: 1596 exec/s: 6822 rss: 420Mb L: 98/1596 MS: 1 EraseBytes-
#34177	REDUCE cov: 5843 ft: 22044 corp: 1228/184Kb lim: 1596 exec/s: 6835 rss: 420Mb L: 30/1596 MS: 3 InsertByte-InsertRepeatedBytes-EraseBytes-
#34198	NEW    cov: 5843 ft: 22053 corp: 1229/184Kb lim: 1596 exec/s: 6839 rss: 420Mb L: 30/1596 MS: 1 EraseBytes-
#34209	REDUCE cov: 5843 ft: 22053 corp: 1229/184Kb lim: 1596 exec/s: 6841 rss: 420Mb L: 116/1596 MS: 1 EraseBytes-
#34245	NEW    cov: 5843 ft: 22060 corp: 1230/184Kb lim: 1596 exec/s: 6849 rss: 420Mb L: 56/1596 MS: 1 ChangeBinInt-
#34285	NEW    cov: 5843 ft: 22067 corp: 1231/184Kb lim: 1596 exec/s: 6857 rss: 421Mb L: 153/1596 MS: 5 ChangeBinInt-ManualDict-ChangeASCIIInt-CrossOver-CopyPart- DE: "1.5"-
#34390	NEW    cov: 5843 ft: 22069 corp: 1232/184Kb lim: 1596 exec/s: 6878 rss: 421Mb L: 22/1596 MS: 5 ChangeBinInt-ManualDict-ChangeByte-InsertByte-EraseBytes- DE: "0"-
#34427	NEW    cov: 5852 ft: 22078 corp: 1233/184Kb lim: 1596 exec/s: 6885 rss: 421Mb L: 61/1596 MS: 2 ChangeBit-CMP- DE: "\000\000@\370"-
#34452	NEW    cov: 5861 ft: 22114 corp: 1234/184Kb lim: 1596 exec/s: 6890 rss: 421Mb L: 36/1596 MS: 5 ChangeByte-ShuffleBytes-ChangeASCIIInt-InsertByte-EraseBytes-
#34464	REDUCE cov: 5861 ft: 22114 corp: 1234/184Kb lim: 1596 exec/s: 6892 rss: 421Mb L: 86/1596 MS: 2 ManualDict-EraseBytes- DE: "\"createdAt\":"-
#34465	NEW    cov: 5863 ft: 22116 corp: 1235/184Kb lim: 1596 exec/s: 6893 rss: 421Mb L: 18/1596 MS: 1 ChangeASCIIInt-
#34473	NEW    cov: 5863 ft: 22117 corp: 1236/184Kb lim: 1596 exec/s: 6894 rss: 422Mb L: 29/1596 MS: 3 ChangeByte-ChangeBit-InsertByte-
#34491	NEW    cov: 5863 ft: 22118 corp: 1237/184Kb lim: 1596 exec/s: 6898 rss: 422Mb L: 88/1596 MS: 3 CrossOver-ChangeASCIIInt-CopyPart-
#34547	NEW    cov: 5864 ft: 22119 corp: 1238/184Kb lim: 1596 exec/s: 6909 rss: 422Mb L: 41/1596 MS: 1 ChangeByte-
#34608	NEW    cov: 5864 ft: 22124 corp: 1239/184Kb lim: 1596 exec/s: 6921 rss: 422Mb L: 75/1596 MS: 1 ManualDict- DE: "1700000000000"-
#34665	NEW    cov: 5864 ft: 22125 corp: 1240/184Kb lim: 1596 exec/s: 6933 rss: 422Mb L: 129/1596 MS: 2 InsertRepeatedBytes-ChangeBinInt-
#34681	REDUCE cov: 5864 ft: 22125 corp: 1240/184Kb lim: 1596 exec/s: 6936 rss: 422Mb L: 90/1596 MS: 1 EraseBytes-
#34683	REDUCE cov: 5864 ft: 22125 corp: 1240/184Kb lim: 1596 exec/s: 6936 rss: 422Mb L: 73/1596 MS: 2 ShuffleBytes-EraseBytes-
#34709	REDUCE cov: 5864 ft: 22125 corp: 1240/184Kb lim: 1596 exec/s: 6941 rss: 422Mb L: 30/1596 MS: 1 EraseBytes-
#34710	REDUCE cov: 5864 ft: 22125 corp: 1240/184Kb lim: 1596 exec/s: 6942 rss: 422Mb L: 201/1596 MS: 1 EraseBytes-
#34716	NEW    cov: 5864 ft: 22131 corp: 1241/184Kb lim: 1596 exec/s: 6943 rss: 422Mb L: 57/1596 MS: 1 ManualDict- DE: "1e309"-
#34747	REDUCE cov: 5867 ft: 22136 corp: 1242/184Kb lim: 1596 exec/s: 6949 rss: 422Mb L: 43/1596 MS: 1 InsertByte-
#34773	REDUCE cov: 5869 ft: 22141 corp: 1243/184Kb lim: 1596 exec/s: 6954 rss: 422Mb L: 12/1596 MS: 1 EraseBytes-
#34790	REDUCE cov: 5869 ft: 22141 corp: 1243/184Kb lim: 1596 exec/s: 6958 rss: 422Mb L: 20/1596 MS: 2 PersAutoDict-EraseBytes- DE: "wd\362\250\257\374\000\000"-
#34791	NEW    cov: 5878 ft: 22150 corp: 1244/184Kb lim: 1596 exec/s: 6958 rss: 423Mb L: 29/1596 MS: 1 CopyPart-
#34792	REDUCE cov: 5878 ft: 22183 corp: 1245/184Kb lim: 1596 exec/s: 6958 rss: 423Mb L: 15/1596 MS: 1 EraseBytes-
#34829	REDUCE cov: 5878 ft: 22183 corp: 1245/184Kb lim: 1596 exec/s: 6965 rss: 423Mb L: 39/1596 MS: 2 ChangeBinInt-EraseBytes-
#34836	REDUCE cov: 5885 ft: 22196 corp: 1246/184Kb lim: 1596 exec/s: 6967 rss: 423Mb L: 39/1596 MS: 2 ManualDict-ManualDict- DE: "\346\227\245"-"9223372036854775807"-
#34902	REDUCE cov: 5885 ft: 22196 corp: 1246/184Kb lim: 1596 exec/s: 6980 rss: 423Mb L: 22/1596 MS: 1 EraseBytes-
#34941	REDUCE cov: 5885 ft: 22196 corp: 1246/184Kb lim: 1596 exec/s: 6988 rss: 423Mb L: 11/1596 MS: 4 InsertByte-InsertByte-ChangeBit-EraseBytes-
#34952	NEW    cov: 5885 ft: 22265 corp: 1247/185Kb lim: 1596 exec/s: 6990 rss: 423Mb L: 507/1596 MS: 1 EraseBytes-
#35067	REDUCE cov: 5885 ft: 22265 corp: 1247/185Kb lim: 1596 exec/s: 7013 rss: 423Mb L: 41/1596 MS: 5 ChangeByte-ShuffleBytes-ChangeBit-PersAutoDict-EraseBytes- DE: "\006\000\000\000"-
#35078	REDUCE cov: 5885 ft: 22265 corp: 1247/185Kb lim: 1596 exec/s: 7015 rss: 423Mb L: 129/1596 MS: 1 EraseBytes-
#35092	NEW    cov: 5890 ft: 22273 corp: 1248/185Kb lim: 1596 exec/s: 7018 rss: 423Mb L: 9/1596 MS: 4 ShuffleBytes-EraseBytes-CopyPart-ManualDict- DE: "\\\""-
#35128	REDUCE cov: 5890 ft: 22280 corp: 1249/185Kb lim: 1596 exec/s: 7025 rss: 423Mb L: 72/1596 MS: 1 ChangeASCIIInt-
#35129	REDUCE cov: 5890 ft: 22280 corp: 1249/185Kb lim: 1596 exec/s: 7025 rss: 423Mb L: 25/1596 MS: 1 EraseBytes-
#35178	NEW    cov: 5890 ft: 22287 corp: 1250/185Kb lim: 1596 exec/s: 7035 rss: 423Mb L: 112/1596 MS: 4 ChangeBinInt-ChangeASCIIInt-CopyPart-ManualDict- DE: "1700000000"-
#35190	REDUCE cov: 5890 ft: 22287 corp: 1250/185Kb lim: 1596 exec/s: 7038 rss: 423Mb L: 21/1596 MS: 2 ChangeBinInt-EraseBytes-
#35206	REDUCE cov: 5896 ft: 22298 corp: 1251/186Kb lim: 1596 exec/s: 7041 rss: 423Mb L: 1333/1596 MS: 1 ManualDict- DE: "\\\""-
#35290	NEW    cov: 5897 ft: 22327 corp: 1252/186Kb lim: 1596 exec/s: 7058 rss: 423Mb L: 197/1596 MS: 4 CMP-CopyPart-ChangeBit-EraseBytes- DE: "\034\336R\330\252\252\000\000"-
#35311	REDUCE cov: 5897 ft: 22327 corp: 1252/186Kb lim: 1596 exec/s: 7062 rss: 423Mb L: 176/1596 MS: 1 EraseBytes-
#35444	NEW    cov: 5898 ft: 22328 corp: 1253/188Kb lim: 1596 exec/s: 7088 rss: 424Mb L: 1180/1596 MS: 3 EraseBytes-ShuffleBytes-PersAutoDict- DE: "1700000000.5"-
#35445	REDUCE cov: 5898 ft: 22328 corp: 1253/187Kb lim: 1596 exec/s: 7089 rss: 424Mb L: 24/1596 MS: 1 EraseBytes-
#35450	REDUCE cov: 5898 ft: 22328 corp: 1253/187Kb lim: 1596 exec/s: 7090 rss: 424Mb L: 116/1596 MS: 5 InsertByte-CopyPart-ChangeBinInt-CMP-EraseBytes- DE: "\377\377\373?\250\332\316\036"-
#35451	NEW    cov: 5898 ft: 22329 corp: 1254/188Kb lim: 1596 exec/s: 7090 rss: 424Mb L: 28/1596 MS: 1 ShuffleBytes-
#35462	NEW    cov: 5898 ft: 22331 corp: 1255/188Kb lim: 1596 exec/s: 7092 rss: 424Mb L: 86/1596 MS: 1 ChangeByte-
#35474	REDUCE cov: 5898 ft: 22353 corp: 1256/188Kb lim: 1596 exec/s: 7094 rss: 424Mb L: 46/1596 MS: 2 EraseBytes-ChangeBit-
#35601	NEW    cov: 5903 ft: 22358 corp: 1257/188Kb lim: 1596 exec/s: 7120 rss: 424Mb L: 29/1596 MS: 2 InsertByte-ManualDict- DE: "\"createdAt\":"-
#35637	NEW    cov: 5903 ft: 22359 corp: 1258/188Kb lim: 1596 exec/s: 7127 rss: 424Mb L: 100/1596 MS: 1 InsertByte-
#35672	REDUCE cov: 5904 ft: 22360 corp: 1259/188Kb lim: 1596 exec/s: 7134 rss: 424Mb L: 339/1596 MS: 5 ChangeBit-InsertByte-InsertRepeatedBytes-InsertRepeatedBytes-CMP- DE: "\020\000\000\000"-
#35744	NEW    cov: 5904 ft: 22361 corp: 1260/188Kb lim: 1596 exec/s: 7148 rss: 424Mb L: 294/1596 MS: 2 PersAutoDict-PersAutoDict- DE: "\000\001"-"updatedat"-
#35745	REDUCE cov: 5904 ft: 22361 corp: 1260/188Kb lim: 1596 exec/s: 7149 rss: 424Mb L: 61/1596 MS: 1 EraseBytes-
#35781	REDUCE cov: 5904 ft: 22361 corp: 1260/188Kb lim: 1596 exec/s: 7156 rss: 425Mb L: 119/1596 MS: 1 EraseBytes-
#35792	REDUCE cov: 5904 ft: 22361 corp: 1260/188Kb lim: 1596 exec/s: 7158 rss: 425Mb L: 262/1596 MS: 1 EraseBytes-
#35806	REDUCE cov: 5904 ft: 22361 corp: 1260/188Kb lim: 1596 exec/s: 7161 rss: 425Mb L: 398/1596 MS: 4 CrossOver-CopyPart-ChangeBit-EraseBytes-
#35814	REDUCE cov: 5904 ft: 22361 corp: 1260/188Kb lim: 1596 exec/s: 7162 rss: 425Mb L: 28/1596 MS: 3 ChangeBinInt-ManualDict-EraseBytes- DE: "\"createdAt\":"-
#35826	REDUCE cov: 5904 ft: 22361 corp: 1260/188Kb lim: 1596 exec/s: 7165 rss: 425Mb L: 175/1596 MS: 2 InsertRepeatedBytes-EraseBytes-
#35833	REDUCE cov: 5904 ft: 22361 corp: 1260/188Kb lim: 1596 exec/s: 7166 rss: 425Mb L: 61/1596 MS: 2 InsertByte-EraseBytes-
#35854	NEW    cov: 5904 ft: 22370 corp: 1261/188Kb lim: 1596 exec/s: 7170 rss: 425Mb L: 62/1596 MS: 1 ManualDict- DE: "007"-
#35862	NEW    cov: 5907 ft: 22373 corp: 1262/188Kb lim: 1596 exec/s: 7172 rss: 425Mb L: 18/1596 MS: 3 ChangeASCIIInt-ChangeASCIIInt-CopyPart-
#35889	REDUCE cov: 5907 ft: 22373 corp: 1262/188Kb lim: 1596 exec/s: 7177 rss: 425Mb L: 85/1596 MS: 2 CopyPart-EraseBytes-
#35940	REDUCE cov: 5907 ft: 22373 corp: 1262/188Kb lim: 1596 exec/s: 7188 rss: 425Mb L: 44/1596 MS: 1 EraseBytes-
#35952	NEW    cov: 5907 ft: 22382 corp: 1263/188Kb lim: 1596 exec/s: 7190 rss: 425Mb L: 74/1596 MS: 2 InsertRepeatedBytes-CopyPart-
#35953	NEW    cov: 5907 ft: 22391 corp: 1264/189Kb lim: 1596 exec/s: 7190 rss: 425Mb L: 71/1596 MS: 1 ManualDict- DE: "\\u00e9"-
#35965	REDUCE cov: 5907 ft: 22391 corp: 1264/188Kb lim: 1596 exec/s: 7193 rss: 425Mb L: 162/1596 MS: 2 CrossOver-EraseBytes-
#35968	NEW    cov: 5912 ft: 22396 corp: 1265/189Kb lim: 1596 exec/s: 7193 rss: 425Mb L: 362/1596 MS: 3 ShuffleBytes-InsertRepeatedBytes-CopyPart-
#36031	NEW    cov: 5912 ft: 22397 corp: 1266/189Kb lim: 1596 exec/s: 7206 rss: 426Mb L: 151/1596 MS: 3 ChangeByte-ChangeBit-CopyPart-
#36033	REDUCE cov: 5912 ft: 22397 corp: 1266/189Kb lim: 1596 exec/s: 7206 rss: 426Mb L: 78/1596 MS: 2 PersAutoDict-EraseBytes- DE: "23"-
#36109	NEW    cov: 5913 ft: 22411 corp: 1267/189Kb lim: 1596 exec/s: 7221 rss: 426Mb L: 22/1596 MS: 1 EraseBytes-
#36134	NEW    cov: 5913 ft: 22412 corp: 1268/189Kb lim: 1596 exec/s: 7226 rss: 426Mb L: 254/1596 MS: 5 ChangeASCIIInt-ChangeASCIIInt-CopyPart-ChangeByte-InsertRepeatedBytes-
#36185	REDUCE cov: 5913 ft: 22412 corp: 1268/188Kb lim: 1596 exec/s: 7237 rss: 426Mb L: 171/1596 MS: 1 CrossOver-
#36291	NEW    cov: 5913 ft: 22447 corp: 1269/188Kb lim: 1596 exec/s: 7258 rss: 426Mb L: 64/1596 MS: 1 InsertByte-
#36313	NEW    cov: 5913 ft: 22449 corp: 1270/188Kb lim: 1596 exec/s: 7262 rss: 426Mb L: 107/1596 MS: 2 ChangeBit-CrossOver-
#36321	REDUCE cov: 5913 ft: 22449 corp: 1270/188Kb lim: 1596 exec/s: 7264 rss: 426Mb L: 74/1596 MS: 3 ChangeBit-ShuffleBytes-EraseBytes-
#36337	REDUCE cov: 5913 ft: 22449 corp: 1270/188Kb lim: 1596 exec/s: 7267 rss: 427Mb L: 36/1596 MS: 1 EraseBytes-
#36415	REDUCE cov: 5913 ft: 22449 corp: 1270/188Kb lim: 1596 exec/s: 7283 rss: 427Mb L: 74/1596 MS: 3 ChangeByte-ManualDict-EraseBytes- DE: ":"-
#36428	REDUCE cov: 5913 ft: 22449 corp: 1270/188Kb lim: 1596 exec/s: 7285 rss: 427Mb L: 17/1596 MS: 3 ManualDict-ChangeBinInt-EraseBytes- DE: "\\ud83d"-
#36431	NEW    cov: 5913 ft: 22456 corp: 1271/188Kb lim: 1596 exec/s: 7286 rss: 427Mb L: 9/1596 MS: 3 ChangeBit-ChangeBit-ChangeBinInt-
#36477	NEW    cov: 5913 ft: 22465 corp: 1272/188Kb lim: 1596 exec/s: 7295 rss: 427Mb L: 35/1596 MS: 1 EraseBytes-
#36513	REDUCE cov: 5913 ft: 22465 corp: 1272/188Kb lim: 1596 exec/s: 7302 rss: 427Mb L: 69/1596 MS: 1 EraseBytes-
#36594	NEW    cov: 5913 ft: 22466 corp: 1273/188Kb lim: 1596 exec/s: 7318 rss: 427Mb L: 160/1596 MS: 1 InsertByte-
#36712	REDUCE cov: 5913 ft: 22466 corp: 1273/188Kb lim: 1596 exec/s: 7342 rss: 427Mb L: 218/1596 MS: 3 ManualDict-ChangeByte-EraseBytes- DE: "1700000000000000000"-
#36737	REDUCE cov: 5913 ft: 22466 corp: 1273/188Kb lim: 1596 exec/s: 7347 rss: 427Mb L: 26/1596 MS: 5 ChangeByte-ChangeByte-PersAutoDict-ChangeBinInt-EraseBytes- DE: "\177pdatedAt"-
#36808	NEW    cov: 5920 ft: 22496 corp: 1274/190Kb lim: 1596 exec/s: 7361 rss: 427Mb L: 1596/1596 MS: 1 ManualDict- DE: "[]"-
#36817	REDUCE cov: 5920 ft: 22496 corp: 1274/190Kb lim: 1596 exec/s: 7363 rss: 428Mb L: 80/1596 MS: 4 ChangeByte-CrossOver-ShuffleBytes-EraseBytes-
#36854	REDUCE cov: 5920 ft: 22496 corp: 1274/190Kb lim: 1596 exec/s: 7370 rss: 428Mb L: 80/1596 MS: 2 ShuffleBytes-EraseBytes-
#36891	REDUCE cov: 5928 ft: 22504 corp: 1275/190Kb lim: 1596 exec/s: 7378 rss: 428Mb L: 340/1596 MS: 2 CopyPart-PersAutoDict- DE: "1700000000000000000"-
#36902	NEW    cov: 5929 ft: 22505 corp: 1276/190Kb lim: 1596 exec/s: 7380 rss: 428Mb L: 10/1596 MS: 1 InsertByte-
#37003	NEW    cov: 5929 ft: 22515 corp: 1277/191Kb lim: 1596 exec/s: 7400 rss: 428Mb L: 693/1596 MS: 1 EraseBytes-
#37015	NEW    cov: 5929 ft: 22516 corp: 1278/191Kb lim: 1596 exec/s: 7403 rss: 428Mb L: 107/1596 MS: 2 ChangeASCIIInt-ChangeBit-
#37098	NEW    cov: 5930 ft: 22517 corp: 1279/191Kb lim: 1596 exec/s: 7419 rss: 428Mb L: 12/1596 MS: 3 ChangeByte-PersAutoDict-CrossOver- DE: "u0"-
#37111	NEW    cov: 5930 ft: 22518 corp: 1280/191Kb lim: 1596 exec/s: 7422 rss: 428Mb L: 8/1596 MS: 3 PersAutoDict-InsertByte-ChangeBinInt- DE: "null"-
#37117	REDUCE cov: 5930 ft: 22518 corp: 1280/191Kb lim: 1596 exec/s: 7423 rss: 428Mb L: 53/1596 MS: 1 EraseBytes-
#37148	NEW    cov: 5930 ft: 22521 corp: 1281/192Kb lim: 1596 exec/s: 7429 rss: 429Mb L: 1596/1596 MS: 1 CrossOver-
#37169	NEW    cov: 5932 ft: 22524 corp: 1282/192Kb lim: 1596 exec/s: 7433 rss: 429Mb L: 28/1596 MS: 1 CopyPart-
#37250	NEW    cov: 5932 ft: 22529 corp: 1283/192Kb lim: 1596 exec/s: 7450 rss: 429Mb L: 35/1596 MS: 1 EraseBytes-
#37261	NEW    cov: 5933 ft: 22532 corp: 1284/193Kb lim: 1596 exec/s: 7452 rss: 429Mb L: 440/1596 MS: 1 CopyPart-
#37267	REDUCE cov: 5933 ft: 22532 corp: 1284/193Kb lim: 1596 exec/s: 7453 rss: 429Mb L: 27/1596 MS: 1 EraseBytes-
#37284	REDUCE cov: 5933 ft: 22532 corp: 1284/193Kb lim: 1596 exec/s: 7456 rss: 429Mb L: 189/1596 MS: 2 CrossOver-EraseBytes-
#37295	NEW    cov: 5933 ft: 22533 corp: 1285/193Kb lim: 1596 exec/s: 7459 rss: 429Mb L: 11/1596 MS: 1 CopyPart-
#37410	REDUCE cov: 5933 ft: 22533 corp: 1285/193Kb lim: 1596 exec/s: 7482 rss: 430Mb L: 252/1596 MS: 5 ChangeASCIIInt-ManualDict-ChangeBinInt-ChangeBinInt-EraseBytes- DE: "\"1700000000000\""-
#37447	REDUCE cov: 5933 ft: 22533 corp: 1285/193Kb lim: 1596 exec/s: 7489 rss: 430Mb L: 77/1596 MS: 2 ManualDict-EraseBytes- DE: "1.5"-
#37471	REDUCE cov: 5933 ft: 22544 corp: 1286/193Kb lim: 1596 exec/s: 7494 rss: 430Mb L: 104/1596 MS: 4 ManualDict-ChangeASCIIInt-ChangeByte-CopyPart- DE: "{"-
#37516	NEW    cov: 5933 ft: 22545 corp: 1287/193Kb lim: 1596 exec/s: 7503 rss: 430Mb L: 59/1596 MS: 5 ShuffleBytes-ManualDict-ShuffleBytes-ShuffleBytes-ChangeBit- DE: "]"-
#37586	REDUCE cov: 5933 ft: 22545 corp: 1287/193Kb lim: 1596 exec/s: 6264 rss: 430Mb L: 412/1596 MS: 5 ShuffleBytes-ChangeBinInt-InsertByte-CopyPart-EraseBytes-
#37591	REDUCE cov: 5933 ft: 22545 corp: 1287/193Kb lim: 1596 exec/s: 6265 rss: 430Mb L: 23/1596 MS: 5 ChangeASCIIInt-ChangeBit-ShuffleBytes-ChangeBinInt-EraseBytes-
#37597	REDUCE cov: 5933 ft: 22545 corp: 1287/193Kb lim: 1596 exec/s: 6266 rss: 430Mb L: 224/1596 MS: 1 EraseBytes-
#37601	REDUCE cov: 5933 ft: 22545 corp: 1287/193Kb lim: 1596 exec/s: 6266 rss: 430Mb L: 143/1596 MS: 4 PersAutoDict-ShuffleBytes-ChangeBit-EraseBytes- DE: "\000\000\002\264"-
#37742	REDUCE cov: 5933 ft: 22545 corp: 1287/192Kb lim: 1596 exec/s: 6290 rss: 430Mb L: 203/1596 MS: 1 EraseBytes-
#37744	REDUCE cov: 5933 ft: 22545 corp: 1287/192Kb lim: 1596 exec/s: 6290 rss: 430Mb L: 134/1596 MS: 2 PersAutoDict-EraseBytes- DE: "k3"-
#37786	NEW    cov: 5933 ft: 22546 corp: 1288/192Kb lim: 1596 exec/s: 6297 rss: 431Mb L: 46/1596 MS: 2 ChangeBit-EraseBytes-
#37794	REDUCE cov: 5933 ft: 22546 corp: 1288/192Kb lim: 1596 exec/s: 6299 rss: 431Mb L: 103/1596 MS: 3 ChangeBinInt-PersAutoDict-EraseBytes- DE: ","-
#37795	REDUCE cov: 5933 ft: 22546 corp: 1288/192Kb lim: 1596 exec/s: 6299 rss: 431Mb L: 113/1596 MS: 1 EraseBytes-
#37813	NEW    cov: 5933 ft: 22547 corp: 1289/192Kb lim: 1596 exec/s: 6302 rss: 431Mb L: 34/1596 MS: 3 PersAutoDict-ChangeBinInt-InsertByte- DE: "\377\377\377\011"-
#37858	NEW    cov: 5933 ft: 22548 corp: 1290/192Kb lim: 1596 exec/s: 6309 rss: 431Mb L: 48/1596 MS: 5 CMP-CrossOver-PersAutoDict-ManualDict-ManualDict- DE: "\376\377\377\377\377\377\377\374"-"\020\000\000\000"-"\"id\":1"-"1700000000.5"-
#37890	REDUCE cov: 5933 ft: 22548 corp: 1290/192Kb lim: 1596 exec/s: 6315 rss: 431Mb L: 194/1596 MS: 2 CMP-EraseBytes- DE: "\001\000\375\217\250\331\213l"-
#37901	NEW    cov: 5935 ft: 22553 corp: 1291/193Kb lim: 1596 exec/s: 6316 rss: 431Mb L: 112/1596 MS: 1 ManualDict- DE: "1700000000000"-
#37963	REDUCE cov: 5935 ft: 22553 corp: 1291/193Kb lim: 1596 exec/s: 6327 rss: 431Mb L: 54/1596 MS: 2 ChangeASCIIInt-EraseBytes-
#37974	REDUCE cov: 5935 ft: 22553 corp: 1291/193Kb lim: 1596 exec/s: 6329 rss: 431Mb L: 8/1596 MS: 1 EraseBytes-
#38027	REDUCE cov: 5935 ft: 22556 corp: 1292/193Kb lim: 1596 exec/s: 6337 rss: 431Mb L: 327/1596 MS: 3 CrossOver-CrossOver-CopyPart-
#38033	REDUCE cov: 5935 ft: 22556 corp: 1292/193Kb lim: 1596 exec/s: 6338 rss: 431Mb L: 148/1596 MS: 1 EraseBytes-
#38049	NEW    cov: 5937 ft: 22558 corp: 1293/194Kb lim: 1596 exec/s: 6341 rss: 431Mb L: 815/1596 MS: 1 ManualDict- DE: "\360\237\230\200"-
#38052	REDUCE cov: 5937 ft: 22558 corp: 1293/194Kb lim: 1596 exec/s: 6342 rss: 432Mb L: 239/1596 MS: 3 ChangeBinInt-ChangeByte-EraseBytes-
#38096	NEW    cov: 5941 ft: 22562 corp: 1294/194Kb lim: 1596 exec/s: 6349 rss: 432Mb L: 184/1596 MS: 4 ManualDict-ManualDict-PersAutoDict-ManualDict- DE: "]"-"0"-"\"syncedAt\":"-"true"-
#38198	NEW    cov: 5941 ft: 22569 corp: 1295/194Kb lim: 1596 exec/s: 6366 rss: 432Mb L: 105/1596 MS: 2 ChangeBit-CopyPart-
#38209	NEW    cov: 5950 ft: 22578 corp: 1296/194Kb lim: 1596 exec/s: 6368 rss: 432Mb L: 48/1596 MS: 1 EraseBytes-
#38265	REDUCE cov: 5950 ft: 22578 corp: 1296/194Kb lim: 1596 exec/s: 6377 rss: 432Mb L: 106/1596 MS: 1 EraseBytes-
#38266	NEW    cov: 5954 ft: 22599 corp: 1297/195Kb lim: 1596 exec/s: 6377 rss: 432Mb L: 1267/1596 MS: 1 EraseBytes-
#38322	REDUCE cov: 5954 ft: 22600 corp: 1298/195Kb lim: 1596 exec/s: 6387 rss: 432Mb L: 54/1596 MS: 1 PersAutoDict- DE: "k7"-
#38379	REDUCE cov: 5954 ft: 22600 corp: 1298/195Kb lim: 1596 exec/s: 6396 rss: 432Mb L: 43/1596 MS: 2 InsertByte-EraseBytes-
#38386	REDUCE cov: 5954 ft: 22600 corp: 1298/195Kb lim: 1596 exec/s: 6397 rss: 432Mb L: 66/1596 MS: 2 CrossOver-EraseBytes-
#38413	NEW    cov: 5954 ft: 22604 corp: 1299/195Kb lim: 1596 exec/s: 6402 rss: 432Mb L: 229/1596 MS: 2 ChangeByte-ManualDict- DE: "9223372036854775807"-
#38460	NEW    cov: 5959 ft: 22609 corp: 1300/195Kb lim: 1596 exec/s: 6410 rss: 433Mb L: 61/1596 MS: 2 ShuffleBytes-CrossOver-
#38496	NEW    cov: 5959 ft: 22610 corp: 1301/197Kb lim: 1596 exec/s: 6416 rss: 433Mb L: 1596/1596 MS: 1 ShuffleBytes-
#38542	REDUCE cov: 5959 ft: 22616 corp: 1302/197Kb lim: 1596 exec/s: 6423 rss: 433Mb L: 56/1596 MS: 1 ChangeByte-
#38543	NEW    cov: 5959 ft: 22617 corp: 1303/197Kb lim: 1596 exec/s: 6423 rss: 433Mb L: 11/1596 MS: 1 ManualDict- DE: ":"-
#38571	REDUCE cov: 5959 ft: 22617 corp: 1303/197Kb lim: 1596 exec/s: 6428 rss: 433Mb L: 55/1596 MS: 3 ChangeBinInt-CMP-EraseBytes- DE: "\377\003"-
#38607	NEW    cov: 5959 ft: 22622 corp: 1304/197Kb lim: 1596 exec/s: 6434 rss: 433Mb L: 34/1596 MS: 1 ChangeBinInt-
#38624	REDUCE cov: 5959 ft: 22622 corp: 1304/197Kb lim: 1596 exec/s: 6437 rss: 433Mb L: 26/1596 MS: 2 ChangeBit-EraseBytes-
#38631	NEW    cov: 5959 ft: 22628 corp: 1305/197Kb lim: 1596 exec/s: 6438 rss: 433Mb L: 133/1596 MS: 2 InsertByte-EraseBytes-
#38642	NEW    cov: 5959 ft: 22634 corp: 1306/197Kb lim: 1596 exec/s: 6440 rss: 433Mb L: 84/1596 MS: 1 ManualDict- DE: "1.5"-
#38658	REDUCE cov: 5959 ft: 22634 corp: 1306/197Kb lim: 1596 exec/s: 6443 rss: 433Mb L: 61/1596 MS: 1 EraseBytes-
#38664	NEW    cov: 5960 ft: 22636 corp: 1307/197Kb lim: 1596 exec/s: 6444 rss: 433Mb L: 16/1596 MS: 1 CopyPart-
#38731	REDUCE cov: 5961 ft: 22637 corp: 1308/197Kb lim: 1596 exec/s: 6455 rss: 433Mb L: 31/1596 MS: 2 InsertByte-EraseBytes-
#38737	NEW    cov: 5961 ft: 22638 corp: 1309/197Kb lim: 1596 exec/s: 6456 rss: 434Mb L: 59/1596 MS: 1 ChangeBinInt-
#38749	NEW    cov: 5961 ft: 22641 corp: 1310/198Kb lim: 1596 exec/s: 6458 rss: 434Mb L: 176/1596 MS: 2 CopyPart-InsertRepeatedBytes-
#38752	NEW    cov: 5961 ft: 22696 corp: 1311/199Kb lim: 1596 exec/s: 6458 rss: 434Mb L: 1596/1596 MS: 3 CopyPart-ShuffleBytes-CrossOver-
#38759	NEW    cov: 5961 ft: 22698 corp: 1312/199Kb lim: 1596 exec/s: 6459 rss: 434Mb L: 336/1596 MS: 2 ChangeByte-EraseBytes-
#38790	REDUCE cov: 5961 ft: 22698 corp: 1312/199Kb lim: 1596 exec/s: 6465 rss: 434Mb L: 15/1596 MS: 1 EraseBytes-
#38811	NEW    cov: 5966 ft: 22703 corp: 1313/199Kb lim: 1596 exec/s: 6468 rss: 434Mb L: 10/1596 MS: 1 InsertByte-
#38919	REDUCE cov: 5966 ft: 22709 corp: 1314/200Kb lim: 1596 exec/s: 6486 rss: 434Mb L: 244/1596 MS: 3 ChangeByte-ManualDict-ManualDict- DE: "0"-"false"-
#38935	NEW    cov: 5967 ft: 22715 corp: 1315/200Kb lim: 1596 exec/s: 6489 rss: 434Mb L: 100/1596 MS: 1 ChangeASCIIInt-
#38991	NEW    cov: 5967 ft: 22716 corp: 1316/200Kb lim: 1596 exec/s: 6498 rss: 434Mb L: 19/1596 MS: 1 InsertByte-
#39003	REDUCE cov: 5967 ft: 22716 corp: 1316/200Kb lim: 1596 exec/s: 6500 rss: 434Mb L: 122/1596 MS: 2 ChangeBinInt-EraseBytes-
#39085	NEW    cov: 5969 ft: 22718 corp: 1317/201Kb lim: 1596 exec/s: 6514 rss: 434Mb L: 817/1596 MS: 2 ChangeBit-CMP- DE: "id"-
#39096	REDUCE cov: 5969 ft: 22720 corp: 1318/201Kb lim: 1596 exec/s: 6516 rss: 435Mb L: 434/1596 MS: 1 CrossOver-
#39119	NEW    cov: 5969 ft: 22729 corp: 1319/201Kb lim: 1596 exec/s: 6519 rss: 435Mb L: 112/1596 MS: 3 CMP-ChangeByte-CMP- DE: "\000\000\376\377"-"22"-
#39147	NEW    cov: 5969 ft: 22761 corp: 1320/201Kb lim: 1596 exec/s: 6524 rss: 435Mb L: 117/1596 MS: 3 CopyPart-InsertRepeatedBytes-EraseBytes-
#39288	REDUCE cov: 5969 ft: 22761 corp: 1320/201Kb lim: 1596 exec/s: 6548 rss: 435Mb L: 55/1596 MS: 1 EraseBytes-
#39300	NEW    cov: 5969 ft: 22771 corp: 1321/201Kb lim: 1596 exec/s: 6550 rss: 435Mb L: 46/1596 MS: 2 ChangeASCIIInt-ChangeBinInt-
#39387	REDUCE cov: 5969 ft: 22771 corp: 1321/201Kb lim: 1596 exec/s: 6564 rss: 435Mb L: 17/1596 MS: 2 ChangeBinInt-EraseBytes-
#39398	REDUCE cov: 5969 ft: 22771 corp: 1321/201Kb lim: 1596 exec/s: 6566 rss: 435Mb L: 19/1596 MS: 1 EraseBytes-
#39524	NEW    cov: 5970 ft: 22774 corp: 1322/201Kb lim: 1596 exec/s: 6587 rss: 435Mb L: 113/1596 MS: 1 InsertRepeatedBytes-
#39530	REDUCE cov: 5970 ft: 22774 corp: 1322/201Kb lim: 1596 exec/s: 6588 rss: 435Mb L: 226/1596 MS: 1 EraseBytes-
#39545	REDUCE cov: 5970 ft: 22774 corp: 1322/201Kb lim: 1596 exec/s: 6590 rss: 435Mb L: 73/1596 MS: 5 ManualDict-CrossOver-CMP-ChangeASCIIInt-EraseBytes- DE: "\360\237\230\200"-"\000\000\000\000\000\000\000\000"-
#39597	NEW    cov: 5970 ft: 22781 corp: 1323/201Kb lim: 1596 exec/s: 6599 rss: 435Mb L: 9/1596 MS: 2 ChangeASCIIInt-ManualDict- DE: "\\\""-
#39657	REDUCE cov: 5971 ft: 22782 corp: 1324/201Kb lim: 1596 exec/s: 6609 rss: 436Mb L: 85/1596 MS: 5 CopyPart-CrossOver-ChangeByte-ShuffleBytes-ChangeBinInt-
#39660	REDUCE cov: 5971 ft: 22783 corp: 1325/201Kb lim: 1596 exec/s: 6610 rss: 436Mb L: 27/1596 MS: 3 CopyPart-ManualDict-InsertByte- DE: "\303\251"-
#39801	REDUCE cov: 5971 ft: 22783 corp: 1325/201Kb lim: 1596 exec/s: 6633 rss: 436Mb L: 24/1596 MS: 1 EraseBytes-
#39887	REDUCE cov: 5971 ft: 22784 corp: 1326/202Kb lim: 1596 exec/s: 6647 rss: 436Mb L: 651/1596 MS: 1 CrossOver-
#39929	REDUCE cov: 5971 ft: 22784 corp: 1326/202Kb lim: 1596 exec/s: 6654 rss: 436Mb L: 83/1596 MS: 2 ChangeASCIIInt-EraseBytes-
#39935	REDUCE cov: 5971 ft: 22784 corp: 1326/202Kb lim: 1596 exec/s: 6655 rss: 436Mb L: 36/1596 MS: 1 EraseBytes-
#40007	NEW    cov: 5971 ft: 22793 corp: 1327/202Kb lim: 1596 exec/s: 6667 rss: 436Mb L: 49/1596 MS: 2 InsertByte-ChangeBit-
#40075	NEW    cov: 5971 ft: 22796 corp: 1328/202Kb lim: 1596 exec/s: 6679 rss: 436Mb L: 15/1596 MS: 3 ChangeBit-ChangeBit-CrossOver-
#40120	REDUCE cov: 5971 ft: 22796 corp: 1328/202Kb lim: 1596 exec/s: 6686 rss: 436Mb L: 76/1596 MS: 5 ManualDict-CMP-ShuffleBytes-ManualDict-EraseBytes- DE: "\360\237\230\200"-"\377\377\377\377\377\377\377\377"-"\"firstSeenAt\":"-
#40131	NEW    cov: 5971 ft: 22805 corp: 1329/202Kb lim: 1596 exec/s: 6688 rss: 436Mb L: 15/1596 MS: 1 ChangeBinInt-
#40134	REDUCE cov: 5971 ft: 22805 corp: 1329/202Kb lim: 1596 exec/s: 6689 rss: 436Mb L: 145/1596 MS: 3 ShuffleBytes-ChangeASCIIInt-EraseBytes-
#40171	NEW    cov: 5981 ft: 22815 corp: 1330/202Kb lim: 1596 exec/s: 6695 rss: 436Mb L: 43/1596 MS: 2 ChangeASCIIInt-ChangeASCIIInt-
#40202	REDUCE cov: 5981 ft: 22815 corp: 1330/202Kb lim: 1596 exec/s: 6700 rss: 437Mb L: 56/1596 MS: 1 EraseBytes-
#40354	NEW    cov: 5981 ft: 22817 corp: 1331/202Kb lim: 1596 exec/s: 6725 rss: 437Mb L: 37/1596 MS: 2 ChangeBit-PersAutoDict- DE: "\\\""-
#40420	NEW    cov: 5996 ft: 22856 corp: 1332/202Kb lim: 1596 exec/s: 6736 rss: 437Mb L: 35/1596 MS: 1 ManualDict- DE: "\\\""-
#40448	REDUCE cov: 5996 ft: 22856 corp: 1332/202Kb lim: 1596 exec/s: 6741 rss: 437Mb L: 54/1596 MS: 3 ShuffleBytes-InsertRepeatedBytes-EraseBytes-
#40489	REDUCE cov: 5997 ft: 22857 corp: 1333/202Kb lim: 1596 exec/s: 6748 rss: 437Mb L: 86/1596 MS: 1 InsertByte-
#40575	REDUCE cov: 5997 ft: 22857 corp: 1333/202Kb lim: 1596 exec/s: 6762 rss: 438Mb L: 57/1596 MS: 1 EraseBytes-
#40739	REDUCE cov: 5997 ft: 22857 corp: 1333/202Kb lim: 1596 exec/s: 6789 rss: 438Mb L: 104/1596 MS: 4 CopyPart-ChangeByte-ChangeBit-EraseBytes-
#40767	REDUCE cov: 5997 ft: 22857 corp: 1333/202Kb lim: 1596 exec/s: 6794 rss: 438Mb L: 84/1596 MS: 3 InsertByte-InsertByte-EraseBytes-
#40787	REDUCE cov: 5997 ft: 22857 corp: 1333/202Kb lim: 1596 exec/s: 6797 rss: 438Mb L: 54/1596 MS: 5 ChangeBinInt-ChangeBit-InsertByte-CopyPart-EraseBytes-
#40802	NEW    cov: 5997 ft: 22858 corp: 1334/202Kb lim: 1596 exec/s: 6800 rss: 438Mb L: 152/1596 MS: 5 ManualDict-PersAutoDict-CrossOver-CMP-EraseBytes- DE: "\\\""-"\"items\":[{\"id\":1}]"-"k8"-
#40823	NEW    cov: 5997 ft: 22871 corp: 1335/203Kb lim: 1596 exec/s: 6803 rss: 438Mb L: 1166/1596 MS: 1 EraseBytes-
#40829	REDUCE cov: 5997 ft: 22871 corp: 1335/203Kb lim: 1596 exec/s: 6804 rss: 438Mb L: 28/1596 MS: 1 EraseBytes-
#40860	NEW    cov: 5997 ft: 22874 corp: 1336/203Kb lim: 1596 exec/s: 6810 rss: 438Mb L: 48/1596 MS: 1 EraseBytes-
#40911	REDUCE cov: 5997 ft: 22883 corp: 1337/203Kb lim: 1596 exec/s: 6818 rss: 438Mb L: 150/1596 MS: 1 PersAutoDict- DE: "[1"-
#40923	REDUCE cov: 5997 ft: 22883 corp: 1337/203Kb lim: 1596 exec/s: 6820 rss: 438Mb L: 16/1596 MS: 2 EraseBytes-CMP- DE: "\001\000\376\377"-
#40934	REDUCE cov: 5997 ft: 22883 corp: 1337/203Kb lim: 1596 exec/s: 6822 rss: 438Mb L: 94/1596 MS: 1 EraseBytes-
#40940	NEW    cov: 5997 ft: 22891 corp: 1338/203Kb lim: 1596 exec/s: 6823 rss: 438Mb L: 26/1596 MS: 1 EraseBytes-
#40980	REDUCE cov: 5997 ft: 22898 corp: 1339/204Kb lim: 1596 exec/s: 6830 rss: 439Mb L: 92/1596 MS: 5 CMP-ChangeBit-ShuffleBytes-InsertByte-PersAutoDict- DE: "\377\377"-"false"-
#41106	NEW    cov: 5997 ft: 22940 corp: 1340/205Kb lim: 1596 exec/s: 6851 rss: 439Mb L: 1058/1596 MS: 1 CopyPart-
#41115	REDUCE cov: 5997 ft: 22940 corp: 1340/205Kb lim: 1596 exec/s: 6852 rss: 439Mb L: 21/1596 MS: 4 ChangeBit-PersAutoDict-ChangeBit-EraseBytes- DE: "\006\000\000\000"-
#41118	REDUCE cov: 5997 ft: 22940 corp: 1340/205Kb lim: 1596 exec/s: 6853 rss: 439Mb L: 46/1596 MS: 3 InsertByte-InsertByte-EraseBytes-
#41134	NEW    cov: 5997 ft: 22949 corp: 1341/205Kb lim: 1596 exec/s: 6855 rss: 439Mb L: 159/1596 MS: 1 CrossOver-
#41153	NEW    cov: 6001 ft: 22953 corp: 1342/205Kb lim: 1596 exec/s: 6858 rss: 439Mb L: 139/1596 MS: 4 ChangeByte-ChangeByte-InsertRepeatedBytes-ChangeBinInt-
#41166	NEW    cov: 6001 ft: 22960 corp: 1343/205Kb lim: 1596 exec/s: 6861 rss: 439Mb L: 44/1596 MS: 3 ChangeBit-ChangeByte-InsertByte-
#41177	NEW    cov: 6001 ft: 22962 corp: 1344/205Kb lim: 1596 exec/s: 6862 rss: 439Mb L: 115/1596 MS: 1 EraseBytes-
#41264	REDUCE cov: 6001 ft: 22962 corp: 1344/205Kb lim: 1596 exec/s: 6877 rss: 439Mb L: 258/1596 MS: 2 ShuffleBytes-EraseBytes-
#41377	REDUCE cov: 6001 ft: 22962 corp: 1344/205Kb lim: 1596 exec/s: 6896 rss: 439Mb L: 21/1596 MS: 3 ChangeASCIIInt-InsertByte-EraseBytes-
#41408	NEW    cov: 6001 ft: 22963 corp: 1345/205Kb lim: 1596 exec/s: 6901 rss: 439Mb L: 151/1596 MS: 1 PersAutoDict- DE: "\"items\":[{\"id\":1}]"-
#41436	REDUCE cov: 6001 ft: 22964 corp: 1346/205Kb lim: 1596 exec/s: 6906 rss: 439Mb L: 64/1596 MS: 3 PersAutoDict-InsertByte-ShuffleBytes- DE: "471"-
#41437	NEW    cov: 6001 ft: 22965 corp: 1347/205Kb lim: 1596 exec/s: 6906 rss: 440Mb L: 179/1596 MS: 1 InsertRepeatedBytes-
#41473	REDUCE cov: 6001 ft: 22965 corp: 1347/205Kb lim: 1596 exec/s: 6912 rss: 440Mb L: 95/1596 MS: 1 EraseBytes-
#41526	REDUCE cov: 6001 ft: 22965 corp: 1347/205Kb lim: 1596 exec/s: 6921 rss: 440Mb L: 70/1596 MS: 3 ChangeBit-ChangeByte-EraseBytes-
#41659	NEW    cov: 6001 ft: 22968 corp: 1348/205Kb lim: 1596 exec/s: 6943 rss: 440Mb L: 40/1596 MS: 3 CopyPart-ChangeBit-EraseBytes-
#41728	REDUCE cov: 6001 ft: 22968 corp: 1348/205Kb lim: 1596 exec/s: 6954 rss: 440Mb L: 22/1596 MS: 4 InsertByte-ChangeBinInt-ManualDict-EraseBytes- DE: "false"-
#41744	NEW    cov: 6001 ft: 22971 corp: 1349/205Kb lim: 1596 exec/s: 6957 rss: 440Mb L: 27/1596 MS: 1 EraseBytes-
#41759	REDUCE cov: 6001 ft: 23004 corp: 1350/205Kb lim: 1596 exec/s: 6959 rss: 440Mb L: 118/1596 MS: 5 ChangeBit-ManualDict-ChangeBit-PersAutoDict-EraseBytes- DE: "\""-"\"id\":"-
#41766	NEW    cov: 6001 ft: 23009 corp: 1351/205Kb lim: 1596 exec/s: 6961 rss: 440Mb L: 135/1596 MS: 2 PersAutoDict-InsertByte- DE: "\020\000\000\000\000\000\000\000"-
#41803	REDUCE cov: 6001 ft: 23009 corp: 1351/205Kb lim: 1596 exec/s: 6967 rss: 440Mb L: 79/1596 MS: 2 PersAutoDict-EraseBytes- DE: "18"-
#41805	NEW    cov: 6001 ft: 23023 corp: 1352/207Kb lim: 1596 exec/s: 6967 rss: 440Mb L: 1596/1596 MS: 2 ChangeBit-ChangeByte-
#41827	REDUCE cov: 6007 ft: 23029 corp: 1353/207Kb lim: 1596 exec/s: 6971 rss: 440Mb L: 194/1596 MS: 2 InsertByte-InsertRepeatedBytes-
#41838	NEW    cov: 6007 ft: 23032 corp: 1354/207Kb lim: 1596 exec/s: 6973 rss: 440Mb L: 11/1596 MS: 1 ChangeBinInt-
#41856	REDUCE cov: 6007 ft: 23037 corp: 1355/207Kb lim: 1596 exec/s: 6976 rss: 441Mb L: 84/1596 MS: 3 PersAutoDict-ChangeBit-CrossOver- DE: "\000\000\374?\250\316\032n"-
#41894	REDUCE cov: 6007 ft: 23037 corp: 1355/207Kb lim: 1596 exec/s: 6982 rss: 441Mb L: 51/1596 MS: 3 PersAutoDict-ChangeBinInt-EraseBytes- DE: "\\ud83d"-
#41925	NEW    cov: 6007 ft: 23038 corp: 1356/207Kb lim: 1596 exec/s: 6987 rss: 441Mb L: 13/1596 MS: 1 EraseBytes-
#41926	REDUCE cov: 6007 ft: 23038 corp: 1356/207Kb lim: 1596 exec/s: 6987 rss: 441Mb L: 97/1596 MS: 1 EraseBytes-
#41944	NEW    cov: 6007 ft: 23039 corp: 1357/207Kb lim: 1596 exec/s: 6990 rss: 441Mb L: 54/1596 MS: 3 CopyPart-ChangeBit-CopyPart-
#41950	NEW    cov: 6007 ft: 23041 corp: 1358/207Kb lim: 1596 exec/s: 6991 rss: 441Mb L: 53/1596 MS: 1 ManualDict- DE: "007"-
#41968	REDUCE cov: 6007 ft: 23041 corp: 1358/207Kb lim: 1596 exec/s: 6994 rss: 441Mb L: 68/1596 MS: 3 CMP-ChangeByte-EraseBytes- DE: "\377\011"-
#42064	REDUCE cov: 6007 ft: 23041 corp: 1358/207Kb lim: 1596 exec/s: 7010 rss: 441Mb L: 225/1596 MS: 1 EraseBytes-
#42150	NEW    cov: 6008 ft: 23058 corp: 1359/207Kb lim: 1596 exec/s: 7025 rss: 441Mb L: 44/1596 MS: 1 EraseBytes-
#42153	REDUCE cov: 6009 ft: 23059 corp: 1360/208Kb lim: 1596 exec/s: 7025 rss: 441Mb L: 139/1596 MS: 3 PersAutoDict-ChangeASCIIInt-PersAutoDict- DE: "\000\000\000\000\000\000\000$"-"\"firstSeenAt\":"-
#42172	REDUCE cov: 6009 ft: 23059 corp: 1360/208Kb lim: 1596 exec/s: 7028 rss: 441Mb L: 112/1596 MS: 4 CrossOver-ManualDict-ChangeBinInt-EraseBytes- DE: "\\u00e9"-
#42175	REDUCE cov: 6009 ft: 23059 corp: 1360/207Kb lim: 1596 exec/s: 7029 rss: 441Mb L: 146/1596 MS: 3 CopyPart-ChangeBit-EraseBytes-
#42187	NEW    cov: 6009 ft: 23062 corp: 1361/208Kb lim: 1596 exec/s: 7031 rss: 441Mb L: 77/1596 MS: 2 ChangeASCIIInt-ShuffleBytes-
#42200	REDUCE cov: 6009 ft: 23062 corp: 1361/208Kb lim: 1596 exec/s: 7033 rss: 442Mb L: 56/1596 MS: 3 ManualDict-ChangeASCIIInt-EraseBytes- DE: "\\ud83d"-
#42202	REDUCE cov: 6009 ft: 23062 corp: 1361/208Kb lim: 1596 exec/s: 7033 rss: 442Mb L: 69/1596 MS: 2 CrossOver-EraseBytes-
#42313	NEW    cov: 6009 ft: 23093 corp: 1362/208Kb lim: 1596 exec/s: 7052 rss: 442Mb L: 21/1596 MS: 1 EraseBytes-
#42335	NEW    cov: 6009 ft: 23095 corp: 1363/208Kb lim: 1596 exec/s: 7055 rss: 442Mb L: 71/1596 MS: 2 ChangeASCIIInt-CrossOver-
#42340	REDUCE cov: 6009 ft: 23100 corp: 1364/208Kb lim: 1596 exec/s: 7056 rss: 442Mb L: 176/1596 MS: 5 InsertRepeatedBytes-CrossOver-PersAutoDict-ChangeBit-EraseBytes- DE: "\000\000\374?\250\316\032n"-
#42341	REDUCE cov: 6009 ft: 23100 corp: 1364/208Kb lim: 1596 exec/s: 7056 rss: 442Mb L: 133/1596 MS: 1 EraseBytes-
#42402	NEW    cov: 6009 ft: 23101 corp: 1365/208Kb lim: 1596 exec/s: 7067 rss: 442Mb L: 47/1596 MS: 1 InsertByte-
#42431	REDUCE cov: 6009 ft: 23101 corp: 1365/208Kb lim: 1596 exec/s: 7071 rss: 442Mb L: 49/1596 MS: 4 PersAutoDict-CMP-ChangeASCIIInt-EraseBytes- DE: "k46"-"\000\377\000\000"-
#42447	REDUCE cov: 6009 ft: 23103 corp: 1366/208Kb lim: 1596 exec/s: 7074 rss: 442Mb L: 132/1596 MS: 1 PersAutoDict- DE: "\\u00e9"-
#42448	REDUCE cov: 6009 ft: 23103 corp: 1366/208Kb lim: 1596 exec/s: 7074 rss: 442Mb L: 67/1596 MS: 1 EraseBytes-
#42459	REDUCE cov: 6009 ft: 23103 corp: 1366/208Kb lim: 1596 exec/s: 7076 rss: 442Mb L: 63/1596 MS: 1 EraseBytes-
#42493	REDUCE cov: 6010 ft: 23104 corp: 1367/208Kb lim: 1596 exec/s: 7082 rss: 442Mb L: 190/1596 MS: 4 ChangeASCIIInt-ChangeBit-ManualDict-PersAutoDict- DE: "["-"[[]]"-
#42560	REDUCE cov: 6010 ft: 23104 corp: 1367/208Kb lim: 1596 exec/s: 7093 rss: 442Mb L: 29/1596 MS: 2 InsertByte-EraseBytes-
#42563	REDUCE cov: 6010 ft: 23104 corp: 1367/208Kb lim: 1596 exec/s: 7093 rss: 442Mb L: 12/1596 MS: 3 InsertByte-CopyPart-EraseBytes-
#42566	REDUCE cov: 6010 ft: 23104 corp: 1367/208Kb lim: 1596 exec/s: 7094 rss: 443Mb L: 304/1596 MS: 3 ShuffleBytes-ShuffleBytes-EraseBytes-
#42582	NEW    cov: 6010 ft: 23111 corp: 1368/208Kb lim: 1596 exec/s: 7097 rss: 443Mb L: 17/1596 MS: 1 CMP- DE: "\000\000\000\352"-
#42602	REDUCE cov: 6010 ft: 23111 corp: 1368/208Kb lim: 1596 exec/s: 7100 rss: 443Mb L: 55/1596 MS: 5 ChangeByte-ChangeBinInt-ChangeBinInt-ChangeByte-EraseBytes-
#42609	REDUCE cov: 6010 ft: 23112 corp: 1369/208Kb lim: 1596 exec/s: 7101 rss: 443Mb L: 17/1596 MS: 2 CMP-EraseBytes- DE: "21"-
#42623	NEW    cov: 6010 ft: 23115 corp: 1370/208Kb lim: 1596 exec/s: 7103 rss: 443Mb L: 223/1596 MS: 4 ShuffleBytes-ChangeBit-ShuffleBytes-CrossOver-
#42710	REDUCE cov: 6010 ft: 23115 corp: 1370/208Kb lim: 1596 exec/s: 7118 rss: 443Mb L: 13/1596 MS: 2 ShuffleBytes-EraseBytes-
#42749	NEW    cov: 6010 ft: 23118 corp: 1371/208Kb lim: 1596 exec/s: 7124 rss: 443Mb L: 61/1596 MS: 4 InsertByte-ChangeBit-InsertByte-PersAutoDict- DE: "\303\251"-
#42750	NEW    cov: 6020 ft: 23128 corp: 1372/208Kb lim: 1596 exec/s: 7125 rss: 443Mb L: 152/1596 MS: 1 InsertByte-
#42752	NEW    cov: 6020 ft: 23133 corp: 1373/208Kb lim: 1596 exec/s: 7125 rss: 443Mb L: 21/1596 MS: 2 EraseBytes-PersAutoDict- DE: "\376\377\377\377"-
#42753	NEW    cov: 6020 ft: 23146 corp: 1374/209Kb lim: 1596 exec/s: 7125 rss: 443Mb L: 895/1596 MS: 1 EraseBytes-
#42839	NEW    cov: 6034 ft: 23160 corp: 1375/209Kb lim: 1596 exec/s: 7139 rss: 443Mb L: 27/1596 MS: 1 ManualDict- DE: "\\ud83d\\ude00"-
#42843	REDUCE cov: 6034 ft: 23160 corp: 1375/209Kb lim: 1596 exec/s: 7140 rss: 443Mb L: 107/1596 MS: 4 ChangeBinInt-ChangeASCIIInt-CrossOver-CrossOver-
#42845	NEW    cov: 6035 ft: 23161 corp: 1376/209Kb lim: 1596 exec/s: 7140 rss: 443Mb L: 22/1596 MS: 2 ShuffleBytes-ChangeByte-
#42846	REDUCE cov: 6035 ft: 23161 corp: 1376/209Kb lim: 1596 exec/s: 7141 rss: 444Mb L: 40/1596 MS: 1 EraseBytes-
#42850	REDUCE cov: 6035 ft: 23161 corp: 1376/209Kb lim: 1596 exec/s: 7141 rss: 444Mb L: 54/1596 MS: 4 ShuffleBytes-InsertByte-ChangeASCIIInt-EraseBytes-
#42881	NEW    cov: 6035 ft: 23162 corp: 1377/209Kb lim: 1596 exec/s: 7146 rss: 444Mb L: 223/1596 MS: 1 CrossOver-
#42908	REDUCE cov: 6035 ft: 23162 corp: 1377/209Kb lim: 1596 exec/s: 7151 rss: 444Mb L: 632/1596 MS: 2 ChangeBit-EraseBytes-
#42995	NEW    cov: 6035 ft: 23171 corp: 1378/209Kb lim: 1596 exec/s: 7165 rss: 444Mb L: 15/1596 MS: 2 CopyPart-ManualDict- DE: "\036"-
#43082	NEW    cov: 6035 ft: 23172 corp: 1379/209Kb lim: 1596 exec/s: 7180 rss: 444Mb L: 129/1596 MS: 2 InsertByte-CrossOver-
#43109	NEW    cov: 6036 ft: 23173 corp: 1380/210Kb lim: 1596 exec/s: 7184 rss: 444Mb L: 127/1596 MS: 2 ChangeASCIIInt-ChangeBinInt-
#43143	REDUCE cov: 6036 ft: 23173 corp: 1380/210Kb lim: 1596 exec/s: 7190 rss: 444Mb L: 78/1596 MS: 4 ChangeBit-ChangeASCIIInt-InsertByte-EraseBytes-
#43190	REDUCE cov: 6036 ft: 23173 corp: 1380/209Kb lim: 1596 exec/s: 7198 rss: 444Mb L: 93/1596 MS: 2 InsertByte-EraseBytes-
#43191	REDUCE cov: 6036 ft: 23175 corp: 1381/210Kb lim: 1596 exec/s: 7198 rss: 444Mb L: 64/1596 MS: 1 PersAutoDict- DE: "\013\000\000\000\000\000\000\000"-
#43292	REDUCE cov: 6036 ft: 23175 corp: 1381/209Kb lim: 1596 exec/s: 7215 rss: 444Mb L: 27/1596 MS: 1 EraseBytes-
#43315	REDUCE cov: 6036 ft: 23175 corp: 1381/209Kb lim: 1596 exec/s: 7219 rss: 444Mb L: 139/1596 MS: 3 ChangeBinInt-ShuffleBytes-EraseBytes-
#43374	REDUCE cov: 6036 ft: 23175 corp: 1381/209Kb lim: 1596 exec/s: 7229 rss: 444Mb L: 814/1596 MS: 4 PersAutoDict-ChangeBit-PersAutoDict-EraseBytes- DE: "k6"-"\\\""-
#43496	REDUCE cov: 6036 ft: 23175 corp: 1381/209Kb lim: 1596 exec/s: 7249 rss: 445Mb L: 48/1596 MS: 2 ChangeByte-EraseBytes-
#43565	REDUCE cov: 6036 ft: 23175 corp: 1381/209Kb lim: 1596 exec/s: 7260 rss: 445Mb L: 439/1596 MS: 4 ChangeByte-ChangeByte-PersAutoDict-EraseBytes- DE: "\"id\":\"1\""-
#43663	NEW    cov: 6036 ft: 23176 corp: 1382/209Kb lim: 1596 exec/s: 7277 rss: 445Mb L: 183/1596 MS: 3 ChangeASCIIInt-CrossOver-InsertRepeatedBytes-
#43810	REDUCE cov: 6036 ft: 23176 corp: 1382/209Kb lim: 1596 exec/s: 7301 rss: 445Mb L: 175/1596 MS: 2 ChangeByte-EraseBytes-
#43858	NEW    cov: 6040 ft: 23181 corp: 1383/209Kb lim: 1596 exec/s: 7309 rss: 445Mb L: 33/1596 MS: 3 ChangeBit-ChangeByte-ManualDict- DE: "1700000000"-
#43871	NEW    cov: 6040 ft: 23195 corp: 1384/210Kb lim: 1596 exec/s: 7311 rss: 445Mb L: 70/1596 MS: 3 InsertRepeatedBytes-ChangeByte-PersAutoDict- DE: "\\ud83d\\ude00"-
#44065	NEW    cov: 6040 ft: 23198 corp: 1385/210Kb lim: 1596 exec/s: 7344 rss: 446Mb L: 314/1596 MS: 4 ChangeASCIIInt-InsertRepeatedBytes-InsertRepeatedBytes-CrossOver-
#44133	REDUCE cov: 6040 ft: 23198 corp: 1385/210Kb lim: 1596 exec/s: 7355 rss: 446Mb L: 30/1596 MS: 3 ChangeByte-ChangeBit-EraseBytes-
#44169	REDUCE cov: 6040 ft: 23198 corp: 1385/210Kb lim: 1596 exec/s: 7361 rss: 446Mb L: 11/1596 MS: 1 EraseBytes-
#44235	REDUCE cov: 6040 ft: 23198 corp: 1385/210Kb lim: 1596 exec/s: 7372 rss: 446Mb L: 47/1596 MS: 1 EraseBytes-
#44279	REDUCE cov: 6040 ft: 23198 corp: 1385/210Kb lim: 1596 exec/s: 7379 rss: 446Mb L: 142/1596 MS: 4 ChangeByte-PersAutoDict-CopyPart-EraseBytes- DE: "\231\300\200\000"-
#44311	REDUCE cov: 6040 ft: 23198 corp: 1385/210Kb lim: 1596 exec/s: 7385 rss: 446Mb L: 50/1596 MS: 2 ShuffleBytes-EraseBytes-
#44343	NEW    cov: 6040 ft: 23201 corp: 1386/210Kb lim: 1596 exec/s: 7390 rss: 446Mb L: 35/1596 MS: 2 ChangeByte-ChangeBinInt-
#44368	REDUCE cov: 6040 ft: 23201 corp: 1386/210Kb lim: 1596 exec/s: 7394 rss: 446Mb L: 25/1596 MS: 5 ChangeBinInt-InsertByte-ChangeByte-CopyPart-EraseBytes-
#44468	REDUCE cov: 6040 ft: 23201 corp: 1386/210Kb lim: 1596 exec/s: 7411 rss: 446Mb L: 39/1596 MS: 5 ShuffleBytes-ShuffleBytes-CrossOver-PersAutoDict-EraseBytes- DE: "\"updatedAt\":"-
#44470	REDUCE cov: 6040 ft: 23209 corp: 1387/210Kb lim: 1596 exec/s: 7411 rss: 446Mb L: 70/1596 MS: 2 ChangeASCIIInt-CopyPart-
#44516	NEW    cov: 6040 ft: 23238 corp: 1388/210Kb lim: 1596 exec/s: 7419 rss: 446Mb L: 285/1596 MS: 1 CopyPart-
#44619	NEW    cov: 6040 ft: 23242 corp: 1389/210Kb lim: 1596 exec/s: 7436 rss: 447Mb L: 29/1596 MS: 3 ManualDict-ChangeBinInt-ChangeBinInt- DE: "true"-
#44632	NEW    cov: 6040 ft: 23243 corp: 1390/210Kb lim: 1596 exec/s: 7438 rss: 447Mb L: 185/1596 MS: 3 CopyPart-ShuffleBytes-CrossOver-
#44653	NEW    cov: 6046 ft: 23269 corp: 1391/210Kb lim: 1596 exec/s: 7442 rss: 447Mb L: 9/1596 MS: 1 ManualDict- DE: "\\\\"-
#44739	REDUCE cov: 6046 ft: 23269 corp: 1391/210Kb lim: 1596 exec/s: 7456 rss: 447Mb L: 65/1596 MS: 1 EraseBytes-
#44762	NEW    cov: 6049 ft: 23272 corp: 1392/210Kb lim: 1596 exec/s: 7460 rss: 447Mb L: 34/1596 MS: 3 ChangeByte-ChangeBit-ChangeBinInt-
#44799	REDUCE cov: 6049 ft: 23272 corp: 1392/210Kb lim: 1596 exec/s: 7466 rss: 447Mb L: 46/1596 MS: 2 InsertByte-EraseBytes-
#44817	REDUCE cov: 6049 ft: 23274 corp: 1393/211Kb lim: 1596 exec/s: 7469 rss: 447Mb L: 217/1596 MS: 3 CMP-InsertRepeatedBytes-ManualDict- DE: "#d"-"1e309"-
#44860	REDUCE cov: 6049 ft: 23274 corp: 1393/211Kb lim: 1596 exec/s: 7476 rss: 447Mb L: 90/1596 MS: 3 InsertByte-ChangeASCIIInt-EraseBytes-
#44866	REDUCE cov: 6049 ft: 23274 corp: 1393/211Kb lim: 1596 exec/s: 7477 rss: 447Mb L: 19/1596 MS: 1 CrossOver-
#44889	NEW    cov: 6049 ft: 23275 corp: 1394/211Kb lim: 1596 exec/s: 7481 rss: 447Mb L: 161/1596 MS: 3 InsertRepeatedBytes-PersAutoDict-EraseBytes- DE: "nu"-
#44898	REDUCE cov: 6049 ft: 23275 corp: 1394/211Kb lim: 1596 exec/s: 7483 rss: 447Mb L: 24/1596 MS: 4 ChangeBinInt-PersAutoDict-CopyPart-EraseBytes- DE: "\301\335R\330\252\252\000\000"-
#44979	REDUCE cov: 6049 ft: 23275 corp: 1394/211Kb lim: 1596 exec/s: 7496 rss: 447Mb L: 19/1596 MS: 1 EraseBytes-
#45046	REDUCE cov: 6049 ft: 23276 corp: 1395/211Kb lim: 1596 exec/s: 7507 rss: 447Mb L: 11/1596 MS: 2 ChangeBinInt-InsertByte-
#45117	REDUCE cov: 6049 ft: 23276 corp: 1395/211Kb lim: 1596 exec/s: 7519 rss: 447Mb L: 168/1596 MS: 1 EraseBytes-
#45152	NEW    cov: 6050 ft: 23277 corp: 1396/211Kb lim: 1596 exec/s: 7525 rss: 447Mb L: 59/1596 MS: 5 InsertByte-ShuffleBytes-EraseBytes-ChangeASCIIInt-ShuffleBytes-
#45220	REDUCE cov: 6050 ft: 23277 corp: 1396/211Kb lim: 1596 exec/s: 7536 rss: 448Mb L: 59/1596 MS: 3 ChangeByte-CrossOver-EraseBytes-
#45257	REDUCE cov: 6050 ft: 23277 corp: 1396/210Kb lim: 1596 exec/s: 7542 rss: 448Mb L: 1183/1596 MS: 2 CrossOver-EraseBytes-
#45290	REDUCE cov: 6050 ft: 23277 corp: 1396/210Kb lim: 1596 exec/s: 7548 rss: 448Mb L: 40/1596 MS: 3 ChangeASCIIInt-PersAutoDict-EraseBytes- DE: "true"-
#45349	NEW    cov: 6050 ft: 23278 corp: 1397/211Kb lim: 1596 exec/s: 7558 rss: 448Mb L: 66/1596 MS: 4 ShuffleBytes-ChangeASCIIInt-ChangeBit-CMP- DE: "\357\200\200\200"-
#45352	REDUCE cov: 6050 ft: 23278 corp: 1397/210Kb lim: 1596 exec/s: 7558 rss: 448Mb L: 131/1596 MS: 3 ManualDict-CMP-EraseBytes- DE: "\"syncedAt\":"-"\026\000\000\000"-
#45398	REDUCE cov: 6050 ft: 23278 corp: 1397/210Kb lim: 1596 exec/s: 7566 rss: 448Mb L: 84/1596 MS: 1 EraseBytes-
#45413	REDUCE cov: 6050 ft: 23278 corp: 1397/210Kb lim: 1596 exec/s: 7568 rss: 448Mb L: 92/1596 MS: 5 ChangeByte-ChangeBinInt-ManualDict-ChangeASCIIInt-EraseBytes- DE: "1e309"-
#45481	NEW    cov: 6050 ft: 23279 corp: 1398/210Kb lim: 1596 exec/s: 7580 rss: 448Mb L: 9/1596 MS: 3 ManualDict-InsertByte-EraseBytes- DE: "\\\""-
#45487	REDUCE cov: 6050 ft: 23280 corp: 1399/211Kb lim: 1596 exec/s: 7581 rss: 448Mb L: 120/1596 MS: 1 CrossOver-
#45609	REDUCE cov: 6050 ft: 23287 corp: 1400/211Kb lim: 1596 exec/s: 7601 rss: 448Mb L: 295/1596 MS: 2 ShuffleBytes-CMP- DE: "\001\000\000\000\000\000\000\000"-
#45640	NEW    cov: 6055 ft: 23296 corp: 1401/211Kb lim: 1596 exec/s: 7606 rss: 448Mb L: 41/1596 MS: 1 PersAutoDict- DE: "1700000000.5"-
#45651	NEW    cov: 6056 ft: 23297 corp: 1402/211Kb lim: 1596 exec/s: 7608 rss: 448Mb L: 180/1596 MS: 1 CopyPart-
#45655	REDUCE cov: 6056 ft: 23298 corp: 1403/211Kb lim: 1596 exec/s: 7609 rss: 448Mb L: 76/1596 MS: 4 InsertByte-ChangeBinInt-ChangeBit-InsertByte-
#45714	REDUCE cov: 6056 ft: 23298 corp: 1403/211Kb lim: 1596 exec/s: 7619 rss: 449Mb L: 175/1596 MS: 4 ChangeByte-ChangeByte-ChangeBit-EraseBytes-
#45802	REDUCE cov: 6056 ft: 23298 corp: 1403/211Kb lim: 1596 exec/s: 7633 rss: 449Mb L: 64/1596 MS: 3 ChangeByte-ShuffleBytes-EraseBytes-
#45808	REDUCE cov: 6056 ft: 23298 corp: 1403/211Kb lim: 1596 exec/s: 7634 rss: 449Mb L: 26/1596 MS: 1 EraseBytes-
#45809	REDUCE cov: 6056 ft: 23298 corp: 1403/211Kb lim: 1596 exec/s: 7634 rss: 449Mb L: 108/1596 MS: 1 EraseBytes-
#45818	NEW    cov: 6056 ft: 23307 corp: 1404/211Kb lim: 1596 exec/s: 7636 rss: 449Mb L: 60/1596 MS: 4 InsertByte-PersAutoDict-EraseBytes-ManualDict- DE: "\000\000\000\006"-"\\ud83d\\ude00"-
#45829	NEW    cov: 6068 ft: 23319 corp: 1405/211Kb lim: 1596 exec/s: 7638 rss: 449Mb L: 127/1596 MS: 1 ManualDict- DE: "1700000000000000000"-
#45841	NEW    cov: 6068 ft: 23320 corp: 1406/212Kb lim: 1596 exec/s: 7640 rss: 449Mb L: 1081/1596 MS: 2 ChangeASCIIInt-EraseBytes-
#45847	REDUCE cov: 6068 ft: 23320 corp: 1406/212Kb lim: 1596 exec/s: 7641 rss: 449Mb L: 1082/1596 MS: 1 CrossOver-
#45864	REDUCE cov: 6070 ft: 23325 corp: 1407/212Kb lim: 1596 exec/s: 7644 rss: 449Mb L: 441/1596 MS: 2 InsertRepeatedBytes-InsertByte-
#45920	REDUCE cov: 6070 ft: 23325 corp: 1407/212Kb lim: 1596 exec/s: 7653 rss: 449Mb L: 23/1596 MS: 1 EraseBytes-
#46013	NEW    cov: 6070 ft: 23334 corp: 1408/212Kb lim: 1596 exec/s: 7668 rss: 449Mb L: 108/1596 MS: 3 CopyPart-ShuffleBytes-CrossOver-
#46021	REDUCE cov: 6070 ft: 23334 corp: 1408/212Kb lim: 1596 exec/s: 7670 rss: 449Mb L: 107/1596 MS: 3 ManualDict-CrossOver-EraseBytes- DE: "{\"a\":{\"b\":"-
#46114	NEW    cov: 6070 ft: 23352 corp: 1409/212Kb lim: 1596 exec/s: 7685 rss: 449Mb L: 179/1596 MS: 3 CrossOver-ChangeBit-CopyPart-
#46140	REDUCE cov: 6071 ft: 23353 corp: 1410/212Kb lim: 1596 exec/s: 7690 rss: 450Mb L: 85/1596 MS: 1 ChangeByte-
#46181	REDUCE cov: 6071 ft: 23353 corp: 1410/212Kb lim: 1596 exec/s: 7696 rss: 450Mb L: 73/1596 MS: 1 EraseBytes-
#46194	REDUCE cov: 6071 ft: 23353 corp: 1410/212Kb lim: 1596 exec/s: 7699 rss: 450Mb L: 153/1596 MS: 3 ChangeBinInt-CMP-EraseBytes- DE: "k57"-
#46255	REDUCE cov: 6071 ft: 23353 corp: 1410/212Kb lim: 1596 exec/s: 7709 rss: 450Mb L: 84/1596 MS: 1 EraseBytes-
#46265	REDUCE cov: 6071 ft: 23353 corp: 1410/212Kb lim: 1596 exec/s: 7710 rss: 450Mb L: 188/1596 MS: 5 ManualDict-ChangeASCIIInt-PersAutoDict-InsertByte-EraseBytes- DE: ","-"\\n"-
#46297	REDUCE cov: 6071 ft: 23353 corp: 1410/212Kb lim: 1596 exec/s: 7716 rss: 450Mb L: 23/1596 MS: 2 ChangeBit-EraseBytes-
#46378	NEW    cov: 6071 ft: 23355 corp: 1411/213Kb lim: 1596 exec/s: 7729 rss: 450Mb L: 106/1596 MS: 1 ShuffleBytes-
#46385	NEW    cov: 6071 ft: 23369 corp: 1412/213Kb lim: 1596 exec/s: 7730 rss: 450Mb L: 37/1596 MS: 2 ChangeASCIIInt-EraseBytes-
#46427	REDUCE cov: 6074 ft: 23372 corp: 1413/213Kb lim: 1596 exec/s: 7737 rss: 450Mb L: 14/1596 MS: 2 ShuffleBytes-CMP- DE: "18"-
#46501	REDUCE cov: 6074 ft: 23372 corp: 1413/213Kb lim: 1596 exec/s: 7750 rss: 450Mb L: 138/1596 MS: 4 CMP-CMP-CMP-EraseBytes- DE: "[1"-"\377\377\373\317\250\330k\313"-"22"-
#46574	REDUCE cov: 6074 ft: 23372 corp: 1413/213Kb lim: 1596 exec/s: 7762 rss: 450Mb L: 44/1596 MS: 3 ShuffleBytes-CopyPart-EraseBytes-
#46608	REDUCE cov: 6074 ft: 23372 corp: 1413/213Kb lim: 1596 exec/s: 7768 rss: 450Mb L: 14/1596 MS: 4 ChangeByte-ShuffleBytes-CMP-EraseBytes- DE: "[1"-
#46640	REDUCE cov: 6074 ft: 23372 corp: 1413/213Kb lim: 1596 exec/s: 7773 rss: 450Mb L: 234/1596 MS: 2 CrossOver-EraseBytes-
#46691	NEW    cov: 6074 ft: 23377 corp: 1414/213Kb lim: 1596 exec/s: 7781 rss: 450Mb L: 77/1596 MS: 1 EraseBytes-
#46704	NEW    cov: 6074 ft: 23378 corp: 1415/213Kb lim: 1596 exec/s: 7784 rss: 450Mb L: 151/1596 MS: 3 ChangeBit-ChangeByte-ChangeBit-
#46777	REDUCE cov: 6074 ft: 23378 corp: 1415/213Kb lim: 1596 exec/s: 7796 rss: 451Mb L: 272/1596 MS: 3 CopyPart-EraseBytes-EraseBytes-
#46788	REDUCE cov: 6074 ft: 23378 corp: 1415/213Kb lim: 1596 exec/s: 7798 rss: 451Mb L: 115/1596 MS: 1 EraseBytes-
#46800	REDUCE cov: 6074 ft: 23378 corp: 1415/213Kb lim: 1596 exec/s: 7800 rss: 451Mb L: 31/1596 MS: 2 PersAutoDict-EraseBytes- DE: "\026\000\000\000"-
#46854	NEW    cov: 6075 ft: 23379 corp: 1416/213Kb lim: 1596 exec/s: 7809 rss: 451Mb L: 25/1596 MS: 4 ChangeBit-ShuffleBytes-CrossOver-ChangeBinInt-
#46881	REDUCE cov: 6075 ft: 23379 corp: 1416/213Kb lim: 1596 exec/s: 7813 rss: 451Mb L: 121/1596 MS: 2 CrossOver-EraseBytes-
#46906	REDUCE cov: 6075 ft: 23379 corp: 1416/213Kb lim: 1596 exec/s: 7817 rss: 451Mb L: 67/1596 MS: 5 CrossOver-PersAutoDict-ChangeBit-CopyPart-EraseBytes- DE: "["-
#46926	NEW    cov: 6075 ft: 23380 corp: 1417/213Kb lim: 1596 exec/s: 7821 rss: 451Mb L: 195/1596 MS: 5 InsertRepeatedBytes-ManualDict-PersAutoDict-EraseBytes-CopyPart- DE: "\\u00e9"-"\000\000\000\352"-
#46938	REDUCE cov: 6075 ft: 23380 corp: 1417/213Kb lim: 1596 exec/s: 7823 rss: 451Mb L: 97/1596 MS: 2 CMP-EraseBytes- DE: "\361\200\200\200"-
#46962	NEW    cov: 6076 ft: 23389 corp: 1418/213Kb lim: 1596 exec/s: 7827 rss: 451Mb L: 55/1596 MS: 4 ChangeByte-ChangeASCIIInt-ChangeBinInt-EraseBytes-
#46968	REDUCE cov: 6076 ft: 23389 corp: 1418/213Kb lim: 1596 exec/s: 7828 rss: 451Mb L: 11/1596 MS: 1 EraseBytes-
#46997	NEW    cov: 6076 ft: 23390 corp: 1419/213Kb lim: 1596 exec/s: 7832 rss: 451Mb L: 39/1596 MS: 4 ManualDict-ChangeByte-PersAutoDict-CrossOver- DE: "0"-"a\345R\330\252\252\000\000"-
#47035	REDUCE cov: 6076 ft: 23391 corp: 1420/213Kb lim: 1596 exec/s: 7839 rss: 451Mb L: 75/1596 MS: 3 InsertByte-ChangeBinInt-CopyPart-
#47056	NEW    cov: 6082 ft: 23398 corp: 1421/213Kb lim: 1596 exec/s: 7842 rss: 451Mb L: 78/1596 MS: 1 CMP- DE: "\001\000\000\000\000\000\000\000"-
#47082	REDUCE cov: 6082 ft: 23398 corp: 1421/213Kb lim: 1596 exec/s: 7847 rss: 451Mb L: 6/1596 MS: 1 EraseBytes-
#47121	REDUCE cov: 6082 ft: 23398 corp: 1421/213Kb lim: 1596 exec/s: 7853 rss: 451Mb L: 114/1596 MS: 4 CopyPart-EraseBytes-ChangeByte-CrossOver-
#47164	REDUCE cov: 6082 ft: 23398 corp: 1421/213Kb lim: 1596 exec/s: 7860 rss: 451Mb L: 173/1596 MS: 3 ChangeBit-InsertByte-EraseBytes-
#47205	NEW    cov: 6083 ft: 23399 corp: 1422/213Kb lim: 1596 exec/s: 7867 rss: 451Mb L: 28/1596 MS: 1 InsertByte-
#47235	REDUCE cov: 6084 ft: 23405 corp: 1423/213Kb lim: 1596 exec/s: 7872 rss: 452Mb L: 161/1596 MS: 5 EraseBytes-InsertRepeatedBytes-ChangeASCIIInt-CopyPart-CrossOver-
#47267	NEW    cov: 6084 ft: 23407 corp: 1424/214Kb lim: 1596 exec/s: 7877 rss: 452Mb L: 745/1596 MS: 2 EraseBytes-InsertByte-
#47358	NEW    cov: 6084 ft: 23412 corp: 1425/214Kb lim: 1596 exec/s: 7893 rss: 452Mb L: 141/1596 MS: 1 CMP- DE: "\000\000\000\000\000\000\000\000"-
#47361	NEW    cov: 6084 ft: 23414 corp: 1426/214Kb lim: 1596 exec/s: 7893 rss: 452Mb L: 96/1596 MS: 3 ManualDict-ChangeBinInt-InsertByte- DE: "\"id\":\"a1b2c3d4\""-
#47458	REDUCE cov: 6084 ft: 23414 corp: 1426/214Kb lim: 1596 exec/s: 7909 rss: 452Mb L: 183/1596 MS: 2 ChangeBinInt-EraseBytes-
#47496	REDUCE cov: 6084 ft: 23414 corp: 1426/214Kb lim: 1596 exec/s: 7916 rss: 452Mb L: 54/1596 MS: 3 ManualDict-CopyPart-EraseBytes- DE: "{}"-
#47502	REDUCE cov: 6084 ft: 23414 corp: 1426/214Kb lim: 1596 exec/s: 7917 rss: 452Mb L: 130/1596 MS: 1 EraseBytes-
#47503	NEW    cov: 6084 ft: 23415 corp: 1427/214Kb lim: 1596 exec/s: 7917 rss: 452Mb L: 100/1596 MS: 1 CrossOver-
#47625	REDUCE cov: 6084 ft: 23415 corp: 1427/214Kb lim: 1596 exec/s: 7937 rss: 453Mb L: 87/1596 MS: 2 ManualDict-EraseBytes- DE: "{\"a\":{\"b\":"-
#47630	NEW    cov: 6084 ft: 23416 corp: 1428/214Kb lim: 1596 exec/s: 7938 rss: 453Mb L: 173/1596 MS: 5 PersAutoDict-ChangeBinInt-InsertByte-InsertByte-EraseBytes- DE: "\000\000@\370"-
#47676	NEW    cov: 6084 ft: 23430 corp: 1429/216Kb lim: 1596 exec/s: 7946 rss: 453Mb L: 1596/1596 MS: 1 ShuffleBytes-
#47797	REDUCE cov: 6084 ft: 23430 corp: 1429/216Kb lim: 1596 exec/s: 7966 rss: 453Mb L: 41/1596 MS: 1 EraseBytes-
#47832	NEW    cov: 6084 ft: 23431 corp: 1430/216Kb lim: 1596 exec/s: 7972 rss: 453Mb L: 106/1596 MS: 5 PersAutoDict-InsertByte-CMP-InsertByte-ChangeBit- DE: "["-"\177\200\200\360"-
#47833	NEW    cov: 6108 ft: 23479 corp: 1431/216Kb lim: 1596 exec/s: 7972 rss: 453Mb L: 108/1596 MS: 1 PersAutoDict- DE: "1700000000000"-
#47872	NEW    cov: 6119 ft: 23490 corp: 1432/216Kb lim: 1596 exec/s: 7978 rss: 454Mb L: 36/1596 MS: 4 CopyPart-ShuffleBytes-ShuffleBytes-ManualDict- DE: "\\u00e9"-
#47884	NEW    cov: 6120 ft: 23493 corp: 1433/216Kb lim: 1596 exec/s: 7980 rss: 454Mb L: 16/1596 MS: 2 ChangeASCIIInt-CopyPart-
#47890	NEW    cov: 6126 ft: 23514 corp: 1434/216Kb lim: 1596 exec/s: 7981 rss: 454Mb L: 51/1596 MS: 1 EraseBytes-
#47956	REDUCE cov: 6126 ft: 23514 corp: 1434/216Kb lim: 1596 exec/s: 7992 rss: 454Mb L: 106/1596 MS: 1 EraseBytes-
#47972	REDUCE cov: 6126 ft: 23514 corp: 1434/216Kb lim: 1596 exec/s: 7995 rss: 454Mb L: 127/1596 MS: 1 EraseBytes-
#47988	REDUCE cov: 6126 ft: 23514 corp: 1434/216Kb lim: 1596 exec/s: 7998 rss: 454Mb L: 20/1596 MS: 1 EraseBytes-
#48090	REDUCE cov: 6126 ft: 23514 corp: 1434/216Kb lim: 1596 exec/s: 8015 rss: 454Mb L: 83/1596 MS: 2 ShuffleBytes-EraseBytes-
#48097	REDUCE cov: 6126 ft: 23514 corp: 1434/216Kb lim: 1596 exec/s: 8016 rss: 454Mb L: 123/1596 MS: 2 ManualDict-EraseBytes- DE: "1.5"-
#48124	REDUCE cov: 6126 ft: 23514 corp: 1434/216Kb lim: 1596 exec/s: 8020 rss: 454Mb L: 49/1596 MS: 2 ChangeASCIIInt-EraseBytes-
#48161	REDUCE cov: 6126 ft: 23514 corp: 1434/216Kb lim: 1596 exec/s: 8026 rss: 454Mb L: 101/1596 MS: 2 ChangeByte-EraseBytes-
#48229	REDUCE cov: 6126 ft: 23548 corp: 1435/216Kb lim: 1596 exec/s: 8038 rss: 454Mb L: 19/1596 MS: 3 CrossOver-EraseBytes-CrossOver-
#48281	NEW    cov: 6127 ft: 23550 corp: 1436/216Kb lim: 1596 exec/s: 8046 rss: 454Mb L: 49/1596 MS: 2 CrossOver-CrossOver-
#48301	REDUCE cov: 6127 ft: 23550 corp: 1436/216Kb lim: 1596 exec/s: 8050 rss: 454Mb L: 63/1596 MS: 5 CMP-ChangeBinInt-CopyPart-ChangeBit-EraseBytes- DE: "\216\272\222\251\017\375\000\000"-
#48333	NEW    cov: 6127 ft: 23551 corp: 1437/216Kb lim: 1596 exec/s: 8055 rss: 455Mb L: 137/1596 MS: 2 ChangeASCIIInt-EraseBytes-
#48388	REDUCE cov: 6127 ft: 23551 corp: 1437/216Kb lim: 1596 exec/s: 8064 rss: 455Mb L: 116/1596 MS: 5 CMP-CrossOver-PersAutoDict-ChangeASCIIInt-EraseBytes- DE: "\003\000"-"updatedat"-
#48403	NEW    cov: 6127 ft: 23552 corp: 1438/216Kb lim: 1596 exec/s: 8067 rss: 455Mb L: 34/1596 MS: 5 ChangeASCIIInt-ChangeASCIIInt-ChangeByte-ChangeASCIIInt-EraseBytes-
#48459	NEW    cov: 6127 ft: 23553 corp: 1439/216Kb lim: 1596 exec/s: 8076 rss: 455Mb L: 9/1596 MS: 1 ShuffleBytes-
#48491	REDUCE cov: 6127 ft: 23553 corp: 1439/216Kb lim: 1596 exec/s: 8081 rss: 455Mb L: 33/1596 MS: 2 ChangeASCIIInt-EraseBytes-
#48522	NEW    cov: 6127 ft: 23556 corp: 1440/216Kb lim: 1596 exec/s: 8087 rss: 455Mb L: 29/1596 MS: 1 PersAutoDict- DE: "-9223372036854775808"-
#48536	REDUCE cov: 6127 ft: 23556 corp: 1440/216Kb lim: 1596 exec/s: 8089 rss: 455Mb L: 887/1596 MS: 4 ChangeASCIIInt-ShuffleBytes-PersAutoDict-EraseBytes- DE: "\001\004"-
#48537	REDUCE cov: 6127 ft: 23556 corp: 1440/216Kb lim: 1596 exec/s: 8089 rss: 455Mb L: 128/1596 MS: 1 EraseBytes-
#48549	REDUCE cov: 6127 ft: 23556 corp: 1440/216Kb lim: 1596 exec/s: 8091 rss: 455Mb L: 32/1596 MS: 2 ManualDict-EraseBytes- DE: "\360\237\230\200"-
#48582	REDUCE cov: 6127 ft: 23556 corp: 1440/216Kb lim: 1596 exec/s: 8097 rss: 455Mb L: 61/1596 MS: 3 InsertByte-PersAutoDict-EraseBytes- DE: "\"items\":[{\"id\":1}]"-
#48650	NEW    cov: 6130 ft: 23561 corp: 1441/216Kb lim: 1596 exec/s: 8108 rss: 455Mb L: 35/1596 MS: 3 ManualDict-CopyPart-CopyPart- DE: "\"firstSeenAt\":"-
#48687	NEW    cov: 6130 ft: 23566 corp: 1442/216Kb lim: 1596 exec/s: 8114 rss: 455Mb L: 354/1596 MS: 2 ChangeBit-CrossOver-
#48756	REDUCE cov: 6130 ft: 23566 corp: 1442/216Kb lim: 1596 exec/s: 8126 rss: 455Mb L: 141/1596 MS: 4 ShuffleBytes-InsertRepeatedBytes-ChangeBit-EraseBytes-
#48788	NEW    cov: 6130 ft: 23567 corp: 1443/216Kb lim: 1596 exec/s: 8131 rss: 455Mb L: 170/1596 MS: 2 ChangeByte-ManualDict- DE: "9223372036854775807"-
#48827	NEW    cov: 6133 ft: 23570 corp: 1444/217Kb lim: 1596 exec/s: 8137 rss: 455Mb L: 83/1596 MS: 4 ChangeByte-InsertByte-InsertByte-EraseBytes-
#48909	REDUCE cov: 6133 ft: 23570 corp: 1444/217Kb lim: 1596 exec/s: 8151 rss: 456Mb L: 87/1596 MS: 2 ManualDict-EraseBytes- DE: "\""-
#48925	REDUCE cov: 6133 ft: 23570 corp: 1444/217Kb lim: 1596 exec/s: 8154 rss: 456Mb L: 12/1596 MS: 1 EraseBytes-
#48941	REDUCE cov: 6133 ft: 23570 corp: 1444/217Kb lim: 1596 exec/s: 8156 rss: 456Mb L: 75/1596 MS: 1 EraseBytes-
#48972	REDUCE cov: 6133 ft: 23570 corp: 1444/217Kb lim: 1596 exec/s: 8162 rss: 456Mb L: 25/1596 MS: 1 EraseBytes-
#48978	NEW    cov: 6134 ft: 23572 corp: 1445/217Kb lim: 1596 exec/s: 8163 rss: 456Mb L: 12/1596 MS: 1 ShuffleBytes-
#48990	REDUCE cov: 6134 ft: 23572 corp: 1445/217Kb lim: 1596 exec/s: 8165 rss: 456Mb L: 22/1596 MS: 2 PersAutoDict-EraseBytes- DE: "{\"a\":{\"b\":"-
#49031	REDUCE cov: 6134 ft: 23572 corp: 1445/217Kb lim: 1596 exec/s: 8171 rss: 456Mb L: 8/1596 MS: 1 EraseBytes-
#49039	REDUCE cov: 6134 ft: 23572 corp: 1445/217Kb lim: 1596 exec/s: 8173 rss: 456Mb L: 134/1596 MS: 3 PersAutoDict-ShuffleBytes-EraseBytes- DE: "\360\237\230\200"-
#49041	NEW    cov: 6135 ft: 23573 corp: 1446/217Kb lim: 1596 exec/s: 8173 rss: 456Mb L: 152/1596 MS: 2 ManualDict-InsertByte- DE: "\"firstSeenAt\":"-
#49207	NEW    cov: 6136 ft: 23574 corp: 1447/217Kb lim: 1596 exec/s: 8201 rss: 456Mb L: 64/1596 MS: 1 CrossOver-
#49252	NEW    cov: 6137 ft: 23575 corp: 1448/217Kb lim: 1596 exec/s: 8208 rss: 456Mb L: 337/1596 MS: 5 CopyPart-InsertByte-CrossOver-CMP-ChangeBinInt- DE: "\012\000"-
#49305	NEW    cov: 6138 ft: 23576 corp: 1449/217Kb lim: 1596 exec/s: 8217 rss: 456Mb L: 61/1596 MS: 3 ChangeBinInt-ChangeBit-EraseBytes-
#49308	REDUCE cov: 6138 ft: 23576 corp: 1449/217Kb lim: 1596 exec/s: 8218 rss: 456Mb L: 92/1596 MS: 3 InsertByte-InsertByte-EraseBytes-
#49346	REDUCE cov: 6138 ft: 23585 corp: 1450/217Kb lim: 1596 exec/s: 8224 rss: 456Mb L: 24/1596 MS: 3 ChangeByte-ShuffleBytes-CMP- DE: "noa"-
#49400	NEW    cov: 6138 ft: 23586 corp: 1451/217Kb lim: 1596 exec/s: 8233 rss: 456Mb L: 113/1596 MS: 4 ChangeBinInt-CMP-CMP-PersAutoDict- DE: "\001\000\000\000"-"\001\000\374?\251\004'+"-"\\n"-
#49432	REDUCE cov: 6138 ft: 23586 corp: 1451/217Kb lim: 1596 exec/s: 8238 rss: 456Mb L: 27/1596 MS: 2 CrossOver-EraseBytes-
#49468	REDUCE cov: 6138 ft: 23586 corp: 1451/217Kb lim: 1596 exec/s: 8244 rss: 457Mb L: 69/1596 MS: 1 EraseBytes-
#49604	REDUCE cov: 6138 ft: 23586 corp: 1451/217Kb lim: 1596 exec/s: 8267 rss: 457Mb L: 34/1596 MS: 1 EraseBytes-
#49660	NEW    cov: 6144 ft: 23600 corp: 1452/217Kb lim: 1596 exec/s: 8276 rss: 457Mb L: 18/1596 MS: 1 EraseBytes-
#49723	REDUCE cov: 6144 ft: 23600 corp: 1452/217Kb lim: 1596 exec/s: 8287 rss: 457Mb L: 18/1596 MS: 3 InsertByte-InsertByte-EraseBytes-
#49751	REDUCE cov: 6144 ft: 23600 corp: 1452/217Kb lim: 1596 exec/s: 8291 rss: 457Mb L: 18/1596 MS: 3 PersAutoDict-PersAutoDict-EraseBytes- DE: "\"id\":\"1\""-"\\\""-
#49834	NEW    cov: 6144 ft: 23601 corp: 1453/217Kb lim: 1596 exec/s: 8305 rss: 457Mb L: 73/1596 MS: 3 EraseBytes-InsertByte-ManualDict- DE: "\"uuid\":"-
#49856	REDUCE cov: 6144 ft: 23601 corp: 1453/217Kb lim: 1596 exec/s: 8309 rss: 457Mb L: 20/1596 MS: 2 ManualDict-EraseBytes- DE: "\346\227\245"-
#49864	REDUCE cov: 6159 ft: 23627 corp: 1454/217Kb lim: 1596 exec/s: 8310 rss: 457Mb L: 32/1596 MS: 3 ManualDict-ShuffleBytes-PersAutoDict- DE: "\036"-"\\n"-
#49870	NEW    cov: 6160 ft: 23628 corp: 1455/217Kb lim: 1596 exec/s: 8311 rss: 457Mb L: 216/1596 MS: 1 InsertRepeatedBytes-
#49897	REDUCE cov: 6160 ft: 23628 corp: 1455/217Kb lim: 1596 exec/s: 8316 rss: 457Mb L: 273/1596 MS: 2 ManualDict-EraseBytes- DE: "{}"-
#49961	NEW    cov: 6163 ft: 23631 corp: 1456/218Kb lim: 1596 exec/s: 8326 rss: 457Mb L: 121/1596 MS: 4 ChangeASCIIInt-InsertByte-CopyPart-CopyPart-
#49984	REDUCE cov: 6163 ft: 23631 corp: 1456/218Kb lim: 1596 exec/s: 8330 rss: 457Mb L: 97/1596 MS: 3 ChangeBinInt-PersAutoDict-EraseBytes- DE: "\\ud83d\\ude00"-
#50015	REDUCE cov: 6163 ft: 23631 corp: 1456/217Kb lim: 1596 exec/s: 8335 rss: 457Mb L: 47/1596 MS: 1 EraseBytes-
#50116	REDUCE cov: 6163 ft: 23631 corp: 1456/217Kb lim: 1596 exec/s: 8352 rss: 457Mb L: 75/1596 MS: 1 EraseBytes-
#50207	REDUCE cov: 6163 ft: 23631 corp: 1456/217Kb lim: 1596 exec/s: 8367 rss: 457Mb L: 278/1596 MS: 1 EraseBytes-
#50213	REDUCE cov: 6163 ft: 23631 corp: 1456/217Kb lim: 1596 exec/s: 8368 rss: 457Mb L: 12/1596 MS: 1 EraseBytes-
#50215	REDUCE cov: 6163 ft: 23631 corp: 1456/217Kb lim: 1596 exec/s: 8369 rss: 457Mb L: 43/1596 MS: 2 ChangeBinInt-EraseBytes-
#50233	REDUCE cov: 6163 ft: 23633 corp: 1457/217Kb lim: 1596 exec/s: 8372 rss: 458Mb L: 50/1596 MS: 3 PersAutoDict-ChangeByte-PersAutoDict- DE: "k46"-"\361\200\200\200"-
#50257	NEW    cov: 6163 ft: 23648 corp: 1458/217Kb lim: 1596 exec/s: 8376 rss: 458Mb L: 11/1596 MS: 4 ShuffleBytes-CopyPart-CopyPart-CrossOver-
#50293	NEW    cov: 6163 ft: 23649 corp: 1459/217Kb lim: 1596 exec/s: 8382 rss: 458Mb L: 64/1596 MS: 1 EraseBytes-
#50295	REDUCE cov: 6163 ft: 23649 corp: 1459/217Kb lim: 1596 exec/s: 8382 rss: 458Mb L: 58/1596 MS: 2 ManualDict-EraseBytes- DE: "0"-
#50296	REDUCE cov: 6163 ft: 23649 corp: 1459/217Kb lim: 1596 exec/s: 8382 rss: 458Mb L: 42/1596 MS: 1 EraseBytes-
#50344	NEW    cov: 6163 ft: 23654 corp: 1460/217Kb lim: 1596 exec/s: 8390 rss: 458Mb L: 10/1596 MS: 3 InsertByte-InsertByte-EraseBytes-
#50353	REDUCE cov: 6163 ft: 23657 corp: 1461/218Kb lim: 1596 exec/s: 8392 rss: 458Mb L: 95/1596 MS: 4 InsertByte-InsertRepeatedBytes-ManualDict-CrossOver- DE: "{\"id\":1,\"updatedAt\":2,\"createdAt\":1}"-
#50366	REDUCE cov: 6163 ft: 23657 corp: 1461/218Kb lim: 1596 exec/s: 8394 rss: 458Mb L: 111/1596 MS: 3 PersAutoDict-ChangeByte-EraseBytes- DE: "\376\377\377\377\377\377\377\374"-
#50367	REDUCE cov: 6167 ft: 23661 corp: 1462/218Kb lim: 1596 exec/s: 8394 rss: 458Mb L: 39/1596 MS: 1 InsertByte-
#50408	REDUCE cov: 6167 ft: 23661 corp: 1462/218Kb lim: 1596 exec/s: 8401 rss: 458Mb L: 64/1596 MS: 1 EraseBytes-
#50444	REDUCE cov: 6167 ft: 23662 corp: 1463/218Kb lim: 1596 exec/s: 8407 rss: 458Mb L: 134/1596 MS: 1 ChangeBit-
#50448	REDUCE cov: 6167 ft: 23663 corp: 1464/218Kb lim: 1596 exec/s: 8408 rss: 458Mb L: 171/1596 MS: 4 ManualDict-InsertRepeatedBytes-InsertByte-EraseBytes- DE: "\346\227\245"-
#50465	REDUCE cov: 6167 ft: 23663 corp: 1464/218Kb lim: 1596 exec/s: 8410 rss: 458Mb L: 32/1596 MS: 2 ChangeASCIIInt-EraseBytes-
#50541	NEW    cov: 6167 ft: 23672 corp: 1465/218Kb lim: 1596 exec/s: 8423 rss: 458Mb L: 72/1596 MS: 1 ChangeASCIIInt-
#50562	REDUCE cov: 6167 ft: 23672 corp: 1465/218Kb lim: 1596 exec/s: 8427 rss: 458Mb L: 16/1596 MS: 1 EraseBytes-
#50654	NEW    cov: 6167 ft: 23673 corp: 1466/218Kb lim: 1596 exec/s: 8442 rss: 459Mb L: 119/1596 MS: 2 ChangeBit-EraseBytes-
#50670	REDUCE cov: 6167 ft: 23673 corp: 1466/218Kb lim: 1596 exec/s: 8445 rss: 459Mb L: 381/1596 MS: 1 EraseBytes-
#50721	NEW    cov: 6167 ft: 23687 corp: 1467/218Kb lim: 1596 exec/s: 8453 rss: 459Mb L: 40/1596 MS: 1 EraseBytes-
#50757	NEW    cov: 6167 ft: 23690 corp: 1468/218Kb lim: 1596 exec/s: 8459 rss: 459Mb L: 19/1596 MS: 1 CopyPart-
#50763	NEW    cov: 6167 ft: 23694 corp: 1469/218Kb lim: 1596 exec/s: 8460 rss: 459Mb L: 63/1596 MS: 1 CrossOver-
#50769	REDUCE cov: 6167 ft: 23694 corp: 1469/218Kb lim: 1596 exec/s: 8461 rss: 459Mb L: 30/1596 MS: 1 EraseBytes-
#50825	NEW    cov: 6172 ft: 23703 corp: 1470/218Kb lim: 1596 exec/s: 8470 rss: 459Mb L: 36/1596 MS: 1 PersAutoDict- DE: "\377\377\373\317\250\330k\313"-
#50836	NEW    cov: 6177 ft: 23708 corp: 1471/218Kb lim: 1596 exec/s: 8472 rss: 459Mb L: 259/1596 MS: 1 CrossOver-
#50859	NEW    cov: 6216 ft: 23747 corp: 1472/218Kb lim: 1596 exec/s: 8476 rss: 459Mb L: 78/1596 MS: 3 ChangeBit-ChangeASCIIInt-ManualDict- DE: "\"key\":"-
#51020	REDUCE cov: 6216 ft: 23747 corp: 1472/218Kb lim: 1596 exec/s: 8503 rss: 459Mb L: 37/1596 MS: 1 EraseBytes-
#51045	NEW    cov: 6216 ft: 23755 corp: 1473/219Kb lim: 1596 exec/s: 8507 rss: 459Mb L: 223/1596 MS: 5 InsertByte-ChangeBit-InsertRepeatedBytes-CopyPart-CrossOver-
#51063	NEW    cov: 6216 ft: 23756 corp: 1474/219Kb lim: 1596 exec/s: 8510 rss: 460Mb L: 16/1596 MS: 3 ChangeBinInt-ChangeBit-ShuffleBytes-
#51140	REDUCE cov: 6216 ft: 23765 corp: 1475/219Kb lim: 1596 exec/s: 8523 rss: 460Mb L: 181/1596 MS: 2 InsertRepeatedBytes-InsertByte-
#51187	REDUCE cov: 6216 ft: 23765 corp: 1475/219Kb lim: 1596 exec/s: 8531 rss: 460Mb L: 30/1596 MS: 2 ChangeASCIIInt-EraseBytes-
#51221	REDUCE cov: 6216 ft: 23765 corp: 1475/219Kb lim: 1596 exec/s: 8536 rss: 460Mb L: 206/1596 MS: 4 ChangeBit-ChangeASCIIInt-CopyPart-EraseBytes-
#51343	REDUCE cov: 6216 ft: 23765 corp: 1475/219Kb lim: 1596 exec/s: 8557 rss: 460Mb L: 13/1596 MS: 2 ShuffleBytes-EraseBytes-
#51386	REDUCE cov: 6216 ft: 23765 corp: 1475/219Kb lim: 1596 exec/s: 8564 rss: 460Mb L: 12/1596 MS: 3 ChangeByte-ChangeASCIIInt-EraseBytes-
#51395	REDUCE cov: 6216 ft: 23765 corp: 1475/219Kb lim: 1596 exec/s: 8565 rss: 460Mb L: 95/1596 MS: 4 ManualDict-CopyPart-ChangeBit-EraseBytes- DE: "{\"a\":"-
#51411	NEW    cov: 6217 ft: 23766 corp: 1476/219Kb lim: 1596 exec/s: 8568 rss: 460Mb L: 71/1596 MS: 1 ManualDict- DE: "}"-
#51434	REDUCE cov: 6217 ft: 23766 corp: 1476/219Kb lim: 1596 exec/s: 8572 rss: 460Mb L: 74/1596 MS: 3 ChangeByte-InsertByte-EraseBytes-
#51511	REDUCE cov: 6217 ft: 23766 corp: 1476/219Kb lim: 1596 exec/s: 8585 rss: 460Mb L: 560/1596 MS: 2 ManualDict-EraseBytes- DE: "{\"a\":"-
#51562	REDUCE cov: 6217 ft: 23772 corp: 1477/219Kb lim: 1596 exec/s: 8593 rss: 460Mb L: 42/1596 MS: 1 CopyPart-
#51573	REDUCE cov: 6217 ft: 23772 corp: 1477/219Kb lim: 1596 exec/s: 8595 rss: 461Mb L: 69/1596 MS: 1 EraseBytes-
#51574	REDUCE cov: 6217 ft: 23772 corp: 1477/219Kb lim: 1596 exec/s: 8595 rss: 461Mb L: 139/1596 MS: 1 EraseBytes-
#51585	REDUCE cov: 6217 ft: 23772 corp: 1477/219Kb lim: 1596 exec/s: 8597 rss: 461Mb L: 32/1596 MS: 1 EraseBytes-
#51671	NEW    cov: 6220 ft: 23775 corp: 1478/219Kb lim: 1596 exec/s: 8611 rss: 461Mb L: 29/1596 MS: 1 PersAutoDict- DE: "\000\002"-
#51718	NEW    cov: 6220 ft: 23778 corp: 1479/219Kb lim: 1596 exec/s: 8619 rss: 461Mb L: 231/1596 MS: 2 CrossOver-ManualDict- DE: "\\u00e9"-
#51731	NEW    cov: 6220 ft: 23779 corp: 1480/219Kb lim: 1596 exec/s: 8621 rss: 461Mb L: 93/1596 MS: 3 ShuffleBytes-ShuffleBytes-ManualDict- DE: "\"id\":\"a1b2c3d4\""-
#51776	REDUCE cov: 6220 ft: 23779 corp: 1480/219Kb lim: 1596 exec/s: 8629 rss: 461Mb L: 296/1596 MS: 5 InsertByte-InsertByte-InsertByte-CopyPart-EraseBytes-
#51844	NEW    cov: 6247 ft: 23806 corp: 1481/219Kb lim: 1596 exec/s: 8640 rss: 461Mb L: 69/1596 MS: 3 ChangeBinInt-EraseBytes-CrossOver-
#51873	REDUCE cov: 6247 ft: 23806 corp: 1481/219Kb lim: 1596 exec/s: 8645 rss: 461Mb L: 1053/1596 MS: 4 ChangeByte-ChangeASCIIInt-ChangeBinInt-EraseBytes-
#51877	NEW    cov: 6248 ft: 23809 corp: 1482/219Kb lim: 1596 exec/s: 8646 rss: 461Mb L: 66/1596 MS: 4 ManualDict-PersAutoDict-ChangeByte-CrossOver- DE: "\\u00e9"-"k49"-
#51906	NEW    cov: 6248 ft: 23811 corp: 1483/219Kb lim: 1596 exec/s: 8651 rss: 461Mb L: 15/1596 MS: 4 ChangeByte-ChangeASCIIInt-InsertByte-EraseBytes-
#51914	NEW    cov: 6249 ft: 23812 corp: 1484/219Kb lim: 1596 exec/s: 8652 rss: 461Mb L: 79/1596 MS: 3 ChangeASCIIInt-ChangeByte-InsertByte-
#51933	REDUCE cov: 6249 ft: 23812 corp: 1484/219Kb lim: 1596 exec/s: 8655 rss: 462Mb L: 78/1596 MS: 4 ShuffleBytes-ShuffleBytes-PersAutoDict-EraseBytes- DE: "\377\377\377\377"-
#51977	REDUCE cov: 6249 ft: 23812 corp: 1484/219Kb lim: 1596 exec/s: 8662 rss: 462Mb L: 75/1596 MS: 4 ChangeASCIIInt-PersAutoDict-ChangeASCIIInt-EraseBytes- DE: "\000\000\000\000\000\000\000\003"-
#52070	REDUCE cov: 6249 ft: 23813 corp: 1485/219Kb lim: 1596 exec/s: 8678 rss: 462Mb L: 60/1596 MS: 3 ChangeByte-PersAutoDict-EraseBytes- DE: "\026\000\000\000"-
#52231	REDUCE cov: 6249 ft: 23813 corp: 1485/219Kb lim: 1596 exec/s: 8705 rss: 462Mb L: 6/1596 MS: 1 EraseBytes-
#52299	NEW    cov: 6249 ft: 23815 corp: 1486/219Kb lim: 1596 exec/s: 8716 rss: 462Mb L: 143/1596 MS: 3 ChangeBinInt-ShuffleBytes-EraseBytes-
#52302	NEW    cov: 6251 ft: 23818 corp: 1487/219Kb lim: 1596 exec/s: 8717 rss: 462Mb L: 82/1596 MS: 3 ManualDict-PersAutoDict-ShuffleBytes- DE: "\\u00e9"-"\000\000\374?\250\316\032n"-
#52306	NEW    cov: 6252 ft: 23819 corp: 1488/219Kb lim: 1596 exec/s: 8717 rss: 462Mb L: 66/1596 MS: 4 ChangeBit-CMP-ChangeASCIIInt-ManualDict- DE: "\001\000\000\004"-"1e309"-
#52343	REDUCE cov: 6252 ft: 23819 corp: 1488/219Kb lim: 1596 exec/s: 8723 rss: 462Mb L: 51/1596 MS: 2 CrossOver-InsertRepeatedBytes-
#52412	REDUCE cov: 6252 ft: 23819 corp: 1488/219Kb lim: 1596 exec/s: 8735 rss: 462Mb L: 168/1596 MS: 4 ChangeBinInt-ChangeBinInt-InsertByte-EraseBytes-
#52418	NEW    cov: 6252 ft: 23820 corp: 1489/220Kb lim: 1596 exec/s: 8736 rss: 462Mb L: 197/1596 MS: 1 InsertRepeatedBytes-
#52451	NEW    cov: 6252 ft: 23821 corp: 1490/220Kb lim: 1596 exec/s: 8741 rss: 462Mb L: 51/1596 MS: 3 ChangeASCIIInt-ChangeASCIIInt-ChangeByte-
#52458	NEW    cov: 6257 ft: 23848 corp: 1491/220Kb lim: 1596 exec/s: 8743 rss: 463Mb L: 16/1596 MS: 2 ShuffleBytes-EraseBytes-
#52537	NEW    cov: 6257 ft: 23849 corp: 1492/220Kb lim: 1596 exec/s: 8756 rss: 463Mb L: 61/1596 MS: 4 InsertByte-CrossOver-ManualDict-PersAutoDict- DE: "\"id\":"-"\"createdAt\":"-
#52563	REDUCE cov: 6257 ft: 23849 corp: 1492/220Kb lim: 1596 exec/s: 8760 rss: 463Mb L: 94/1596 MS: 1 EraseBytes-
#52590	NEW    cov: 6257 ft: 23850 corp: 1493/220Kb lim: 1596 exec/s: 8765 rss: 463Mb L: 66/1596 MS: 2 ChangeBinInt-CrossOver-
#52636	NEW    cov: 6257 ft: 23851 corp: 1494/220Kb lim: 1596 exec/s: 8772 rss: 463Mb L: 43/1596 MS: 1 InsertByte-
#52642	REDUCE cov: 6257 ft: 23854 corp: 1495/220Kb lim: 1596 exec/s: 8773 rss: 463Mb L: 16/1596 MS: 1 EraseBytes-
#52745	REDUCE cov: 6257 ft: 23854 corp: 1495/220Kb lim: 1596 exec/s: 8790 rss: 463Mb L: 108/1596 MS: 3 CrossOver-ChangeByte-EraseBytes-
#52752	REDUCE cov: 6257 ft: 23854 corp: 1495/220Kb lim: 1596 exec/s: 8792 rss: 463Mb L: 139/1596 MS: 2 PersAutoDict-EraseBytes- DE: "k19"-
#52789	NEW    cov: 6257 ft: 23857 corp: 1496/220Kb lim: 1596 exec/s: 8798 rss: 463Mb L: 109/1596 MS: 2 CrossOver-CrossOver-
#52802	NEW    cov: 6257 ft: 23858 corp: 1497/220Kb lim: 1596 exec/s: 8800 rss: 463Mb L: 132/1596 MS: 3 ChangeBit-ChangeASCIIInt-EraseBytes-
#52825	REDUCE cov: 6257 ft: 23858 corp: 1497/220Kb lim: 1596 exec/s: 8804 rss: 463Mb L: 21/1596 MS: 3 ChangeByte-ChangeASCIIInt-EraseBytes-
#52826	REDUCE cov: 6257 ft: 23858 corp: 1497/220Kb lim: 1596 exec/s: 8804 rss: 463Mb L: 102/1596 MS: 1 EraseBytes-
#52907	NEW    cov: 6257 ft: 23865 corp: 1498/220Kb lim: 1596 exec/s: 8817 rss: 464Mb L: 28/1596 MS: 1 ChangeByte-
#52914	REDUCE cov: 6257 ft: 23865 corp: 1498/220Kb lim: 1596 exec/s: 8819 rss: 464Mb L: 78/1596 MS: 2 PersAutoDict-EraseBytes- DE: "\001\013"-
#53025	NEW    cov: 6257 ft: 23874 corp: 1499/220Kb lim: 1596 exec/s: 8837 rss: 464Mb L: 95/1596 MS: 1 CrossOver-
#53048	NEW    cov: 6257 ft: 23875 corp: 1500/220Kb lim: 1596 exec/s: 8841 rss: 464Mb L: 155/1596 MS: 3 InsertRepeatedBytes-PersAutoDict-ManualDict- DE: "\"key\":"-"{"-
#53114	NEW    cov: 6257 ft: 23879 corp: 1501/220Kb lim: 1596 exec/s: 8852 rss: 464Mb L: 109/1596 MS: 1 InsertRepeatedBytes-
#53205	REDUCE cov: 6257 ft: 23879 corp: 1501/220Kb lim: 1596 exec/s: 8867 rss: 464Mb L: 89/1596 MS: 1 EraseBytes-
#53216	REDUCE cov: 6257 ft: 23879 corp: 1501/220Kb lim: 1596 exec/s: 8869 rss: 464Mb L: 36/1596 MS: 1 EraseBytes-
#53218	REDUCE cov: 6257 ft: 23879 corp: 1501/220Kb lim: 1596 exec/s: 8869 rss: 464Mb L: 69/1596 MS: 2 ChangeBinInt-EraseBytes-
#53306	REDUCE cov: 6257 ft: 23879 corp: 1501/220Kb lim: 1596 exec/s: 8884 rss: 464Mb L: 122/1596 MS: 3 ShuffleBytes-ChangeByte-EraseBytes-
#53358	NEW    cov: 6257 ft: 23881 corp: 1502/220Kb lim: 1596 exec/s: 8893 rss: 464Mb L: 43/1596 MS: 2 EraseBytes-CopyPart-
#53394	REDUCE cov: 6257 ft: 23881 corp: 1502/220Kb lim: 1596 exec/s: 8899 rss: 465Mb L: 74/1596 MS: 1 EraseBytes-
#53435	NEW    cov: 6257 ft: 23885 corp: 1503/220Kb lim: 1596 exec/s: 8905 rss: 465Mb L: 29/1596 MS: 1 ChangeASCIIInt-
#53466	REDUCE cov: 6257 ft: 23885 corp: 1503/220Kb lim: 1596 exec/s: 8911 rss: 465Mb L: 21/1596 MS: 1 EraseBytes-
#53489	NEW    cov: 6257 ft: 23886 corp: 1504/221Kb lim: 1596 exec/s: 8914 rss: 465Mb L: 137/1596 MS: 3 CMP-ChangeByte-PersAutoDict- DE: "k49"-"\360\273\277\000"-
#53501	REDUCE cov: 6257 ft: 23886 corp: 1504/221Kb lim: 1596 exec/s: 8916 rss: 465Mb L: 15/1596 MS: 2 CMP-EraseBytes- DE: "30"-
#53514	REDUCE cov: 6257 ft: 23886 corp: 1504/221Kb lim: 1596 exec/s: 8919 rss: 465Mb L: 16/1596 MS: 3 ChangeBit-ChangeBinInt-EraseBytes-
#53566	NEW    cov: 6257 ft: 23887 corp: 1505/221Kb lim: 1596 exec/s: 8927 rss: 465Mb L: 38/1596 MS: 2 ManualDict-PersAutoDict- DE: "null"-"\001\000\374?\251\004'+"-
#53626	REDUCE cov: 6257 ft: 23887 corp: 1505/220Kb lim: 1596 exec/s: 8937 rss: 465Mb L: 151/1596 MS: 5 ManualDict-ChangeByte-ChangeBinInt-ChangeBinInt-EraseBytes- DE: "\\ud83d\\ude00"-
#53642	REDUCE cov: 6257 ft: 23887 corp: 1505/220Kb lim: 1596 exec/s: 8940 rss: 465Mb L: 66/1596 MS: 1 EraseBytes-
#53657	REDUCE cov: 6257 ft: 23887 corp: 1505/220Kb lim: 1596 exec/s: 8942 rss: 465Mb L: 46/1596 MS: 5 ChangeASCIIInt-EraseBytes-InsertByte-InsertByte-CMP- DE: "\301\373\377\377"-
#53683	REDUCE cov: 6257 ft: 23887 corp: 1505/220Kb lim: 1596 exec/s: 8947 rss: 465Mb L: 50/1596 MS: 1 EraseBytes-
#53716	REDUCE cov: 6257 ft: 23887 corp: 1505/220Kb lim: 1596 exec/s: 8952 rss: 465Mb L: 87/1596 MS: 3 CMP-ManualDict-EraseBytes- DE: "k49"-"true"-
#53742	REDUCE cov: 6257 ft: 23887 corp: 1505/220Kb lim: 1596 exec/s: 8957 rss: 465Mb L: 21/1596 MS: 1 EraseBytes-
#53764	REDUCE cov: 6257 ft: 23887 corp: 1505/220Kb lim: 1596 exec/s: 8960 rss: 465Mb L: 114/1596 MS: 2 ChangeBit-EraseBytes-
#53876	NEW    cov: 6257 ft: 23898 corp: 1506/221Kb lim: 1596 exec/s: 8979 rss: 466Mb L: 160/1596 MS: 2 ChangeASCIIInt-ChangeASCIIInt-
#53877	NEW    cov: 6257 ft: 23921 corp: 1507/222Kb lim: 1596 exec/s: 8979 rss: 466Mb L: 1596/1596 MS: 1 ChangeBit-
#53985	REDUCE cov: 6257 ft: 23922 corp: 1508/222Kb lim: 1596 exec/s: 8997 rss: 466Mb L: 133/1596 MS: 3 InsertRepeatedBytes-ChangeBinInt-ManualDict- DE: "{\"id\":1,\"updatedAt\":2,\"createdAt\":1}"-
#54056	NEW    cov: 6259 ft: 23929 corp: 1509/223Kb lim: 1596 exec/s: 9009 rss: 466Mb L: 534/1596 MS: 1 ManualDict- DE: "{}"-
#54092	NEW    cov: 6264 ft: 23934 corp: 1510/223Kb lim: 1596 exec/s: 9015 rss: 466Mb L: 30/1596 MS: 1 InsertByte-
#54098	NEW    cov: 6264 ft: 23935 corp: 1511/223Kb lim: 1596 exec/s: 9016 rss: 466Mb L: 190/1596 MS: 1 ChangeByte-
#54115	REDUCE cov: 6264 ft: 23935 corp: 1511/223Kb lim: 1596 exec/s: 9019 rss: 466Mb L: 66/1596 MS: 2 ChangeByte-EraseBytes-
#54137	REDUCE cov: 6264 ft: 23935 corp: 1511/223Kb lim: 1596 exec/s: 9022 rss: 466Mb L: 32/1596 MS: 2 ChangeByte-EraseBytes-
#54173	REDUCE cov: 6264 ft: 23935 corp: 1511/223Kb lim: 1596 exec/s: 9028 rss: 467Mb L: 43/1596 MS: 1 EraseBytes-
#54209	REDUCE cov: 6264 ft: 23935 corp: 1511/223Kb lim: 1596 exec/s: 9034 rss: 467Mb L: 54/1596 MS: 1 EraseBytes-
#54214	REDUCE cov: 6264 ft: 23935 corp: 1511/223Kb lim: 1596 exec/s: 9035 rss: 467Mb L: 81/1596 MS: 5 ChangeASCIIInt-ChangeByte-InsertRepeatedBytes-InsertRepeatedBytes-CrossOver-
#54225	NEW    cov: 6264 ft: 23936 corp: 1512/223Kb lim: 1596 exec/s: 9037 rss: 467Mb L: 106/1596 MS: 1 ChangeByte-
#54246	REDUCE cov: 6264 ft: 23936 corp: 1512/223Kb lim: 1596 exec/s: 9041 rss: 467Mb L: 55/1596 MS: 1 EraseBytes-
#54327	REDUCE cov: 6264 ft: 23936 corp: 1512/223Kb lim: 1596 exec/s: 9054 rss: 467Mb L: 99/1596 MS: 1 EraseBytes-
#54334	NEW    cov: 6264 ft: 23937 corp: 1513/223Kb lim: 1596 exec/s: 9055 rss: 467Mb L: 208/1596 MS: 2 InsertByte-CopyPart-
#54415	NEW    cov: 6264 ft: 23944 corp: 1514/223Kb lim: 1596 exec/s: 9069 rss: 467Mb L: 31/1596 MS: 1 CMP- DE: "updatedAt"-
#54446	REDUCE cov: 6264 ft: 23944 corp: 1514/223Kb lim: 1596 exec/s: 9074 rss: 467Mb L: 50/1596 MS: 1 EraseBytes-
#54473	NEW    cov: 6264 ft: 23949 corp: 1515/223Kb lim: 1596 exec/s: 9078 rss: 467Mb L: 115/1596 MS: 2 CMP-ChangeBit- DE: "\000\252R\345"-
#54488	REDUCE cov: 6264 ft: 23949 corp: 1515/223Kb lim: 1596 exec/s: 9081 rss: 467Mb L: 156/1596 MS: 5 ManualDict-CrossOver-ChangeBinInt-ManualDict-EraseBytes- DE: "}"-"\"uuid\":"-
#54494	REDUCE cov: 6264 ft: 23949 corp: 1515/223Kb lim: 1596 exec/s: 9082 rss: 467Mb L: 52/1596 MS: 1 EraseBytes-
#54521	REDUCE cov: 6264 ft: 23958 corp: 1516/223Kb lim: 1596 exec/s: 9086 rss: 467Mb L: 139/1596 MS: 2 ChangeByte-CrossOver-
#54533	REDUCE cov: 6264 ft: 23958 corp: 1516/223Kb lim: 1596 exec/s: 9088 rss: 468Mb L: 98/1596 MS: 2 ChangeByte-EraseBytes-
#54570	NEW    cov: 6264 ft: 23959 corp: 1517/223Kb lim: 1596 exec/s: 9095 rss: 468Mb L: 32/1596 MS: 2 ShuffleBytes-ChangeByte-
#54601	REDUCE cov: 6264 ft: 23959 corp: 1517/223Kb lim: 1596 exec/s: 9100 rss: 468Mb L: 67/1596 MS: 1 EraseBytes-
#54607	REDUCE cov: 6264 ft: 23959 corp: 1517/223Kb lim: 1596 exec/s: 9101 rss: 468Mb L: 30/1596 MS: 1 EraseBytes-
#54690	REDUCE cov: 6264 ft: 23959 corp: 1517/223Kb lim: 1596 exec/s: 9115 rss: 468Mb L: 82/1596 MS: 3 CMP-InsertByte-EraseBytes- DE: "\001\000\000\000"-
#54777	REDUCE cov: 6264 ft: 23959 corp: 1517/223Kb lim: 1596 exec/s: 9129 rss: 468Mb L: 94/1596 MS: 2 PersAutoDict-EraseBytes- DE: "{\"a\":{\"b\":"-
#54887	REDUCE cov: 6264 ft: 23959 corp: 1517/223Kb lim: 1596 exec/s: 9147 rss: 468Mb L: 86/1596 MS: 5 ChangeByte-ShuffleBytes-ChangeByte-ChangeBinInt-EraseBytes-
#54888	NEW    cov: 6264 ft: 23990 corp: 1518/223Kb lim: 1596 exec/s: 9148 rss: 468Mb L: 100/1596 MS: 1 ManualDict- DE: "\\ud83d\\ude00"-
#54899	NEW    cov: 6273 ft: 24001 corp: 1519/223Kb lim: 1596 exec/s: 9149 rss: 468Mb L: 28/1596 MS: 1 ShuffleBytes-
#55120	NEW    cov: 6274 ft: 24002 corp: 1520/224Kb lim: 1596 exec/s: 9186 rss: 469Mb L: 260/1596 MS: 1 CrossOver-
#55196	REDUCE cov: 6274 ft: 24002 corp: 1520/224Kb lim: 1596 exec/s: 9199 rss: 469Mb L: 127/1596 MS: 1 EraseBytes-
#55197	REDUCE cov: 6274 ft: 24010 corp: 1521/224Kb lim: 1596 exec/s: 9199 rss: 469Mb L: 18/1596 MS: 1 ManualDict- DE: "[[]]"-
#55223	REDUCE cov: 6280 ft: 24035 corp: 1522/224Kb lim: 1596 exec/s: 9203 rss: 469Mb L: 28/1596 MS: 1 ManualDict- DE: "\\u0000"-
#55269	REDUCE cov: 6280 ft: 24035 corp: 1522/224Kb lim: 1596 exec/s: 9211 rss: 469Mb L: 53/1596 MS: 1 EraseBytes-
#55310	REDUCE cov: 6280 ft: 24035 corp: 1522/224Kb lim: 1596 exec/s: 9218 rss: 469Mb L: 29/1596 MS: 1 EraseBytes-
#55367	REDUCE cov: 6280 ft: 24035 corp: 1522/224Kb lim: 1596 exec/s: 9227 rss: 469Mb L: 75/1596 MS: 2 InsertRepeatedBytes-EraseBytes-
#55453	REDUCE cov: 6280 ft: 24035 corp: 1522/223Kb lim: 1596 exec/s: 9242 rss: 469Mb L: 116/1596 MS: 1 EraseBytes-
#55472	REDUCE cov: 6282 ft: 24037 corp: 1523/224Kb lim: 1596 exec/s: 9245 rss: 469Mb L: 493/1596 MS: 4 ChangeASCIIInt-ShuffleBytes-ChangeASCIIInt-EraseBytes-
#55549	REDUCE cov: 6282 ft: 24037 corp: 1523/224Kb lim: 1596 exec/s: 9258 rss: 469Mb L: 346/1596 MS: 2 CMP-EraseBytes- DE: "\001\000\000\000\000\000\000\000"-
#55590	REDUCE cov: 6282 ft: 24037 corp: 1523/224Kb lim: 1596 exec/s: 9265 rss: 469Mb L: 93/1596 MS: 1 EraseBytes-
#55638	REDUCE cov: 6283 ft: 24038 corp: 1524/224Kb lim: 1596 exec/s: 9273 rss: 469Mb L: 87/1596 MS: 3 PersAutoDict-PersAutoDict-InsertByte- DE: "29"-"1700000000.5"-
#55654	REDUCE cov: 6283 ft: 24038 corp: 1524/224Kb lim: 1596 exec/s: 9275 rss: 469Mb L: 39/1596 MS: 1 EraseBytes-
#55661	REDUCE cov: 6283 ft: 24038 corp: 1524/224Kb lim: 1596 exec/s: 9276 rss: 469Mb L: 55/1596 MS: 2 CMP-EraseBytes- DE: "\001\000\000\000\000\000\000\000"-
#55693	NEW    cov: 6283 ft: 24039 corp: 1525/224Kb lim: 1596 exec/s: 9282 rss: 469Mb L: 52/1596 MS: 2 PersAutoDict-ChangeBit- DE: "\001\000\000\000\000\000\000\000"-
#55718	REDUCE cov: 6283 ft: 24039 corp: 1525/224Kb lim: 1596 exec/s: 9286 rss: 469Mb L: 34/1596 MS: 5 ChangeBit-ShuffleBytes-ChangeBinInt-ChangeByte-EraseBytes-
#55719	REDUCE cov: 6283 ft: 24039 corp: 1525/224Kb lim: 1596 exec/s: 9286 rss: 469Mb L: 58/1596 MS: 1 EraseBytes-
#55800	NEW    cov: 6285 ft: 24041 corp: 1526/225Kb lim: 1596 exec/s: 9300 rss: 469Mb L: 818/1596 MS: 1 InsertByte-
#55801	REDUCE cov: 6285 ft: 24041 corp: 1526/225Kb lim: 1596 exec/s: 9300 rss: 469Mb L: 118/1596 MS: 1 EraseBytes-
#55815	REDUCE cov: 6285 ft: 24041 corp: 1526/225Kb lim: 1596 exec/s: 9302 rss: 469Mb L: 117/1596 MS: 4 ShuffleBytes-ShuffleBytes-ChangeBinInt-EraseBytes-
#55826	NEW    cov: 6286 ft: 24046 corp: 1527/225Kb lim: 1596 exec/s: 9304 rss: 469Mb L: 24/1596 MS: 1 EraseBytes-
#55893	REDUCE cov: 6286 ft: 24046 corp: 1527/225Kb lim: 1596 exec/s: 9315 rss: 469Mb L: 65/1596 MS: 2 PersAutoDict-EraseBytes- DE: "\001\000\000\004"-
#55904	REDUCE cov: 6286 ft: 24046 corp: 1527/225Kb lim: 1596 exec/s: 9317 rss: 469Mb L: 93/1596 MS: 1 EraseBytes-
#55916	NEW    cov: 6286 ft: 24047 corp: 1528/225Kb lim: 1596 exec/s: 9319 rss: 470Mb L: 153/1596 MS: 2 ChangeASCIIInt-InsertByte-
#55922	REDUCE cov: 6286 ft: 24047 corp: 1528/225Kb lim: 1596 exec/s: 9320 rss: 470Mb L: 14/1596 MS: 1 EraseBytes-
#55935	REDUCE cov: 6286 ft: 24047 corp: 1528/225Kb lim: 1596 exec/s: 9322 rss: 470Mb L: 78/1596 MS: 3 ManualDict-EraseBytes-EraseBytes- DE: "\"id\":\"1\""-
#55987	NEW    cov: 6286 ft: 24054 corp: 1529/225Kb lim: 1596 exec/s: 9331 rss: 470Mb L: 11/1596 MS: 2 ChangeBinInt-ShuffleBytes-
#56113	NEW    cov: 6286 ft: 24070 corp: 1530/225Kb lim: 1596 exec/s: 9352 rss: 470Mb L: 224/1596 MS: 1 CMP- DE: "\001\000\000\000\000\000\000\000"-
#56144	REDUCE cov: 6286 ft: 24070 corp: 1530/225Kb lim: 1596 exec/s: 9357 rss: 470Mb L: 16/1596 MS: 1 EraseBytes-
#56162	NEW    cov: 6287 ft: 24071 corp: 1531/225Kb lim: 1596 exec/s: 9360 rss: 470Mb L: 92/1596 MS: 3 ChangeByte-InsertRepeatedBytes-InsertByte-
#56254	NEW    cov: 6287 ft: 24073 corp: 1532/226Kb lim: 1596 exec/s: 9375 rss: 470Mb L: 815/1596 MS: 2 ChangeBinInt-ManualDict- DE: "\360\237\230\200"-
#56256	NEW    cov: 6287 ft: 24075 corp: 1533/227Kb lim: 1596 exec/s: 9376 rss: 470Mb L: 1596/1596 MS: 2 ShuffleBytes-ChangeBit-
#56278	REDUCE cov: 6287 ft: 24082 corp: 1534/227Kb lim: 1596 exec/s: 9379 rss: 470Mb L: 32/1596 MS: 2 ChangeBit-ShuffleBytes-
#56320	REDUCE cov: 6287 ft: 24082 corp: 1534/227Kb lim: 1596 exec/s: 9386 rss: 470Mb L: 56/1596 MS: 2 InsertByte-EraseBytes-
#56326	REDUCE cov: 6287 ft: 24082 corp: 1534/227Kb lim: 1596 exec/s: 9387 rss: 470Mb L: 112/1596 MS: 1 EraseBytes-
#56519	NEW    cov: 6289 ft: 24095 corp: 1535/227Kb lim: 1596 exec/s: 9419 rss: 470Mb L: 61/1596 MS: 3 ManualDict-ChangeBinInt-EraseBytes- DE: "[[]]"-
#56522	REDUCE cov: 6289 ft: 24095 corp: 1535/227Kb lim: 1596 exec/s: 9420 rss: 470Mb L: 51/1596 MS: 3 PersAutoDict-CMP-EraseBytes- DE: "itEms"-"\373\377\377\377\377\377\377\377"-
#56544	REDUCE cov: 6289 ft: 24095 corp: 1535/227Kb lim: 1596 exec/s: 9424 rss: 470Mb L: 8/1596 MS: 2 ChangeBit-EraseBytes-
#56633	REDUCE cov: 6289 ft: 24095 corp: 1535/227Kb lim: 1596 exec/s: 9438 rss: 470Mb L: 64/1596 MS: 4 ChangeByte-ChangeASCIIInt-ChangeBit-EraseBytes-
#56644	NEW    cov: 6289 ft: 24106 corp: 1536/229Kb lim: 1596 exec/s: 9440 rss: 470Mb L: 1267/1596 MS: 1 CrossOver-
#56647	REDUCE cov: 6290 ft: 24107 corp: 1537/229Kb lim: 1596 exec/s: 9441 rss: 470Mb L: 249/1596 MS: 3 ChangeBit-ChangeByte-CopyPart-
#56818	REDUCE cov: 6294 ft: 24115 corp: 1538/229Kb lim: 1596 exec/s: 9469 rss: 471Mb L: 87/1596 MS: 1 CopyPart-
#56847	NEW    cov: 6299 ft: 24156 corp: 1539/229Kb lim: 1596 exec/s: 9474 rss: 471Mb L: 299/1596 MS: 4 InsertByte-ChangeBinInt-CopyPart-CrossOver-
#56968	REDUCE cov: 6299 ft: 24156 corp: 1539/229Kb lim: 1596 exec/s: 9494 rss: 471Mb L: 88/1596 MS: 1 EraseBytes-
#57062	NEW    cov: 6303 ft: 24160 corp: 1540/230Kb lim: 1596 exec/s: 9510 rss: 471Mb L: 819/1596 MS: 4 ChangeByte-CMP-ChangeASCIIInt-ManualDict- DE: "26"-"\\\\"-
#57069	NEW    cov: 6303 ft: 24174 corp: 1541/230Kb lim: 1596 exec/s: 9511 rss: 471Mb L: 351/1596 MS: 2 CopyPart-CopyPart-
#57075	NEW    cov: 6303 ft: 24178 corp: 1542/230Kb lim: 1596 exec/s: 9512 rss: 471Mb L: 22/1596 MS: 1 ManualDict- DE: "{\"a\":{\"b\":"-
#57083	REDUCE cov: 6303 ft: 24178 corp: 1542/230Kb lim: 1596 exec/s: 9513 rss: 471Mb L: 52/1596 MS: 3 InsertByte-CrossOver-EraseBytes-
#57090	REDUCE cov: 6303 ft: 24178 corp: 1542/230Kb lim: 1596 exec/s: 9515 rss: 471Mb L: 99/1596 MS: 2 CrossOver-EraseBytes-
#57092	NEW    cov: 6304 ft: 24179 corp: 1543/231Kb lim: 1596 exec/s: 9515 rss: 471Mb L: 817/1596 MS: 2 ChangeBinInt-CopyPart-
#57182	NEW    cov: 6304 ft: 24190 corp: 1544/231Kb lim: 1596 exec/s: 9530 rss: 471Mb L: 62/1596 MS: 5 InsertRepeatedBytes-PersAutoDict-CrossOver-ChangeByte-InsertByte- DE: "[]"-
#57188	NEW    cov: 6304 ft: 24192 corp: 1545/231Kb lim: 1596 exec/s: 9531 rss: 471Mb L: 95/1596 MS: 1 ChangeBit-
#57204	REDUCE cov: 6304 ft: 24192 corp: 1545/231Kb lim: 1596 exec/s: 9534 rss: 471Mb L: 123/1596 MS: 1 EraseBytes-
#57453	NEW    cov: 6304 ft: 24193 corp: 1546/231Kb lim: 1596 exec/s: 9575 rss: 471Mb L: 205/1596 MS: 4 ManualDict-ShuffleBytes-InsertRepeatedBytes-CrossOver- DE: "\303\251"-
#57587	REDUCE cov: 6304 ft: 24193 corp: 1546/231Kb lim: 1596 exec/s: 9597 rss: 471Mb L: 51/1596 MS: 4 ChangeASCIIInt-CopyPart-ChangeASCIIInt-EraseBytes-
#57607	NEW    cov: 6308 ft: 24197 corp: 1547/232Kb lim: 1596 exec/s: 9601 rss: 471Mb L: 43/1596 MS: 5 ChangeBinInt-ChangeASCIIInt-ChangeASCIIInt-InsertByte-CrossOver-
#57640	REDUCE cov: 6308 ft: 24198 corp: 1548/232Kb lim: 1596 exec/s: 9606 rss: 472Mb L: 75/1596 MS: 3 InsertRepeatedBytes-EraseBytes-CrossOver-
#57646	REDUCE cov: 6308 ft: 24198 corp: 1548/232Kb lim: 1596 exec/s: 9607 rss: 472Mb L: 41/1596 MS: 1 EraseBytes-
#57703	NEW    cov: 6308 ft: 24204 corp: 1549/232Kb lim: 1596 exec/s: 9617 rss: 472Mb L: 39/1596 MS: 2 ChangeASCIIInt-ManualDict- DE: "1700000000.5"-
#57801	NEW    cov: 6308 ft: 24212 corp: 1550/232Kb lim: 1596 exec/s: 9633 rss: 472Mb L: 12/1596 MS: 3 ChangeBit-InsertByte-ManualDict- DE: "\\\\"-
#57808	NEW    cov: 6308 ft: 24218 corp: 1551/232Kb lim: 1596 exec/s: 9634 rss: 472Mb L: 48/1596 MS: 2 ChangeByte-CopyPart-
#57851	REDUCE cov: 6313 ft: 24223 corp: 1552/232Kb lim: 1596 exec/s: 9641 rss: 472Mb L: 39/1596 MS: 3 ChangeBinInt-ShuffleBytes-PersAutoDict- DE: "\036"-
#57893	NEW    cov: 6313 ft: 24229 corp: 1553/232Kb lim: 1596 exec/s: 9648 rss: 472Mb L: 101/1596 MS: 2 PersAutoDict-PersAutoDict- DE: "\001\013"-"\000\000\002\264"-
#57934	REDUCE cov: 6313 ft: 24229 corp: 1553/232Kb lim: 1596 exec/s: 9655 rss: 472Mb L: 162/1596 MS: 1 EraseBytes-
#57995	REDUCE cov: 6313 ft: 24229 corp: 1553/232Kb lim: 1596 exec/s: 9665 rss: 472Mb L: 18/1596 MS: 1 EraseBytes-
#58053	REDUCE cov: 6313 ft: 24229 corp: 1553/232Kb lim: 1596 exec/s: 9675 rss: 472Mb L: 873/1596 MS: 3 ChangeBit-InsertByte-EraseBytes-
#58119	REDUCE cov: 6313 ft: 24229 corp: 1553/232Kb lim: 1596 exec/s: 9686 rss: 472Mb L: 103/1596 MS: 1 EraseBytes-
#58147	REDUCE cov: 6313 ft: 24230 corp: 1554/233Kb lim: 1596 exec/s: 9691 rss: 472Mb L: 1256/1596 MS: 3 ChangeBinInt-ShuffleBytes-InsertByte-
#58216	REDUCE cov: 6313 ft: 24239 corp: 1555/233Kb lim: 1596 exec/s: 9702 rss: 472Mb L: 215/1596 MS: 4 CopyPart-ChangeBinInt-ChangeBit-EraseBytes-
#58220	REDUCE cov: 6313 ft: 24239 corp: 1555/233Kb lim: 1596 exec/s: 9703 rss: 472Mb L: 65/1596 MS: 4 InsertByte-ShuffleBytes-CopyPart-EraseBytes-
#58276	REDUCE cov: 6313 ft: 24239 corp: 1555/233Kb lim: 1596 exec/s: 9712 rss: 472Mb L: 69/1596 MS: 1 EraseBytes-
#58312	NEW    cov: 6313 ft: 24248 corp: 1556/233Kb lim: 1596 exec/s: 9718 rss: 473Mb L: 43/1596 MS: 1 CopyPart-
#58324	REDUCE cov: 6313 ft: 24249 corp: 1557/233Kb lim: 1596 exec/s: 9720 rss: 473Mb L: 92/1596 MS: 2 ShuffleBytes-EraseBytes-
#58346	REDUCE cov: 6349 ft: 24330 corp: 1558/233Kb lim: 1596 exec/s: 9724 rss: 473Mb L: 62/1596 MS: 2 PersAutoDict-ManualDict- DE: ";\000"-"\\u0000"-
#58376	NEW    cov: 6349 ft: 24335 corp: 1559/233Kb lim: 1596 exec/s: 9729 rss: 473Mb L: 221/1596 MS: 5 InsertRepeatedBytes-ChangeBit-ChangeBit-PersAutoDict-ManualDict- DE: "\216\272\222\251\017\375\000\000"-"007"-
#58389	NEW    cov: 6349 ft: 24336 corp: 1560/234Kb lim: 1596 exec/s: 9731 rss: 473Mb L: 243/1596 MS: 3 ChangeBit-CMP-InsertRepeatedBytes- DE: "k48"-
#58431	REDUCE cov: 6349 ft: 24336 corp: 1560/234Kb lim: 1596 exec/s: 9738 rss: 473Mb L: 90/1596 MS: 2 ShuffleBytes-EraseBytes-
#58469	REDUCE cov: 6349 ft: 24336 corp: 1560/234Kb lim: 1596 exec/s: 9744 rss: 473Mb L: 122/1596 MS: 3 ChangeByte-ShuffleBytes-EraseBytes-
#58505	REDUCE cov: 6349 ft: 24337 corp: 1561/234Kb lim: 1596 exec/s: 9750 rss: 473Mb L: 31/1596 MS: 1 ManualDict- DE: "1700000000000"-
#58509	NEW    cov: 6356 ft: 24387 corp: 1562/234Kb lim: 1596 exec/s: 9751 rss: 473Mb L: 224/1596 MS: 4 ChangeByte-ChangeBinInt-ChangeByte-CrossOver-
#58511	REDUCE cov: 6356 ft: 24387 corp: 1562/234Kb lim: 1596 exec/s: 9751 rss: 473Mb L: 123/1596 MS: 2 ChangeBinInt-EraseBytes-
#58567	NEW    cov: 6357 ft: 24388 corp: 1563/234Kb lim: 1596 exec/s: 9761 rss: 473Mb L: 16/1596 MS: 1 ManualDict- DE: "\\ud83d"-
#58568	NEW    cov: 6357 ft: 24393 corp: 1564/234Kb lim: 1596 exec/s: 9761 rss: 473Mb L: 60/1596 MS: 1 ManualDict- DE: "\360\237\230\200"-
#58709	REDUCE cov: 6357 ft: 24393 corp: 1564/234Kb lim: 1596 exec/s: 9784 rss: 474Mb L: 38/1596 MS: 1 EraseBytes-
#58710	REDUCE cov: 6357 ft: 24393 corp: 1564/234Kb lim: 1596 exec/s: 9785 rss: 474Mb L: 252/1596 MS: 1 EraseBytes-
#58728	REDUCE cov: 6357 ft: 24393 corp: 1564/234Kb lim: 1596 exec/s: 9788 rss: 474Mb L: 65/1596 MS: 3 InsertByte-ChangeASCIIInt-EraseBytes-
#58809	REDUCE cov: 6357 ft: 24393 corp: 1564/234Kb lim: 1596 exec/s: 9801 rss: 474Mb L: 12/1596 MS: 1 EraseBytes-
#58829	REDUCE cov: 6357 ft: 24393 corp: 1564/234Kb lim: 1596 exec/s: 9804 rss: 474Mb L: 115/1596 MS: 5 ShuffleBytes-ChangeBit-InsertRepeatedBytes-ShuffleBytes-EraseBytes-
#58856	NEW    cov: 6357 ft: 24394 corp: 1565/235Kb lim: 1596 exec/s: 9809 rss: 474Mb L: 1596/1596 MS: 2 ShuffleBytes-CopyPart-
#58894	REDUCE cov: 6357 ft: 24394 corp: 1565/235Kb lim: 1596 exec/s: 9815 rss: 474Mb L: 18/1596 MS: 3 CopyPart-ChangeBinInt-EraseBytes-
#58975	REDUCE cov: 6357 ft: 24394 corp: 1565/235Kb lim: 1596 exec/s: 9829 rss: 474Mb L: 48/1596 MS: 1 EraseBytes-
#58993	REDUCE cov: 6357 ft: 24394 corp: 1565/235Kb lim: 1596 exec/s: 9832 rss: 474Mb L: 26/1596 MS: 3 CrossOver-PersAutoDict-EraseBytes- DE: "two\""-
#59000	NEW    cov: 6370 ft: 24408 corp: 1566/235Kb lim: 1596 exec/s: 9833 rss: 474Mb L: 28/1596 MS: 2 ChangeASCIIInt-PersAutoDict- DE: "\011\000\000\000"-
#59040	NEW    cov: 6370 ft: 24431 corp: 1567/235Kb lim: 1596 exec/s: 9840 rss: 474Mb L: 46/1596 MS: 5 CMP-ChangeByte-InsertByte-ShuffleBytes-EraseBytes- DE: "\001\000\375\257\251\024Af"-
#59073	NEW    cov: 6370 ft: 24432 corp: 1568/236Kb lim: 1596 exec/s: 9845 rss: 474Mb L: 241/1596 MS: 3 InsertRepeatedBytes-ManualDict-ChangeBinInt- DE: "{\"a\":"-
#59209	REDUCE cov: 6370 ft: 24432 corp: 1568/236Kb lim: 1596 exec/s: 9868 rss: 474Mb L: 65/1596 MS: 1 EraseBytes-
#59299	REDUCE cov: 6370 ft: 24446 corp: 1569/236Kb lim: 1596 exec/s: 9883 rss: 475Mb L: 160/1596 MS: 5 InsertRepeatedBytes-InsertRepeatedBytes-InsertRepeatedBytes-PersAutoDict-ManualDict- DE: "31"-"\\ud83d\\ude00"-
#59402	REDUCE cov: 6370 ft: 24446 corp: 1569/236Kb lim: 1596 exec/s: 9900 rss: 475Mb L: 38/1596 MS: 3 PersAutoDict-ManualDict-EraseBytes- DE: "\026\000\000\000"-"\"createdAt\":"-
#59423	REDUCE cov: 6370 ft: 24446 corp: 1569/236Kb lim: 1596 exec/s: 9903 rss: 475Mb L: 112/1596 MS: 1 EraseBytes-
#59424	REDUCE cov: 6370 ft: 24446 corp: 1569/236Kb lim: 1596 exec/s: 9904 rss: 475Mb L: 41/1596 MS: 1 EraseBytes-
#59430	REDUCE cov: 6370 ft: 24446 corp: 1569/236Kb lim: 1596 exec/s: 9905 rss: 475Mb L: 51/1596 MS: 1 EraseBytes-
#59442	REDUCE cov: 6370 ft: 24446 corp: 1569/236Kb lim: 1596 exec/s: 9907 rss: 475Mb L: 78/1596 MS: 2 ChangeBit-EraseBytes-
#59458	REDUCE cov: 6370 ft: 24446 corp: 1569/236Kb lim: 1596 exec/s: 9909 rss: 475Mb L: 74/1596 MS: 1 EraseBytes-
#59479	REDUCE cov: 6370 ft: 24446 corp: 1569/236Kb lim: 1596 exec/s: 9913 rss: 475Mb L: 13/1596 MS: 1 EraseBytes-
#59516	NEW    cov: 6370 ft: 24452 corp: 1570/236Kb lim: 1596 exec/s: 9919 rss: 475Mb L: 21/1596 MS: 2 ShuffleBytes-EraseBytes-
#59522	REDUCE cov: 6370 ft: 24452 corp: 1570/236Kb lim: 1596 exec/s: 9920 rss: 475Mb L: 66/1596 MS: 1 EraseBytes-
#59533	NEW    cov: 6376 ft: 24474 corp: 1571/236Kb lim: 1596 exec/s: 9922 rss: 475Mb L: 52/1596 MS: 1 ManualDict- DE: "\\u00e9"-
#59547	REDUCE cov: 6376 ft: 24474 corp: 1571/236Kb lim: 1596 exec/s: 9924 rss: 475Mb L: 52/1596 MS: 4 PersAutoDict-ChangeASCIIInt-InsertByte-EraseBytes- DE: "{}"-
#59564	REDUCE cov: 6416 ft: 24517 corp: 1572/236Kb lim: 1596 exec/s: 9927 rss: 475Mb L: 108/1596 MS: 2 ChangeBit-PersAutoDict- DE: "\"firstSeenAt\":"-
#59595	NEW    cov: 6428 ft: 24529 corp: 1573/236Kb lim: 1596 exec/s: 9932 rss: 475Mb L: 12/1596 MS: 1 InsertByte-
#59606	NEW    cov: 6428 ft: 24530 corp: 1574/236Kb lim: 1596 exec/s: 9934 rss: 475Mb L: 16/1596 MS: 1 CrossOver-
#59618	NEW    cov: 6428 ft: 24531 corp: 1575/236Kb lim: 1596 exec/s: 9936 rss: 475Mb L: 41/1596 MS: 2 ShuffleBytes-CrossOver-
#59684	REDUCE cov: 6428 ft: 24531 corp: 1575/236Kb lim: 1596 exec/s: 9947 rss: 475Mb L: 248/1596 MS: 1 EraseBytes-
#59912	REDUCE cov: 6428 ft: 24531 corp: 1575/236Kb lim: 1596 exec/s: 9985 rss: 475Mb L: 86/1596 MS: 3 PersAutoDict-ChangeBinInt-EraseBytes- DE: "fal"-
#59948	REDUCE cov: 6428 ft: 24531 corp: 1575/236Kb lim: 1596 exec/s: 9991 rss: 475Mb L: 520/1596 MS: 1 EraseBytes-
#60019	REDUCE cov: 6428 ft: 24531 corp: 1575/236Kb lim: 1596 exec/s: 10003 rss: 475Mb L: 58/1596 MS: 1 EraseBytes-
#60030	REDUCE cov: 6428 ft: 24531 corp: 1575/236Kb lim: 1596 exec/s: 10005 rss: 475Mb L: 44/1596 MS: 1 EraseBytes-
#60044	REDUCE cov: 6428 ft: 24532 corp: 1576/236Kb lim: 1596 exec/s: 10007 rss: 475Mb L: 395/1596 MS: 4 CrossOver-ChangeASCIIInt-CopyPart-ChangeBinInt-
#60076	REDUCE cov: 6428 ft: 24532 corp: 1576/236Kb lim: 1596 exec/s: 10012 rss: 476Mb L: 38/1596 MS: 2 ManualDict-EraseBytes- DE: "]"-
#60184	NEW    cov: 6428 ft: 24535 corp: 1577/236Kb lim: 1596 exec/s: 10030 rss: 476Mb L: 73/1596 MS: 3 CopyPart-InsertByte-ManualDict- DE: "\\n"-
#60216	REDUCE cov: 6428 ft: 24536 corp: 1578/236Kb lim: 1596 exec/s: 10036 rss: 476Mb L: 74/1596 MS: 2 PersAutoDict-ChangeBinInt- DE: "9223372036854775807"-
#60258	REDUCE cov: 6428 ft: 24536 corp: 1578/236Kb lim: 1596 exec/s: 10043 rss: 476Mb L: 35/1596 MS: 2 ChangeBinInt-EraseBytes-
#60349	REDUCE cov: 6428 ft: 24536 corp: 1578/236Kb lim: 1596 exec/s: 10058 rss: 476Mb L: 49/1596 MS: 1 EraseBytes-
#60353	NEW    cov: 6428 ft: 24537 corp: 1579/238Kb lim: 1596 exec/s: 10058 rss: 476Mb L: 1596/1596 MS: 4 ChangeASCIIInt-ManualDict-ShuffleBytes-CrossOver- DE: ","-
#60591	REDUCE cov: 6428 ft: 24537 corp: 1579/238Kb lim: 1596 exec/s: 10098 rss: 476Mb L: 82/1596 MS: 3 ManualDict-ChangeBinInt-EraseBytes- DE: "\"id\":1"-
#60631	REDUCE cov: 6429 ft: 24541 corp: 1580/238Kb lim: 1596 exec/s: 10105 rss: 476Mb L: 48/1596 MS: 5 ChangeByte-ChangeBit-PersAutoDict-InsertByte-ChangeASCIIInt- DE: "\216\272\222\251\017\375\000\000"-
#60676	REDUCE cov: 6430 ft: 24542 corp: 1581/238Kb lim: 1596 exec/s: 10112 rss: 476Mb L: 109/1596 MS: 5 ChangeBinInt-CopyPart-ChangeByte-CMP-ManualDict- DE: "nullitems"-"{}"-
#60755	REDUCE cov: 6430 ft: 24542 corp: 1581/238Kb lim: 1596 exec/s: 10125 rss: 476Mb L: 64/1596 MS: 4 ChangeBit-PersAutoDict-ChangeBit-EraseBytes- DE: "\003\000"-
#60761	REDUCE cov: 6431 ft: 24543 corp: 1582/238Kb lim: 1596 exec/s: 10126 rss: 476Mb L: 97/1596 MS: 1 ChangeBit-
#60793	NEW    cov: 6431 ft: 24544 corp: 1583/238Kb lim: 1596 exec/s: 10132 rss: 476Mb L: 15/1596 MS: 2 ManualDict-PersAutoDict- DE: "true"-"007"-
#60910	NEW    cov: 6431 ft: 24545 corp: 1584/238Kb lim: 1596 exec/s: 10151 rss: 476Mb L: 59/1596 MS: 2 ChangeBinInt-EraseBytes-
#60926	REDUCE cov: 6431 ft: 24545 corp: 1584/238Kb lim: 1596 exec/s: 8703 rss: 476Mb L: 98/1596 MS: 1 EraseBytes-
#60968	NEW    cov: 6436 ft: 24550 corp: 1585/238Kb lim: 1596 exec/s: 8709 rss: 476Mb L: 295/1596 MS: 2 ShuffleBytes-InsertByte-
#61059	REDUCE cov: 6436 ft: 24550 corp: 1585/238Kb lim: 1596 exec/s: 8722 rss: 476Mb L: 16/1596 MS: 1 EraseBytes-
#61130	NEW    cov: 6436 ft: 24556 corp: 1586/238Kb lim: 1596 exec/s: 8732 rss: 476Mb L: 70/1596 MS: 1 ManualDict- DE: "1700000000.5"-
#61153	NEW    cov: 6446 ft: 24566 corp: 1587/239Kb lim: 1596 exec/s: 8736 rss: 477Mb L: 468/1596 MS: 3 ChangeBit-PersAutoDict-CrossOver- DE: "\"id\":\"a1b2c3d4\""-
#61189	REDUCE cov: 6446 ft: 24566 corp: 1587/239Kb lim: 1596 exec/s: 8741 rss: 477Mb L: 29/1596 MS: 1 EraseBytes-
#61295	REDUCE cov: 6446 ft: 24566 corp: 1587/239Kb lim: 1596 exec/s: 8756 rss: 477Mb L: 27/1596 MS: 1 EraseBytes-
#61296	NEW    cov: 6451 ft: 24576 corp: 1588/239Kb lim: 1596 exec/s: 8756 rss: 477Mb L: 225/1596 MS: 1 ManualDict- DE: "\360\237\230\200"-
#61368	REDUCE cov: 6451 ft: 24576 corp: 1588/239Kb lim: 1596 exec/s: 8766 rss: 477Mb L: 69/1596 MS: 2 CrossOver-EraseBytes-
#61390	REDUCE cov: 6451 ft: 24576 corp: 1588/239Kb lim: 1596 exec/s: 8770 rss: 477Mb L: 102/1596 MS: 2 InsertByte-EraseBytes-
#61435	REDUCE cov: 6451 ft: 24576 corp: 1588/239Kb lim: 1596 exec/s: 8776 rss: 477Mb L: 66/1596 MS: 5 CopyPart-InsertByte-ChangeByte-ShuffleBytes-EraseBytes-
#61511	NEW    cov: 6459 ft: 24584 corp: 1589/239Kb lim: 1596 exec/s: 8787 rss: 477Mb L: 76/1596 MS: 1 ChangeASCIIInt-
#61517	NEW    cov: 6459 ft: 24585 corp: 1590/239Kb lim: 1596 exec/s: 8788 rss: 477Mb L: 46/1596 MS: 1 ChangeBit-
#61560	NEW    cov: 6460 ft: 24586 corp: 1591/239Kb lim: 1596 exec/s: 8794 rss: 477Mb L: 165/1596 MS: 3 CMP-CrossOver-ChangeBinInt- DE: "\001\000\000\000\000\000\000\000"-
#61574	NEW    cov: 6460 ft: 24592 corp: 1592/239Kb lim: 1596 exec/s: 8796 rss: 477Mb L: 155/1596 MS: 4 ManualDict-PersAutoDict-ShuffleBytes-ChangeBit- DE: "\346\227\245"-"\006\000\000\000"-
#61621	REDUCE cov: 6460 ft: 24592 corp: 1592/239Kb lim: 1596 exec/s: 8803 rss: 477Mb L: 31/1596 MS: 2 ChangeByte-EraseBytes-
#61657	NEW    cov: 6465 ft: 24603 corp: 1593/239Kb lim: 1596 exec/s: 8808 rss: 477Mb L: 28/1596 MS: 1 PersAutoDict- DE: "\\u0000"-
#61658	REDUCE cov: 6465 ft: 24603 corp: 1593/239Kb lim: 1596 exec/s: 8808 rss: 477Mb L: 55/1596 MS: 1 EraseBytes-
#61667	REDUCE cov: 6465 ft: 24604 corp: 1594/240Kb lim: 1596 exec/s: 8809 rss: 477Mb L: 182/1596 MS: 4 CrossOver-ChangeByte-InsertRepeatedBytes-EraseBytes-
#61763	NEW    cov: 6465 ft: 24605 corp: 1595/240Kb lim: 1596 exec/s: 8823 rss: 477Mb L: 241/1596 MS: 1 ChangeByte-
#61870	NEW    cov: 6465 ft: 24609 corp: 1596/241Kb lim: 1596 exec/s: 8838 rss: 477Mb L: 1596/1596 MS: 2 CopyPart-ManualDict- DE: "false"-
#61906	NEW    cov: 6465 ft: 24612 corp: 1597/241Kb lim: 1596 exec/s: 8843 rss: 478Mb L: 46/1596 MS: 1 CrossOver-
#61952	REDUCE cov: 6465 ft: 24612 corp: 1597/241Kb lim: 1596 exec/s: 8850 rss: 478Mb L: 15/1596 MS: 1 EraseBytes-
#62029	NEW    cov: 6465 ft: 24620 corp: 1598/241Kb lim: 1596 exec/s: 8861 rss: 478Mb L: 100/1596 MS: 2 ChangeASCIIInt-CopyPart-
#62044	NEW    cov: 6465 ft: 24622 corp: 1599/242Kb lim: 1596 exec/s: 8863 rss: 478Mb L: 279/1596 MS: 5 CMP-CMP-InsertRepeatedBytes-InsertRepeatedBytes-CrossOver- DE: "upitemdAt"-"\377\377\377\011"-
#62070	REDUCE cov: 6465 ft: 24622 corp: 1599/242Kb lim: 1596 exec/s: 8867 rss: 478Mb L: 74/1596 MS: 1 EraseBytes-
#62074	REDUCE cov: 6465 ft: 24622 corp: 1599/242Kb lim: 1596 exec/s: 8867 rss: 478Mb L: 111/1596 MS: 4 ChangeBinInt-EraseBytes-ChangeASCIIInt-CrossOver-
#62193	REDUCE cov: 6465 ft: 24622 corp: 1599/242Kb lim: 1596 exec/s: 8884 rss: 478Mb L: 64/1596 MS: 4 PersAutoDict-ChangeBinInt-ChangeByte-EraseBytes- DE: ","-
#62285	REDUCE cov: 6465 ft: 24623 corp: 1600/242Kb lim: 1596 exec/s: 8897 rss: 478Mb L: 77/1596 MS: 2 ShuffleBytes-EraseBytes-
#62357	NEW    cov: 6465 ft: 24624 corp: 1601/242Kb lim: 1596 exec/s: 8908 rss: 478Mb L: 38/1596 MS: 2 ShuffleBytes-PersAutoDict- DE: "\000\002"-
#62389	NEW    cov: 6465 ft: 24625 corp: 1602/242Kb lim: 1596 exec/s: 8912 rss: 478Mb L: 93/1596 MS: 2 ChangeByte-CrossOver-
#62445	REDUCE cov: 6465 ft: 24625 corp: 1602/242Kb lim: 1596 exec/s: 8920 rss: 478Mb L: 85/1596 MS: 1 EraseBytes-
#62451	REDUCE cov: 6465 ft: 24625 corp: 1602/242Kb lim: 1596 exec/s: 8921 rss: 478Mb L: 155/1596 MS: 1 EraseBytes-
#62577	REDUCE cov: 6465 ft: 24625 corp: 1602/242Kb lim: 1596 exec/s: 8939 rss: 478Mb L: 115/1596 MS: 1 EraseBytes-
#62585	NEW    cov: 6466 ft: 24626 corp: 1603/242Kb lim: 1596 exec/s: 8940 rss: 478Mb L: 61/1596 MS: 3 ShuffleBytes-InsertByte-ChangeByte-
#62661	NEW    cov: 6471 ft: 24641 corp: 1604/242Kb lim: 1596 exec/s: 8951 rss: 479Mb L: 311/1596 MS: 1 CrossOver-
#62701	REDUCE cov: 6471 ft: 24641 corp: 1604/242Kb lim: 1596 exec/s: 8957 rss: 479Mb L: 61/1596 MS: 5 InsertRepeatedBytes-ManualDict-EraseBytes-ShuffleBytes-EraseBytes- DE: "\"key\":"-
#62717	NEW    cov: 6471 ft: 24644 corp: 1605/242Kb lim: 1596 exec/s: 8959 rss: 479Mb L: 35/1596 MS: 1 ChangeByte-
#62748	REDUCE cov: 6471 ft: 24644 corp: 1605/242Kb lim: 1596 exec/s: 8964 rss: 479Mb L: 179/1596 MS: 1 EraseBytes-
#62755	NEW    cov: 6471 ft: 24645 corp: 1606/242Kb lim: 1596 exec/s: 8965 rss: 479Mb L: 48/1596 MS: 2 ChangeBit-EraseBytes-
#62778	REDUCE cov: 6471 ft: 24645 corp: 1606/242Kb lim: 1596 exec/s: 8968 rss: 479Mb L: 45/1596 MS: 3 ChangeBit-CrossOver-EraseBytes-
#62786	REDUCE cov: 6473 ft: 24647 corp: 1607/242Kb lim: 1596 exec/s: 8969 rss: 479Mb L: 105/1596 MS: 3 CrossOver-ChangeBit-InsertRepeatedBytes-
#62799	NEW    cov: 6474 ft: 24648 corp: 1608/242Kb lim: 1596 exec/s: 8971 rss: 479Mb L: 137/1596 MS: 3 InsertByte-CopyPart-ChangeBinInt-
#62818	NEW    cov: 6474 ft: 24651 corp: 1609/243Kb lim: 1596 exec/s: 8974 rss: 479Mb L: 225/1596 MS: 4 ChangeASCIIInt-ChangeBit-InsertByte-ChangeBit-
#62840	REDUCE cov: 6474 ft: 24651 corp: 1609/243Kb lim: 1596 exec/s: 8977 rss: 479Mb L: 112/1596 MS: 2 CMP-EraseBytes- DE: "k39"-
#62881	NEW    cov: 6474 ft: 24653 corp: 1610/243Kb lim: 1596 exec/s: 8983 rss: 479Mb L: 22/1596 MS: 1 InsertByte-
#62892	REDUCE cov: 6474 ft: 24653 corp: 1610/243Kb lim: 1596 exec/s: 8984 rss: 479Mb L: 56/1596 MS: 1 EraseBytes-
#63218	REDUCE cov: 6474 ft: 24653 corp: 1610/242Kb lim: 1596 exec/s: 9031 rss: 479Mb L: 192/1596 MS: 1 EraseBytes-
#63241	REDUCE cov: 6477 ft: 24656 corp: 1611/243Kb lim: 1596 exec/s: 9034 rss: 479Mb L: 62/1596 MS: 3 ChangeByte-ManualDict-CopyPart- DE: "\346\227\245"-
#63250	NEW    cov: 6477 ft: 24658 corp: 1612/243Kb lim: 1596 exec/s: 9035 rss: 479Mb L: 262/1596 MS: 4 InsertByte-InsertRepeatedBytes-ShuffleBytes-ManualDict- DE: "1700000000"-
#63274	NEW    cov: 6477 ft: 24659 corp: 1613/243Kb lim: 1596 exec/s: 9039 rss: 479Mb L: 57/1596 MS: 4 ChangeBinInt-ManualDict-CMP-ChangeByte- DE: "{\"id\":1,\"updatedAt\":2,\"createdAt\":1}"-"\357\200\200\200"-
#63335	NEW    cov: 6477 ft: 24661 corp: 1614/243Kb lim: 1596 exec/s: 9047 rss: 479Mb L: 66/1596 MS: 1 InsertByte-
#63341	NEW    cov: 6477 ft: 24672 corp: 1615/244Kb lim: 1596 exec/s: 9048 rss: 480Mb L: 1267/1596 MS: 1 ChangeBinInt-
#63357	REDUCE cov: 6477 ft: 24672 corp: 1615/244Kb lim: 1596 exec/s: 9051 rss: 480Mb L: 36/1596 MS: 1 EraseBytes-
#63361	REDUCE cov: 6478 ft: 24673 corp: 1616/244Kb lim: 1596 exec/s: 9051 rss: 480Mb L: 158/1596 MS: 4 ManualDict-CrossOver-InsertByte-ChangeBit- DE: "{\"id\":1,\"updatedAt\":2,\"createdAt\":1}"-
#63434	NEW    cov: 6481 ft: 24688 corp: 1617/244Kb lim: 1596 exec/s: 9062 rss: 480Mb L: 105/1596 MS: 3 ShuffleBytes-CopyPart-InsertRepeatedBytes-
#63450	NEW    cov: 6481 ft: 24693 corp: 1618/244Kb lim: 1596 exec/s: 9064 rss: 480Mb L: 48/1596 MS: 1 CrossOver-
#63474	REDUCE cov: 6481 ft: 24694 corp: 1619/245Kb lim: 1596 exec/s: 9067 rss: 480Mb L: 103/1596 MS: 4 ManualDict-ManualDict-ChangeBinInt-ChangeBinInt- DE: "\"items\":[{\"id\":1}]"-"\"id\":1"-
#63515	NEW    cov: 6484 ft: 24698 corp: 1620/245Kb lim: 1596 exec/s: 9073 rss: 480Mb L: 36/1596 MS: 1 ManualDict- DE: ","-
#63571	REDUCE cov: 6484 ft: 24698 corp: 1620/245Kb lim: 1596 exec/s: 9081 rss: 480Mb L: 288/1596 MS: 1 EraseBytes-
#63782	REDUCE cov: 6484 ft: 24698 corp: 1620/245Kb lim: 1596 exec/s: 9111 rss: 480Mb L: 30/1596 MS: 1 EraseBytes-
#63903	REDUCE cov: 6484 ft: 24699 corp: 1621/245Kb lim: 1596 exec/s: 9129 rss: 480Mb L: 15/1596 MS: 1 ChangeBinInt-
#63925	REDUCE cov: 6484 ft: 24699 corp: 1621/244Kb lim: 1596 exec/s: 9132 rss: 480Mb L: 543/1596 MS: 2 InsertByte-EraseBytes-
#63987	REDUCE cov: 6485 ft: 24700 corp: 1622/244Kb lim: 1596 exec/s: 9141 rss: 480Mb L: 44/1596 MS: 2 EraseBytes-EraseBytes-
#64053	NEW    cov: 6485 ft: 24713 corp: 1623/245Kb lim: 1596 exec/s: 9150 rss: 480Mb L: 827/1596 MS: 1 ManualDict- DE: "\\ud83d\\ude00"-
#64084	NEW    cov: 6485 ft: 24714 corp: 1624/245Kb lim: 1596 exec/s: 9154 rss: 480Mb L: 38/1596 MS: 1 ManualDict- DE: "\\u00e9"-
#64163	REDUCE cov: 6485 ft: 24714 corp: 1624/245Kb lim: 1596 exec/s: 9166 rss: 480Mb L: 243/1596 MS: 4 CMP-ChangeASCIIInt-ShuffleBytes-EraseBytes- DE: "y\"id"-
#64214	REDUCE cov: 6485 ft: 24714 corp: 1624/245Kb lim: 1596 exec/s: 9173 rss: 480Mb L: 44/1596 MS: 1 EraseBytes-
#64246	REDUCE cov: 6485 ft: 24714 corp: 1624/245Kb lim: 1596 exec/s: 9178 rss: 480Mb L: 44/1596 MS: 2 ChangeByte-EraseBytes-
#64249	REDUCE cov: 6485 ft: 24714 corp: 1624/245Kb lim: 1596 exec/s: 9178 rss: 480Mb L: 113/1596 MS: 3 ChangeBinInt-CopyPart-EraseBytes-
#64271	NEW    cov: 6486 ft: 24727 corp: 1625/245Kb lim: 1596 exec/s: 9181 rss: 481Mb L: 33/1596 MS: 2 ChangeASCIIInt-ChangeBit-
#64287	REDUCE cov: 6486 ft: 24727 corp: 1625/245Kb lim: 1596 exec/s: 9183 rss: 481Mb L: 51/1596 MS: 1 EraseBytes-
#64305	NEW    cov: 6486 ft: 24728 corp: 1626/245Kb lim: 1596 exec/s: 9186 rss: 481Mb L: 151/1596 MS: 3 ChangeBit-ManualDict-ChangeByte- DE: "{\"a\":{\"b\":"-
#64321	REDUCE cov: 6486 ft: 24728 corp: 1626/245Kb lim: 1596 exec/s: 9188 rss: 481Mb L: 54/1596 MS: 1 EraseBytes-
#64332	REDUCE cov: 6486 ft: 24728 corp: 1626/245Kb lim: 1596 exec/s: 9190 rss: 481Mb L: 43/1596 MS: 1 EraseBytes-
#64356	REDUCE cov: 6486 ft: 24728 corp: 1626/245Kb lim: 1596 exec/s: 9193 rss: 481Mb L: 155/1596 MS: 4 ChangeBinInt-ChangeByte-InsertRepeatedBytes-EraseBytes-
#64364	REDUCE cov: 6486 ft: 24728 corp: 1626/245Kb lim: 1596 exec/s: 9194 rss: 481Mb L: 27/1596 MS: 3 ChangeBit-ChangeBinInt-EraseBytes-
#64476	NEW    cov: 6489 ft: 24740 corp: 1627/245Kb lim: 1596 exec/s: 9210 rss: 481Mb L: 29/1596 MS: 2 PersAutoDict-CopyPart- DE: "noa"-
#64477	NEW    cov: 6490 ft: 24743 corp: 1628/245Kb lim: 1596 exec/s: 9211 rss: 481Mb L: 65/1596 MS: 1 EraseBytes-
#64539	NEW    cov: 6490 ft: 24750 corp: 1629/246Kb lim: 1596 exec/s: 9219 rss: 481Mb L: 1418/1596 MS: 2 ChangeBit-EraseBytes-
#64632	REDUCE cov: 6490 ft: 24750 corp: 1629/246Kb lim: 1596 exec/s: 9233 rss: 481Mb L: 86/1596 MS: 3 ShuffleBytes-CMP-EraseBytes- DE: "\001\000\000\027"-
#64656	REDUCE cov: 6490 ft: 24750 corp: 1629/246Kb lim: 1596 exec/s: 9236 rss: 481Mb L: 95/1596 MS: 4 ChangeASCIIInt-ManualDict-CMP-EraseBytes- DE: "\346\227\245"-"\005\000"-
#64668	REDUCE cov: 6490 ft: 24750 corp: 1629/246Kb lim: 1596 exec/s: 9238 rss: 481Mb L: 496/1596 MS: 2 ChangeASCIIInt-EraseBytes-
#64828	REDUCE cov: 6490 ft: 24750 corp: 1629/246Kb lim: 1596 exec/s: 9261 rss: 481Mb L: 141/1596 MS: 5 ChangeByte-ManualDict-ChangeBit-ManualDict-EraseBytes- DE: "007"-"null"-
#64834	NEW    cov: 6490 ft: 24751 corp: 1630/246Kb lim: 1596 exec/s: 9262 rss: 481Mb L: 115/1596 MS: 1 CrossOver-
#64875	NEW    cov: 6498 ft: 24765 corp: 1631/247Kb lim: 1596 exec/s: 9267 rss: 481Mb L: 62/1596 MS: 1 InsertByte-
#65006	REDUCE cov: 6498 ft: 24765 corp: 1631/247Kb lim: 1596 exec/s: 9286 rss: 481Mb L: 44/1596 MS: 1 EraseBytes-
#65038	REDUCE cov: 6498 ft: 24765 corp: 1631/246Kb lim: 1596 exec/s: 9291 rss: 481Mb L: 604/1596 MS: 2 PersAutoDict-EraseBytes- DE: "\000\000\000\000\000\000\000$"-
#65094	NEW    cov: 6498 ft: 24770 corp: 1632/247Kb lim: 1596 exec/s: 9299 rss: 481Mb L: 45/1596 MS: 1 CMP- DE: "updatedAt"-
#65105	NEW    cov: 6498 ft: 24773 corp: 1633/247Kb lim: 1596 exec/s: 9300 rss: 482Mb L: 295/1596 MS: 1 CopyPart-
#65155	NEW    cov: 6510 ft: 24785 corp: 1634/247Kb lim: 1596 exec/s: 9307 rss: 482Mb L: 98/1596 MS: 5 InsertRepeatedBytes-ChangeBinInt-InsertByte-EraseBytes-ManualDict- DE: "1.5"-
#65167	REDUCE cov: 6511 ft: 24786 corp: 1635/247Kb lim: 1596 exec/s: 9309 rss: 482Mb L: 50/1596 MS: 2 CrossOver-CrossOver-
#65209	REDUCE cov: 6511 ft: 24786 corp: 1635/247Kb lim: 1596 exec/s: 9315 rss: 482Mb L: 63/1596 MS: 2 CMP-EraseBytes- DE: "170000000$0"-
#65230	REDUCE cov: 6511 ft: 24786 corp: 1635/247Kb lim: 1596 exec/s: 9318 rss: 482Mb L: 71/1596 MS: 1 EraseBytes-
#65249	REDUCE cov: 6511 ft: 24786 corp: 1635/247Kb lim: 1596 exec/s: 9321 rss: 482Mb L: 75/1596 MS: 4 ManualDict-ChangeBinInt-PersAutoDict-EraseBytes- DE: "\036"-"\001\000\000\027"-
#65290	REDUCE cov: 6511 ft: 24787 corp: 1636/247Kb lim: 1596 exec/s: 9327 rss: 482Mb L: 41/1596 MS: 1 CopyPart-
#65306	REDUCE cov: 6511 ft: 24787 corp: 1636/247Kb lim: 1596 exec/s: 9329 rss: 482Mb L: 92/1596 MS: 1 EraseBytes-
#65338	REDUCE cov: 6511 ft: 24787 corp: 1636/247Kb lim: 1596 exec/s: 9334 rss: 482Mb L: 54/1596 MS: 2 InsertByte-EraseBytes-
#65445	NEW    cov: 6511 ft: 24791 corp: 1637/247Kb lim: 1596 exec/s: 9349 rss: 482Mb L: 33/1596 MS: 2 ShuffleBytes-ChangeByte-
#65459	REDUCE cov: 6511 ft: 24791 corp: 1637/247Kb lim: 1596 exec/s: 9351 rss: 482Mb L: 24/1596 MS: 4 ChangeBit-CopyPart-EraseBytes-EraseBytes-
#65480	REDUCE cov: 6511 ft: 24791 corp: 1637/247Kb lim: 1596 exec/s: 9354 rss: 482Mb L: 75/1596 MS: 1 EraseBytes-
#65521	REDUCE cov: 6511 ft: 24791 corp: 1637/247Kb lim: 1596 exec/s: 9360 rss: 482Mb L: 25/1596 MS: 1 EraseBytes-
#65536	pulse  cov: 6511 ft: 24791 corp: 1637/247Kb lim: 1596 exec/s: 9362 rss: 482Mb
#65539	NEW    cov: 6514 ft: 24794 corp: 1638/247Kb lim: 1596 exec/s: 9362 rss: 482Mb L: 25/1596 MS: 3 ShuffleBytes-InsertByte-ChangeBit-
#65551	NEW    cov: 6514 ft: 24795 corp: 1639/247Kb lim: 1596 exec/s: 9364 rss: 482Mb L: 10/1596 MS: 2 CopyPart-ChangeBit-
#65644	REDUCE cov: 6514 ft: 24795 corp: 1639/247Kb lim: 1596 exec/s: 9377 rss: 482Mb L: 89/1596 MS: 3 PersAutoDict-ChangeByte-EraseBytes- DE: "k57"-
#65722	REDUCE cov: 6514 ft: 24795 corp: 1639/247Kb lim: 1596 exec/s: 9388 rss: 482Mb L: 89/1596 MS: 3 ChangeBinInt-ShuffleBytes-EraseBytes-
#65819	NEW    cov: 6514 ft: 24796 corp: 1640/247Kb lim: 1596 exec/s: 9402 rss: 482Mb L: 74/1596 MS: 2 CMP-EraseBytes- DE: "[1"-
#65822	REDUCE cov: 6514 ft: 24796 corp: 1640/247Kb lim: 1596 exec/s: 9403 rss: 482Mb L: 14/1596 MS: 3 ShuffleBytes-ShuffleBytes-EraseBytes-
#65859	NEW    cov: 6514 ft: 24797 corp: 1641/247Kb lim: 1596 exec/s: 9408 rss: 482Mb L: 187/1596 MS: 2 ChangeBit-EraseBytes-
#65865	REDUCE cov: 6514 ft: 24797 corp: 1641/247Kb lim: 1596 exec/s: 9409 rss: 482Mb L: 182/1596 MS: 1 EraseBytes-
#65888	REDUCE cov: 6514 ft: 24797 corp: 1641/247Kb lim: 1596 exec/s: 9412 rss: 482Mb L: 68/1596 MS: 3 ShuffleBytes-ShuffleBytes-EraseBytes-
#65965	REDUCE cov: 6514 ft: 24797 corp: 1641/247Kb lim: 1596 exec/s: 9423 rss: 482Mb L: 196/1596 MS: 2 ChangeASCIIInt-EraseBytes-
#65986	NEW    cov: 6514 ft: 24798 corp: 1642/249Kb lim: 1596 exec/s: 9426 rss: 483Mb L: 1596/1596 MS: 1 ChangeASCIIInt-
#66027	NEW    cov: 6514 ft: 24801 corp: 1643/249Kb lim: 1596 exec/s: 9432 rss: 483Mb L: 101/1596 MS: 1 CopyPart-
#66113	REDUCE cov: 6514 ft: 24801 corp: 1643/249Kb lim: 1596 exec/s: 9444 rss: 483Mb L: 250/1596 MS: 1 EraseBytes-
#66119	NEW    cov: 6514 ft: 24805 corp: 1644/249Kb lim: 1596 exec/s: 9445 rss: 483Mb L: 62/1596 MS: 1 CopyPart-
#66121	REDUCE cov: 6514 ft: 24809 corp: 1645/249Kb lim: 1596 exec/s: 9445 rss: 483Mb L: 51/1596 MS: 2 CrossOver-ChangeBinInt-
#66204	REDUCE cov: 6514 ft: 24809 corp: 1645/249Kb lim: 1596 exec/s: 9457 rss: 483Mb L: 126/1596 MS: 3 ChangeASCIIInt-CMP-EraseBytes- DE: "\377j\"\205"-
#66210	REDUCE cov: 6514 ft: 24809 corp: 1645/249Kb lim: 1596 exec/s: 9458 rss: 483Mb L: 13/1596 MS: 1 EraseBytes-
#66271	NEW    cov: 6514 ft: 24814 corp: 1646/249Kb lim: 1596 exec/s: 9467 rss: 483Mb L: 87/1596 MS: 1 CopyPart-
#66307	REDUCE cov: 6514 ft: 24814 corp: 1646/249Kb lim: 1596 exec/s: 9472 rss: 483Mb L: 7/1596 MS: 1 EraseBytes-
#66334	NEW    cov: 6514 ft: 24815 corp: 1647/249Kb lim: 1596 exec/s: 9476 rss: 483Mb L: 61/1596 MS: 2 ChangeByte-EraseBytes-
#66347	REDUCE cov: 6514 ft: 24815 corp: 1647/249Kb lim: 1596 exec/s: 9478 rss: 483Mb L: 209/1596 MS: 3 InsertByte-PersAutoDict-EraseBytes- DE: "\\\241\321\250/\374\000\000"-
#66353	REDUCE cov: 6514 ft: 24815 corp: 1647/249Kb lim: 1596 exec/s: 9479 rss: 483Mb L: 33/1596 MS: 1 EraseBytes-
#66379	REDUCE cov: 6514 ft: 24815 corp: 1647/249Kb lim: 1596 exec/s: 9482 rss: 483Mb L: 58/1596 MS: 1 EraseBytes-
#66442	NEW    cov: 6514 ft: 24816 corp: 1648/249Kb lim: 1596 exec/s: 9491 rss: 483Mb L: 29/1596 MS: 3 PersAutoDict-InsertByte-ManualDict- DE: "#d"-"1700000000.5"-
#66448	NEW    cov: 6517 ft: 24819 corp: 1649/249Kb lim: 1596 exec/s: 9492 rss: 483Mb L: 46/1596 MS: 1 ChangeBinInt-
#66461	REDUCE cov: 6517 ft: 24819 corp: 1649/249Kb lim: 1596 exec/s: 9494 rss: 483Mb L: 136/1596 MS: 3 CMP-ChangeBinInt-EraseBytes- DE: "k60"-
#66548	NEW    cov: 6517 ft: 24820 corp: 1650/249Kb lim: 1596 exec/s: 9506 rss: 483Mb L: 30/1596 MS: 2 ChangeByte-ChangeASCIIInt-
#66601	REDUCE cov: 6517 ft: 24820 corp: 1650/249Kb lim: 1596 exec/s: 9514 rss: 483Mb L: 21/1596 MS: 3 CMP-ChangeByte-EraseBytes- DE: "\377\005"-
#66612	NEW    cov: 6517 ft: 24840 corp: 1651/249Kb lim: 1596 exec/s: 9516 rss: 483Mb L: 109/1596 MS: 1 CrossOver-
#66641	REDUCE cov: 6517 ft: 24840 corp: 1651/249Kb lim: 1596 exec/s: 9520 rss: 483Mb L: 71/1596 MS: 4 ChangeASCIIInt-ManualDict-ChangeByte-EraseBytes- DE: "1e309"-
#66695	REDUCE cov: 6526 ft: 24879 corp: 1652/249Kb lim: 1596 exec/s: 9527 rss: 484Mb L: 110/1596 MS: 4 CrossOver-ChangeASCIIInt-ChangeBinInt-ChangeByte-
#66719	REDUCE cov: 6526 ft: 24879 corp: 1652/249Kb lim: 1596 exec/s: 9531 rss: 484Mb L: 17/1596 MS: 4 CrossOver-CMP-EraseBytes-EraseBytes- DE: "\001\001"-
#66725	REDUCE cov: 6526 ft: 24879 corp: 1652/249Kb lim: 1596 exec/s: 9532 rss: 484Mb L: 26/1596 MS: 1 EraseBytes-
#66787	NEW    cov: 6526 ft: 24880 corp: 1653/249Kb lim: 1596 exec/s: 9541 rss: 484Mb L: 106/1596 MS: 2 CMP-ChangeByte- DE: "\360\213\302\250\357\374\000\000"-
#66843	REDUCE cov: 6526 ft: 24880 corp: 1653/249Kb lim: 1596 exec/s: 9549 rss: 484Mb L: 169/1596 MS: 1 CrossOver-
#66884	REDUCE cov: 6526 ft: 24880 corp: 1653/249Kb lim: 1596 exec/s: 9554 rss: 484Mb L: 43/1596 MS: 1 EraseBytes-
#66938	REDUCE cov: 6526 ft: 24880 corp: 1653/249Kb lim: 1596 exec/s: 9562 rss: 484Mb L: 96/1596 MS: 4 CrossOver-CMP-ManualDict-EraseBytes- DE: "k8"-"{\"a\":"-
#66999	REDUCE cov: 6526 ft: 24880 corp: 1653/249Kb lim: 1596 exec/s: 9571 rss: 484Mb L: 41/1596 MS: 1 EraseBytes-
#67005	NEW    cov: 6554 ft: 24908 corp: 1654/249Kb lim: 1596 exec/s: 9572 rss: 484Mb L: 61/1596 MS: 1 ChangeBit-
#67077	REDUCE cov: 6554 ft: 24908 corp: 1654/249Kb lim: 1596 exec/s: 9582 rss: 484Mb L: 58/1596 MS: 2 PersAutoDict-EraseBytes- DE: "\216\272\222\251\017\375\000\000"-
#67088	NEW    cov: 6554 ft: 24910 corp: 1655/250Kb lim: 1596 exec/s: 9584 rss: 484Mb L: 829/1596 MS: 1 ManualDict- DE: "\\ud83d\\ude00"-
#67089	REDUCE cov: 6554 ft: 24910 corp: 1655/250Kb lim: 1596 exec/s: 9584 rss: 484Mb L: 202/1596 MS: 1 EraseBytes-
#67166	NEW    cov: 6555 ft: 24911 corp: 1656/250Kb lim: 1596 exec/s: 9595 rss: 484Mb L: 127/1596 MS: 2 ShuffleBytes-CMP- DE: "id"-
#67222	REDUCE cov: 6555 ft: 24911 corp: 1656/250Kb lim: 1596 exec/s: 9603 rss: 484Mb L: 161/1596 MS: 1 EraseBytes-
#67270	NEW    cov: 6556 ft: 24912 corp: 1657/250Kb lim: 1596 exec/s: 9610 rss: 484Mb L: 119/1596 MS: 3 CMP-CrossOver-CrossOver- DE: "25"-
#67337	REDUCE cov: 6556 ft: 24912 corp: 1657/250Kb lim: 1596 exec/s: 9619 rss: 484Mb L: 181/1596 MS: 2 ShuffleBytes-EraseBytes-
#67389	NEW    cov: 6557 ft: 24915 corp: 1658/250Kb lim: 1596 exec/s: 9627 rss: 484Mb L: 119/1596 MS: 2 ChangeBit-CopyPart-
#67440	REDUCE cov: 6557 ft: 24915 corp: 1658/250Kb lim: 1596 exec/s: 9634 rss: 484Mb L: 8/1596 MS: 1 EraseBytes-
#67491	REDUCE cov: 6557 ft: 24915 corp: 1658/250Kb lim: 1596 exec/s: 9641 rss: 484Mb L: 75/1596 MS: 1 EraseBytes-
#67492	NEW    cov: 6557 ft: 24916 corp: 1659/250Kb lim: 1596 exec/s: 9641 rss: 484Mb L: 14/1596 MS: 1 CopyPart-
#67514	REDUCE cov: 6557 ft: 24916 corp: 1659/250Kb lim: 1596 exec/s: 9644 rss: 484Mb L: 30/1596 MS: 2 InsertByte-EraseBytes-
#67531	NEW    cov: 6557 ft: 24919 corp: 1660/250Kb lim: 1596 exec/s: 9647 rss: 484Mb L: 35/1596 MS: 2 InsertByte-CopyPart-
#67577	REDUCE cov: 6557 ft: 24919 corp: 1660/250Kb lim: 1596 exec/s: 9653 rss: 485Mb L: 62/1596 MS: 1 EraseBytes-
#67645	REDUCE cov: 6557 ft: 24919 corp: 1660/250Kb lim: 1596 exec/s: 9663 rss: 485Mb L: 108/1596 MS: 3 PersAutoDict-InsertByte-EraseBytes- DE: "170000000$0"-
#67666	REDUCE cov: 6557 ft: 24919 corp: 1660/250Kb lim: 1596 exec/s: 9666 rss: 485Mb L: 11/1596 MS: 1 EraseBytes-
#67667	REDUCE cov: 6557 ft: 24919 corp: 1660/250Kb lim: 1596 exec/s: 9666 rss: 485Mb L: 168/1596 MS: 1 EraseBytes-
#67697	REDUCE cov: 6557 ft: 24919 corp: 1660/250Kb lim: 1596 exec/s: 9671 rss: 485Mb L: 1055/1596 MS: 5 ManualDict-PersAutoDict-ChangeBinInt-ManualDict-EraseBytes- DE: "\"2024-01-15T10:30:00Z\""-"2024-01-011.5:00:00Z"-"}"-
#67708	NEW    cov: 6557 ft: 24924 corp: 1661/250Kb lim: 1596 exec/s: 9672 rss: 485Mb L: 20/1596 MS: 1 CrossOver-
#67747	NEW    cov: 6557 ft: 24934 corp: 1662/250Kb lim: 1596 exec/s: 9678 rss: 485Mb L: 26/1596 MS: 4 EraseBytes-CMP-ChangeBit-ChangeByte- DE: "24"-
#67825	REDUCE cov: 6557 ft: 24934 corp: 1662/250Kb lim: 1596 exec/s: 9689 rss: 485Mb L: 226/1596 MS: 3 CMP-ChangeBinInt-EraseBytes- DE: "?@@\330"-
#67851	NEW    cov: 6557 ft: 24941 corp: 1663/250Kb lim: 1596 exec/s: 9693 rss: 485Mb L: 44/1596 MS: 1 CopyPart-
#67860	NEW    cov: 6557 ft: 24942 corp: 1664/251Kb lim: 1596 exec/s: 9694 rss: 485Mb L: 829/1596 MS: 4 CMP-ChangeByte-ShuffleBytes-PersAutoDict- DE: "k8"-"42"-
#67920	NEW    cov: 6558 ft: 24943 corp: 1665/251Kb lim: 1596 exec/s: 9702 rss: 485Mb L: 120/1596 MS: 5 CMP-ChangeASCIIInt-ChangeByte-CrossOver-CrossOver- DE: "\001\000\000\000\000\000\000\000"-
#67978	REDUCE cov: 6558 ft: 24943 corp: 1665/251Kb lim: 1596 exec/s: 9711 rss: 485Mb L: 59/1596 MS: 3 CopyPart-InsertByte-EraseBytes-
#68006	NEW    cov: 6558 ft: 24946 corp: 1666/251Kb lim: 1596 exec/s: 9715 rss: 485Mb L: 254/1596 MS: 3 ChangeBit-InsertRepeatedBytes-CrossOver-
#68023	NEW    cov: 6558 ft: 24949 corp: 1667/251Kb lim: 1596 exec/s: 9717 rss: 485Mb L: 44/1596 MS: 2 ChangeBit-ChangeBinInt-
#68029	REDUCE cov: 6558 ft: 24949 corp: 1667/251Kb lim: 1596 exec/s: 9718 rss: 485Mb L: 168/1596 MS: 1 CrossOver-
#68036	NEW    cov: 6566 ft: 24957 corp: 1668/251Kb lim: 1596 exec/s: 9719 rss: 485Mb L: 104/1596 MS: 2 CMP-CrossOver- DE: "k57"-
#68087	NEW    cov: 6566 ft: 24958 corp: 1669/253Kb lim: 1596 exec/s: 9726 rss: 485Mb L: 1596/1596 MS: 1 ChangeASCIIInt-
#68126	NEW    cov: 6566 ft: 24959 corp: 1670/253Kb lim: 1596 exec/s: 9732 rss: 485Mb L: 136/1596 MS: 4 ChangeASCIIInt-ChangeASCIIInt-CrossOver-ManualDict- DE: "\"items\":[{\"id\":1}]"-
#68147	NEW    cov: 6608 ft: 25001 corp: 1671/253Kb lim: 1596 exec/s: 9735 rss: 485Mb L: 78/1596 MS: 1 ManualDict- DE: "\""-
#68267	NEW    cov: 6608 ft: 25004 corp: 1672/253Kb lim: 1596 exec/s: 9752 rss: 486Mb L: 72/1596 MS: 5 CrossOver-InsertByte-ChangeASCIIInt-CopyPart-CopyPart-
#68283	REDUCE cov: 6608 ft: 25004 corp: 1672/253Kb lim: 1596 exec/s: 9754 rss: 486Mb L: 30/1596 MS: 1 EraseBytes-
#68303	REDUCE cov: 6608 ft: 25004 corp: 1672/253Kb lim: 1596 exec/s: 9757 rss: 486Mb L: 151/1596 MS: 5 ChangeASCIIInt-InsertByte-ManualDict-ChangeBit-EraseBytes- DE: "\303\251"-
#68351	REDUCE cov: 6608 ft: 25004 corp: 1672/253Kb lim: 1596 exec/s: 9764 rss: 486Mb L: 12/1596 MS: 3 ChangeByte-ShuffleBytes-EraseBytes-
#68382	NEW    cov: 6609 ft: 25005 corp: 1673/253Kb lim: 1596 exec/s: 9768 rss: 486Mb L: 92/1596 MS: 1 ChangeBinInt-
#68420	REDUCE cov: 6609 ft: 25005 corp: 1673/253Kb lim: 1596 exec/s: 9774 rss: 486Mb L: 87/1596 MS: 3 ChangeASCIIInt-ChangeBinInt-EraseBytes-
#68468	REDUCE cov: 6609 ft: 25005 corp: 1673/252Kb lim: 1596 exec/s: 9781 rss: 486Mb L: 742/1596 MS: 3 ShuffleBytes-CMP-EraseBytes- DE: "\001\000\000\000\000\000\000M"-
#68474	REDUCE cov: 6609 ft: 25005 corp: 1673/252Kb lim: 1596 exec/s: 9782 rss: 486Mb L: 78/1596 MS: 1 EraseBytes-
#68520	NEW    cov: 6609 ft: 25010 corp: 1674/253Kb lim: 1596 exec/s: 9788 rss: 486Mb L: 301/1596 MS: 1 ManualDict- DE: "\\n"-
#68535	NEW    cov: 6609 ft: 25017 corp: 1675/253Kb lim: 1596 exec/s: 9790 rss: 486Mb L: 202/1596 MS: 5 CMP-CopyPart-PersAutoDict-CMP-CrossOver- DE: "\300\335R\330\252\252\000\000"-"\376\317C\003"-"!d"-
#68543	REDUCE cov: 6609 ft: 25017 corp: 1675/253Kb lim: 1596 exec/s: 9791 rss: 486Mb L: 51/1596 MS: 3 ChangeASCIIInt-ChangeASCIIInt-EraseBytes-
#68637	REDUCE cov: 6609 ft: 25017 corp: 1675/253Kb lim: 1596 exec/s: 9805 rss: 486Mb L: 37/1596 MS: 4 ChangeBinInt-ChangeBit-ManualDict-EraseBytes- DE: "1.5"-
#68748	REDUCE cov: 6609 ft: 25018 corp: 1676/253Kb lim: 1596 exec/s: 9821 rss: 486Mb L: 154/1596 MS: 1 CrossOver-
#68780	REDUCE cov: 6609 ft: 25018 corp: 1676/253Kb lim: 1596 exec/s: 9825 rss: 486Mb L: 62/1596 MS: 2 ChangeByte-EraseBytes-
#68815	REDUCE cov: 6610 ft: 25019 corp: 1677/253Kb lim: 1596 exec/s: 9830 rss: 486Mb L: 211/1596 MS: 5 CopyPart-ChangeBinInt-ChangeASCIIInt-ChangeASCIIInt-InsertByte-
#68866	REDUCE cov: 6610 ft: 25019 corp: 1677/253Kb lim: 1596 exec/s: 9838 rss: 486Mb L: 11/1596 MS: 1 EraseBytes-
#68960	NEW    cov: 6610 ft: 25038 corp: 1678/253Kb lim: 1596 exec/s: 9851 rss: 486Mb L: 50/1596 MS: 4 ChangeByte-ShuffleBytes-ShuffleBytes-EraseBytes-
#68982	REDUCE cov: 6610 ft: 25038 corp: 1678/253Kb lim: 1596 exec/s: 9854 rss: 486Mb L: 117/1596 MS: 2 ChangeBit-EraseBytes-
#69014	REDUCE cov: 6613 ft: 25041 corp: 1679/253Kb lim: 1596 exec/s: 9859 rss: 486Mb L: 36/1596 MS: 2 ChangeBit-CopyPart-
#69040	NEW    cov: 6613 ft: 25042 corp: 1680/253Kb lim: 1596 exec/s: 9862 rss: 486Mb L: 59/1596 MS: 1 EraseBytes-
#69136	REDUCE cov: 6613 ft: 25042 corp: 1680/253Kb lim: 1596 exec/s: 9876 rss: 486Mb L: 83/1596 MS: 1 EraseBytes-
#69196	NEW    cov: 6613 ft: 25043 corp: 1681/253Kb lim: 1596 exec/s: 9885 rss: 486Mb L: 40/1596 MS: 5 ChangeASCIIInt-ChangeByte-ShuffleBytes-PersAutoDict-ManualDict- DE: "1700000000000000000"-"\"key\":"-
#69287	REDUCE cov: 6613 ft: 25043 corp: 1681/253Kb lim: 1596 exec/s: 9898 rss: 487Mb L: 26/1596 MS: 1 EraseBytes-
#69326	REDUCE cov: 6613 ft: 25043 corp: 1681/253Kb lim: 1596 exec/s: 9903 rss: 487Mb L: 276/1596 MS: 4 CrossOver-ChangeBinInt-ChangeByte-EraseBytes-
#69392	NEW    cov: 6613 ft: 25044 corp: 1682/253Kb lim: 1596 exec/s: 9913 rss: 487Mb L: 21/1596 MS: 1 EraseBytes-
#69404	REDUCE cov: 6613 ft: 25045 corp: 1683/253Kb lim: 1596 exec/s: 9914 rss: 487Mb L: 79/1596 MS: 2 CopyPart-ChangeByte-
#69412	REDUCE cov: 6613 ft: 25045 corp: 1683/253Kb lim: 1596 exec/s: 9916 rss: 487Mb L: 134/1596 MS: 3 CopyPart-ChangeByte-EraseBytes-
#69443	REDUCE cov: 6613 ft: 25045 corp: 1683/253Kb lim: 1596 exec/s: 9920 rss: 487Mb L: 33/1596 MS: 1 EraseBytes-
#69461	REDUCE cov: 6613 ft: 25045 corp: 1683/253Kb lim: 1596 exec/s: 9923 rss: 487Mb L: 399/1596 MS: 3 CMP-ShuffleBytes-EraseBytes- DE: "nu"-
#69509	NEW    cov: 6613 ft: 25048 corp: 1684/253Kb lim: 1596 exec/s: 9929 rss: 487Mb L: 49/1596 MS: 3 CMP-CrossOver-ManualDict- DE: "{\""-"1700000000"-
#69623	REDUCE cov: 6613 ft: 25048 corp: 1684/253Kb lim: 1596 exec/s: 9946 rss: 487Mb L: 39/1596 MS: 4 PersAutoDict-ChangeByte-ChangeBit-EraseBytes- DE: "k6"-
#69626	REDUCE cov: 6613 ft: 25048 corp: 1684/253Kb lim: 1596 exec/s: 9946 rss: 487Mb L: 77/1596 MS: 3 CrossOver-ChangeByte-EraseBytes-
#69665	NEW    cov: 6616 ft: 25051 corp: 1685/253Kb lim: 1596 exec/s: 9952 rss: 487Mb L: 180/1596 MS: 4 ShuffleBytes-CMP-ManualDict-CrossOver- DE: "\003 \000\000"-"["-
#69787	NEW    cov: 6616 ft: 25060 corp: 1686/253Kb lim: 1596 exec/s: 9969 rss: 487Mb L: 58/1596 MS: 2 PersAutoDict-InsertByte- DE: "\377\377\377\377\377\377\377\003"-
#69803	NEW    cov: 6616 ft: 25061 corp: 1687/254Kb lim: 1596 exec/s: 9971 rss: 487Mb L: 162/1596 MS: 1 InsertRepeatedBytes-
#69807	REDUCE cov: 6616 ft: 25061 corp: 1687/254Kb lim: 1596 exec/s: 9972 rss: 487Mb L: 150/1596 MS: 4 PersAutoDict-CMP-CopyPart-EraseBytes- DE: "\000\000\252\252\330R\335\300"-"\360\000\000\000"-
#69853	REDUCE cov: 6616 ft: 25061 corp: 1687/254Kb lim: 1596 exec/s: 9979 rss: 487Mb L: 50/1596 MS: 1 EraseBytes-
#69897	REDUCE cov: 6616 ft: 25061 corp: 1687/254Kb lim: 1596 exec/s: 9985 rss: 487Mb L: 92/1596 MS: 4 CopyPart-CMP-ChangeByte-EraseBytes- DE: "\005\000"-
#69933	NEW    cov: 6616 ft: 25068 corp: 1688/254Kb lim: 1596 exec/s: 9990 rss: 487Mb L: 33/1596 MS: 1 ManualDict- DE: "1e309"-
#69946	REDUCE cov: 6616 ft: 25068 corp: 1688/253Kb lim: 1596 exec/s: 9992 rss: 487Mb L: 138/1596 MS: 3 ChangeBinInt-ChangeASCIIInt-EraseBytes-
#69982	NEW    cov: 6616 ft: 25069 corp: 1689/255Kb lim: 1596 exec/s: 9997 rss: 487Mb L: 1596/1596 MS: 1 ShuffleBytes-
#70080	NEW    cov: 6616 ft: 25073 corp: 1690/255Kb lim: 1596 exec/s: 10011 rss: 488Mb L: 38/1596 MS: 3 PersAutoDict-InsertByte-CrossOver- DE: "\000\000\252\252\330R\345`"-
#70097	REDUCE cov: 6616 ft: 25073 corp: 1690/255Kb lim: 1596 exec/s: 10013 rss: 488Mb L: 53/1596 MS: 2 ChangeBit-EraseBytes-
#70101	REDUCE cov: 6616 ft: 25073 corp: 1690/255Kb lim: 1596 exec/s: 10014 rss: 488Mb L: 180/1596 MS: 4 ChangeASCIIInt-CrossOver-ChangeBinInt-EraseBytes-
#70163	NEW    cov: 6616 ft: 25079 corp: 1691/255Kb lim: 1596 exec/s: 10023 rss: 488Mb L: 29/1596 MS: 2 ChangeByte-CrossOver-
#70205	REDUCE cov: 6616 ft: 25079 corp: 1691/255Kb lim: 1596 exec/s: 10029 rss: 488Mb L: 242/1596 MS: 2 CopyPart-EraseBytes-
#70246	REDUCE cov: 6616 ft: 25079 corp: 1691/255Kb lim: 1596 exec/s: 10035 rss: 488Mb L: 48/1596 MS: 1 EraseBytes-
#70259	NEW    cov: 6616 ft: 25080 corp: 1692/255Kb lim: 1596 exec/s: 10037 rss: 488Mb L: 137/1596 MS: 3 ChangeASCIIInt-PersAutoDict-ShuffleBytes- DE: "\000\000\000\000\000\000\000\002"-
#70291	REDUCE cov: 6616 ft: 25080 corp: 1692/255Kb lim: 1596 exec/s: 10041 rss: 488Mb L: 64/1596 MS: 2 ManualDict-CrossOver- DE: "1e309"-
#70330	NEW    cov: 6616 ft: 25081 corp: 1693/255Kb lim: 1596 exec/s: 10047 rss: 488Mb L: 88/1596 MS: 4 ChangeBit-ManualDict-CrossOver-InsertByte- DE: "\\ud83d\\ude00"-
#70446	REDUCE cov: 6616 ft: 25081 corp: 1693/255Kb lim: 1596 exec/s: 10063 rss: 488Mb L: 123/1596 MS: 1 EraseBytes-
#70461	REDUCE cov: 6616 ft: 25081 corp: 1693/255Kb lim: 1596 exec/s: 10065 rss: 488Mb L: 32/1596 MS: 5 ManualDict-ChangeBit-ChangeBinInt-ChangeByte-EraseBytes- DE: "}"-
#70473	NEW    cov: 6656 ft: 25132 corp: 1694/256Kb lim: 1596 exec/s: 10067 rss: 488Mb L: 414/1596 MS: 2 ChangeASCIIInt-CrossOver-
#70513	REDUCE cov: 6656 ft: 25132 corp: 1694/256Kb lim: 1596 exec/s: 10073 rss: 488Mb L: 182/1596 MS: 5 CMP-ChangeBit-ManualDict-CrossOver-EraseBytes- DE: "\377\377\375\377"-"\303\251"-
#70554	NEW    cov: 6661 ft: 25149 corp: 1695/256Kb lim: 1596 exec/s: 10079 rss: 488Mb L: 62/1596 MS: 1 InsertByte-
#70596	REDUCE cov: 6661 ft: 25149 corp: 1695/256Kb lim: 1596 exec/s: 10085 rss: 488Mb L: 172/1596 MS: 2 CMP-EraseBytes- DE: "\370\300\300\300"-
#70627	NEW    cov: 6662 ft: 25150 corp: 1696/256Kb lim: 1596 exec/s: 10089 rss: 488Mb L: 21/1596 MS: 1 EraseBytes-
#70655	REDUCE cov: 6662 ft: 25151 corp: 1697/256Kb lim: 1596 exec/s: 10093 rss: 488Mb L: 146/1596 MS: 3 ChangeASCIIInt-ChangeBit-ShuffleBytes-
#70751	NEW    cov: 6662 ft: 25154 corp: 1698/256Kb lim: 1596 exec/s: 10107 rss: 488Mb L: 33/1596 MS: 1 ShuffleBytes-
#70754	NEW    cov: 6662 ft: 25155 corp: 1699/256Kb lim: 1596 exec/s: 10107 rss: 489Mb L: 58/1596 MS: 3 PersAutoDict-ChangeBinInt-InsertByte- DE: "\000\000\000\352"-
#70760	REDUCE cov: 6662 ft: 25155 corp: 1699/256Kb lim: 1596 exec/s: 10108 rss: 489Mb L: 106/1596 MS: 1 CrossOver-
#70851	REDUCE cov: 6662 ft: 25157 corp: 1700/256Kb lim: 1596 exec/s: 10121 rss: 489Mb L: 18/1596 MS: 1 InsertByte-
#70868	NEW    cov: 6662 ft: 25164 corp: 1701/256Kb lim: 1596 exec/s: 10124 rss: 489Mb L: 29/1596 MS: 2 EraseBytes-ChangeBinInt-
#70869	REDUCE cov: 6662 ft: 25164 corp: 1701/256Kb lim: 1596 exec/s: 10124 rss: 489Mb L: 55/1596 MS: 1 EraseBytes-
#70963	NEW    cov: 6662 ft: 25165 corp: 1702/256Kb lim: 1596 exec/s: 10137 rss: 489Mb L: 145/1596 MS: 4 CMP-ChangeBit-CMP-CrossOver- DE: "\001\000\252\252\330R\345\216"-"\005\000"-
#71015	REDUCE cov: 6662 ft: 25165 corp: 1702/256Kb lim: 1596 exec/s: 10145 rss: 489Mb L: 51/1596 MS: 2 ChangeBit-EraseBytes-
#71026	NEW    cov: 6662 ft: 25173 corp: 1703/256Kb lim: 1596 exec/s: 10146 rss: 489Mb L: 30/1596 MS: 1 CopyPart-
#71098	REDUCE cov: 6662 ft: 25173 corp: 1703/256Kb lim: 1596 exec/s: 10156 rss: 489Mb L: 137/1596 MS: 2 InsertByte-EraseBytes-
#71219	NEW    cov: 6663 ft: 25174 corp: 1704/256Kb lim: 1596 exec/s: 10174 rss: 489Mb L: 102/1596 MS: 1 PersAutoDict- DE: "\004\000\000\000"-
#71230	REDUCE cov: 6663 ft: 25174 corp: 1704/256Kb lim: 1596 exec/s: 10175 rss: 489Mb L: 85/1596 MS: 1 EraseBytes-
#71231	REDUCE cov: 6663 ft: 25174 corp: 1704/256Kb lim: 1596 exec/s: 10175 rss: 489Mb L: 105/1596 MS: 1 EraseBytes-
#71234	REDUCE cov: 6663 ft: 25174 corp: 1704/256Kb lim: 1596 exec/s: 10176 rss: 489Mb L: 32/1596 MS: 3 PersAutoDict-ManualDict-EraseBytes- DE: ":"-"\\u00e9"-
#71334	REDUCE cov: 6663 ft: 25174 corp: 1704/256Kb lim: 1596 exec/s: 10190 rss: 489Mb L: 32/1596 MS: 5 PersAutoDict-InsertRepeatedBytes-InsertByte-ChangeByte-EraseBytes- DE: "\001\000\000\004"-
#71346	REDUCE cov: 6663 ft: 25174 corp: 1704/256Kb lim: 1596 exec/s: 10192 rss: 489Mb L: 225/1596 MS: 2 ChangeBinInt-EraseBytes-
#71367	NEW    cov: 6663 ft: 25188 corp: 1705/256Kb lim: 1596 exec/s: 10195 rss: 489Mb L: 17/1596 MS: 1 InsertByte-
#71406	NEW    cov: 6666 ft: 25199 corp: 1706/256Kb lim: 1596 exec/s: 10200 rss: 489Mb L: 121/1596 MS: 4 ShuffleBytes-InsertByte-ChangeBinInt-CrossOver-
#71539	NEW    cov: 6666 ft: 25200 corp: 1707/256Kb lim: 1596 exec/s: 10219 rss: 489Mb L: 39/1596 MS: 3 ChangeBit-CopyPart-ChangeByte-
#71575	REDUCE cov: 6666 ft: 25200 corp: 1707/256Kb lim: 1596 exec/s: 10225 rss: 490Mb L: 121/1596 MS: 1 EraseBytes-
#71577	REDUCE cov: 6666 ft: 25200 corp: 1707/256Kb lim: 1596 exec/s: 10225 rss: 490Mb L: 56/1596 MS: 2 ChangeASCIIInt-EraseBytes-
#71595	REDUCE cov: 6666 ft: 25200 corp: 1707/256Kb lim: 1596 exec/s: 10227 rss: 490Mb L: 156/1596 MS: 3 InsertByte-ChangeBit-EraseBytes-
#71603	REDUCE cov: 6666 ft: 25200 corp: 1707/256Kb lim: 1596 exec/s: 10229 rss: 490Mb L: 123/1596 MS: 3 ChangeBit-ChangeBit-EraseBytes-
#71615	NEW    cov: 6666 ft: 25205 corp: 1708/256Kb lim: 1596 exec/s: 10230 rss: 490Mb L: 25/1596 MS: 2 InsertByte-EraseBytes-
#71671	REDUCE cov: 6666 ft: 25205 corp: 1708/256Kb lim: 1596 exec/s: 10238 rss: 490Mb L: 9/1596 MS: 1 EraseBytes-
#71706	NEW    cov: 6668 ft: 25207 corp: 1709/256Kb lim: 1596 exec/s: 10243 rss: 490Mb L: 13/1596 MS: 5 EraseBytes-PersAutoDict-InsertByte-ChangeByte-EraseBytes- DE: "false"-
#71745	NEW    cov: 6668 ft: 25215 corp: 1710/256Kb lim: 1596 exec/s: 10249 rss: 490Mb L: 156/1596 MS: 4 ChangeBit-ChangeByte-ShuffleBytes-EraseBytes-
#71766	NEW    cov: 6668 ft: 25216 corp: 1711/256Kb lim: 1596 exec/s: 10252 rss: 490Mb L: 113/1596 MS: 1 CopyPart-
#71777	REDUCE cov: 6668 ft: 25216 corp: 1711/256Kb lim: 1596 exec/s: 10253 rss: 490Mb L: 16/1596 MS: 1 EraseBytes-
#71798	NEW    cov: 6668 ft: 25222 corp: 1712/256Kb lim: 1596 exec/s: 10256 rss: 490Mb L: 78/1596 MS: 1 ManualDict- DE: "9223372036854775807"-
#71854	NEW    cov: 6668 ft: 25223 corp: 1713/256Kb lim: 1596 exec/s: 10264 rss: 490Mb L: 27/1596 MS: 1 CMP- DE: "\000\000\000\000\000\000\000\000"-
#71905	NEW    cov: 6668 ft: 25237 corp: 1714/256Kb lim: 1596 exec/s: 10272 rss: 490Mb L: 30/1596 MS: 1 PersAutoDict- DE: "18"-
#71987	REDUCE cov: 6668 ft: 25237 corp: 1714/256Kb lim: 1596 exec/s: 10283 rss: 490Mb L: 132/1596 MS: 2 ShuffleBytes-EraseBytes-
#72003	REDUCE cov: 6668 ft: 25237 corp: 1714/256Kb lim: 1596 exec/s: 10286 rss: 490Mb L: 19/1596 MS: 1 EraseBytes-
#72006	NEW    cov: 6668 ft: 25245 corp: 1715/256Kb lim: 1596 exec/s: 10286 rss: 490Mb L: 110/1596 MS: 3 ChangeByte-ShuffleBytes-ManualDict- DE: "\"id\":"-
#72032	REDUCE cov: 6668 ft: 25254 corp: 1716/257Kb lim: 1596 exec/s: 10290 rss: 490Mb L: 51/1596 MS: 1 PersAutoDict- DE: "\\\\"-
#72199	REDUCE cov: 6668 ft: 25254 corp: 1716/257Kb lim: 1596 exec/s: 10314 rss: 490Mb L: 46/1596 MS: 2 CMP-EraseBytes- DE: "\001\000\000\000\000\000\000\000"-
#72262	REDUCE cov: 6668 ft: 25254 corp: 1716/256Kb lim: 1596 exec/s: 10323 rss: 491Mb L: 70/1596 MS: 3 ManualDict-ChangeBinInt-EraseBytes- DE: "{\"a\":{\"b\":"-
#72289	NEW    cov: 6668 ft: 25257 corp: 1717/257Kb lim: 1596 exec/s: 10327 rss: 491Mb L: 62/1596 MS: 2 ChangeASCIIInt-ShuffleBytes-
#72325	REDUCE cov: 6668 ft: 25257 corp: 1717/257Kb lim: 1596 exec/s: 10332 rss: 491Mb L: 81/1596 MS: 1 EraseBytes-
#72368	NEW    cov: 6668 ft: 25265 corp: 1718/257Kb lim: 1596 exec/s: 10338 rss: 491Mb L: 143/1596 MS: 3 PersAutoDict-CopyPart-CopyPart- DE: "\361\200\200\200"-
#72444	NEW    cov: 6668 ft: 25268 corp: 1719/257Kb lim: 1596 exec/s: 10349 rss: 491Mb L: 171/1596 MS: 1 CrossOver-
#72502	REDUCE cov: 6668 ft: 25268 corp: 1719/257Kb lim: 1596 exec/s: 10357 rss: 491Mb L: 173/1596 MS: 3 InsertByte-ChangeASCIIInt-EraseBytes-
#72514	REDUCE cov: 6668 ft: 25268 corp: 1719/257Kb lim: 1596 exec/s: 10359 rss: 491Mb L: 44/1596 MS: 2 PersAutoDict-EraseBytes- DE: "\000\000\000\000\000\000\000$"-
#72541	NEW    cov: 6668 ft: 25271 corp: 1720/257Kb lim: 1596 exec/s: 10363 rss: 491Mb L: 220/1596 MS: 2 ChangeASCIIInt-CMP- DE: "\330\250\317\373"-
#72625	REDUCE cov: 6668 ft: 25271 corp: 1720/257Kb lim: 1596 exec/s: 10375 rss: 491Mb L: 41/1596 MS: 4 PersAutoDict-CopyPart-ChangeByte-EraseBytes- DE: "\"key\":"-
#72677	REDUCE cov: 6668 ft: 25271 corp: 1720/257Kb lim: 1596 exec/s: 10382 rss: 491Mb L: 65/1596 MS: 2 PersAutoDict-EraseBytes- DE: "\001\000\000\013"-
#72727	NEW    cov: 6668 ft: 25272 corp: 1721/257Kb lim: 1596 exec/s: 10389 rss: 491Mb L: 46/1596 MS: 5 ManualDict-ManualDict-ChangeByte-ChangeBinInt-EraseBytes- DE: "\"1700000000000\""-"\"rev\":"-
#72755	REDUCE cov: 6668 ft: 25272 corp: 1721/257Kb lim: 1596 exec/s: 10393 rss: 491Mb L: 69/1596 MS: 3 CopyPart-ManualDict-EraseBytes- DE: "\346\227\245"-
#72789	NEW    cov: 6668 ft: 25273 corp: 1722/257Kb lim: 1596 exec/s: 10398 rss: 491Mb L: 186/1596 MS: 4 CrossOver-ManualDict-ManualDict-CrossOver- DE: "\346\227\245"-"007"-
#72831	NEW    cov: 6671 ft: 25276 corp: 1723/257Kb lim: 1596 exec/s: 10404 rss: 492Mb L: 32/1596 MS: 2 ShuffleBytes-ChangeBinInt-
#72849	NEW    cov: 6671 ft: 25277 corp: 1724/257Kb lim: 1596 exec/s: 10407 rss: 492Mb L: 212/1596 MS: 3 InsertRepeatedBytes-InsertRepeatedBytes-InsertByte-
#72875	NEW    cov: 6671 ft: 25287 corp: 1725/257Kb lim: 1596 exec/s: 10410 rss: 492Mb L: 72/1596 MS: 1 ChangeASCIIInt-
#72885	NEW    cov: 6671 ft: 25290 corp: 1726/258Kb lim: 1596 exec/s: 10412 rss: 492Mb L: 194/1596 MS: 5 InsertRepeatedBytes-CopyPart-ChangeBit-ManualDict-CrossOver- DE: "{\"id\":1,\"updatedAt\":2,\"createdAt\":1}"-
#73046	NEW    cov: 6671 ft: 25308 corp: 1727/258Kb lim: 1596 exec/s: 10435 rss: 492Mb L: 758/1596 MS: 1 CopyPart-
#73063	NEW    cov: 6671 ft: 25319 corp: 1728/260Kb lim: 1596 exec/s: 10437 rss: 492Mb L: 1529/1596 MS: 2 PersAutoDict-CMP- DE: "{\""-"updatedAt"-
#73229	REDUCE cov: 6671 ft: 25319 corp: 1728/260Kb lim: 1596 exec/s: 10461 rss: 492Mb L: 57/1596 MS: 1 EraseBytes-
#73281	REDUCE cov: 6671 ft: 25319 corp: 1728/260Kb lim: 1596 exec/s: 10468 rss: 492Mb L: 130/1596 MS: 2 ShuffleBytes-EraseBytes-
#73389	NEW    cov: 6674 ft: 25322 corp: 1729/261Kb lim: 1596 exec/s: 10484 rss: 492Mb L: 1023/1596 MS: 3 ChangeBinInt-ChangeByte-CrossOver-
#73413	NEW    cov: 6674 ft: 25333 corp: 1730/261Kb lim: 1596 exec/s: 10487 rss: 492Mb L: 335/1596 MS: 4 InsertByte-CopyPart-ChangeByte-ManualDict- DE: "\\ud83d"-
#73490	REDUCE cov: 6674 ft: 25333 corp: 1730/261Kb lim: 1596 exec/s: 10498 rss: 492Mb L: 223/1596 MS: 2 PersAutoDict-EraseBytes- DE: "{\"a\":{\"b\":"-
#73600	REDUCE cov: 6674 ft: 25333 corp: 1730/261Kb lim: 1596 exec/s: 10514 rss: 492Mb L: 100/1596 MS: 5 ManualDict-PersAutoDict-ChangeBinInt-PersAutoDict-EraseBytes- DE: ","-"\"firstSeenAt\":"-"\000\002"-
#73632	REDUCE cov: 6674 ft: 25333 corp: 1730/261Kb lim: 1596 exec/s: 10518 rss: 492Mb L: 53/1596 MS: 2 ChangeByte-EraseBytes-
#73633	REDUCE cov: 6674 ft: 25333 corp: 1730/261Kb lim: 1596 exec/s: 10519 rss: 492Mb L: 135/1596 MS: 1 EraseBytes-
#73666	REDUCE cov: 6674 ft: 25340 corp: 1731/261Kb lim: 1596 exec/s: 10523 rss: 493Mb L: 118/1596 MS: 3 ChangeByte-ShuffleBytes-InsertRepeatedBytes-
#73674	REDUCE cov: 6674 ft: 25340 corp: 1731/261Kb lim: 1596 exec/s: 10524 rss: 493Mb L: 23/1596 MS: 3 ChangeBit-CopyPart-EraseBytes-
#73686	REDUCE cov: 6674 ft: 25341 corp: 1732/261Kb lim: 1596 exec/s: 10526 rss: 493Mb L: 90/1596 MS: 2 InsertRepeatedBytes-EraseBytes-
#73808	REDUCE cov: 6674 ft: 25341 corp: 1732/261Kb lim: 1596 exec/s: 10544 rss: 493Mb L: 127/1596 MS: 2 ManualDict-EraseBytes- DE: "\\n"-
#73855	REDUCE cov: 6674 ft: 25341 corp: 1732/261Kb lim: 1596 exec/s: 10550 rss: 493Mb L: 75/1596 MS: 2 CMP-EraseBytes- DE: "\004\000\000\000"-
#73946	REDUCE cov: 6674 ft: 25341 corp: 1732/261Kb lim: 1596 exec/s: 10563 rss: 493Mb L: 9/1596 MS: 1 EraseBytes-
#73968	REDUCE cov: 6674 ft: 25341 corp: 1732/261Kb lim: 1596 exec/s: 10566 rss: 493Mb L: 66/1596 MS: 2 ChangeASCIIInt-EraseBytes-
#74010	REDUCE cov: 6674 ft: 25341 corp: 1732/261Kb lim: 1596 exec/s: 10572 rss: 493Mb L: 88/1596 MS: 2 ChangeBit-EraseBytes-
#74021	REDUCE cov: 6674 ft: 25341 corp: 1732/261Kb lim: 1596 exec/s: 10574 rss: 493Mb L: 34/1596 MS: 1 EraseBytes-
#74026	NEW    cov: 6674 ft: 25342 corp: 1733/261Kb lim: 1596 exec/s: 10575 rss: 493Mb L: 43/1596 MS: 5 EraseBytes-ManualDict-ChangeByte-ChangeByte-InsertRepeatedBytes- DE: "\"id\":"-
#74033	REDUCE cov: 6674 ft: 25342 corp: 1733/261Kb lim: 1596 exec/s: 10576 rss: 493Mb L: 18/1596 MS: 2 ChangeASCIIInt-EraseBytes-
#74058	NEW    cov: 6675 ft: 25343 corp: 1734/261Kb lim: 1596 exec/s: 10579 rss: 493Mb L: 40/1596 MS: 5 ChangeByte-CrossOver-ShuffleBytes-CMP-EraseBytes- DE: "\377\377\377\377"-
#74074	REDUCE cov: 6675 ft: 25343 corp: 1734/261Kb lim: 1596 exec/s: 10582 rss: 493Mb L: 47/1596 MS: 1 EraseBytes-
#74123	NEW    cov: 6675 ft: 25344 corp: 1735/261Kb lim: 1596 exec/s: 10589 rss: 493Mb L: 14/1596 MS: 4 ShuffleBytes-ChangeBit-CMP-EraseBytes- DE: "\004\000"-
#74200	REDUCE cov: 6675 ft: 25344 corp: 1735/261Kb lim: 1596 exec/s: 10600 rss: 493Mb L: 43/1596 MS: 2 InsertByte-EraseBytes-
#74248	REDUCE cov: 6675 ft: 25345 corp: 1736/261Kb lim: 1596 exec/s: 10606 rss: 493Mb L: 100/1596 MS: 3 InsertByte-EraseBytes-CMP- DE: "\000\000\000\000\000\000\000\000"-
#74261	REDUCE cov: 6682 ft: 25355 corp: 1737/261Kb lim: 1596 exec/s: 10608 rss: 493Mb L: 226/1596 MS: 3 ChangeBinInt-CrossOver-ChangeBinInt-
#74262	NEW    cov: 6682 ft: 25360 corp: 1738/261Kb lim: 1596 exec/s: 10608 rss: 493Mb L: 82/1596 MS: 1 InsertRepeatedBytes-
#74278	REDUCE cov: 6682 ft: 25361 corp: 1739/262Kb lim: 1596 exec/s: 10611 rss: 493Mb L: 276/1596 MS: 1 CopyPart-
#74325	REDUCE cov: 6682 ft: 25361 corp: 1739/262Kb lim: 1596 exec/s: 10617 rss: 493Mb L: 171/1596 MS: 2 CopyPart-EraseBytes-
#74366	REDUCE cov: 6682 ft: 25361 corp: 1739/262Kb lim: 1596 exec/s: 10623 rss: 494Mb L: 38/1596 MS: 1 EraseBytes-
#74505	REDUCE cov: 6682 ft: 25361 corp: 1739/262Kb lim: 1596 exec/s: 10643 rss: 494Mb L: 53/1596 MS: 4 InsertByte-InsertByte-ChangeASCIIInt-EraseBytes-
#74579	NEW    cov: 6688 ft: 25370 corp: 1740/262Kb lim: 1596 exec/s: 10654 rss: 494Mb L: 32/1596 MS: 4 ChangeBit-CMP-InsertByte-EraseBytes- DE: "\377\377\377\002"-
#74596	NEW    cov: 6688 ft: 25371 corp: 1741/262Kb lim: 1596 exec/s: 10656 rss: 494Mb L: 36/1596 MS: 2 EraseBytes-ManualDict- DE: "\"items\":[{\"id\":1}]"-
#74712	NEW    cov: 6688 ft: 25374 corp: 1742/262Kb lim: 1596 exec/s: 10673 rss: 494Mb L: 55/1596 MS: 1 EraseBytes-
#74744	REDUCE cov: 6688 ft: 25374 corp: 1742/262Kb lim: 1596 exec/s: 10677 rss: 494Mb L: 74/1596 MS: 2 ManualDict-EraseBytes- DE: "1.5"-
#74845	REDUCE cov: 6688 ft: 25374 corp: 1742/262Kb lim: 1596 exec/s: 10692 rss: 494Mb L: 27/1596 MS: 1 EraseBytes-
#74856	NEW    cov: 6688 ft: 25379 corp: 1743/262Kb lim: 1596 exec/s: 10693 rss: 494Mb L: 110/1596 MS: 1 PersAutoDict- DE: "\001\000\374?\250\325j\036"-
#74909	REDUCE cov: 6688 ft: 25379 corp: 1743/262Kb lim: 1596 exec/s: 10701 rss: 494Mb L: 48/1596 MS: 3 CopyPart-ShuffleBytes-EraseBytes-
#74916	REDUCE cov: 6688 ft: 25379 corp: 1743/262Kb lim: 1596 exec/s: 10702 rss: 494Mb L: 161/1596 MS: 2 CrossOver-EraseBytes-
#74980	NEW    cov: 6688 ft: 25399 corp: 1744/262Kb lim: 1596 exec/s: 10711 rss: 494Mb L: 399/1596 MS: 4 ShuffleBytes-InsertByte-CopyPart-ManualDict- DE: "\"syncedAt\":"-
#75048	REDUCE cov: 6688 ft: 25399 corp: 1744/262Kb lim: 1596 exec/s: 10721 rss: 494Mb L: 30/1596 MS: 3 ManualDict-ChangeByte-EraseBytes- DE: "\360\237\230\200"-
#75075	REDUCE cov: 6688 ft: 25399 corp: 1744/262Kb lim: 1596 exec/s: 10725 rss: 494Mb L: 16/1596 MS: 2 ChangeASCIIInt-EraseBytes-
#75106	REDUCE cov: 6688 ft: 25399 corp: 1744/262Kb lim: 1596 exec/s: 10729 rss: 494Mb L: 48/1596 MS: 1 EraseBytes-
#75112	REDUCE cov: 6688 ft: 25406 corp: 1745/263Kb lim: 1596 exec/s: 10730 rss: 494Mb L: 1168/1596 MS: 1 InsertRepeatedBytes-
#75123	REDUCE cov: 6688 ft: 25406 corp: 1745/263Kb lim: 1596 exec/s: 10731 rss: 494Mb L: 24/1596 MS: 1 EraseBytes-
#75143	REDUCE cov: 6688 ft: 25415 corp: 1746/263Kb lim: 1596 exec/s: 10734 rss: 494Mb L: 40/1596 MS: 5 CrossOver-EraseBytes-CopyPart-EraseBytes-CrossOver-
#75149	NEW    cov: 6688 ft: 25424 corp: 1747/263Kb lim: 1596 exec/s: 10735 rss: 494Mb L: 161/1596 MS: 1 CopyPart-
#75150	NEW    cov: 6688 ft: 25442 corp: 1748/263Kb lim: 1596 exec/s: 10735 rss: 494Mb L: 36/1596 MS: 1 EraseBytes-
#75156	NEW    cov: 6688 ft: 25443 corp: 1749/264Kb lim: 1596 exec/s: 10736 rss: 495Mb L: 64/1596 MS: 1 CrossOver-
#75273	NEW    cov: 6688 ft: 25444 corp: 1750/264Kb lim: 1596 exec/s: 10753 rss: 495Mb L: 41/1596 MS: 2 ChangeBit-ChangeByte-
#75374	NEW    cov: 6688 ft: 25449 corp: 1751/264Kb lim: 1596 exec/s: 10767 rss: 495Mb L: 43/1596 MS: 1 CMP- DE: "18"-
#75411	REDUCE cov: 6688 ft: 25449 corp: 1751/264Kb lim: 1596 exec/s: 10773 rss: 495Mb L: 16/1596 MS: 2 ChangeBinInt-EraseBytes-
#75614	REDUCE cov: 6688 ft: 25449 corp: 1751/264Kb lim: 1596 exec/s: 10802 rss: 495Mb L: 99/1596 MS: 3 ManualDict-ChangeBinInt-EraseBytes- DE: "{"-
#75620	REDUCE cov: 6688 ft: 25449 corp: 1751/264Kb lim: 1596 exec/s: 10802 rss: 495Mb L: 125/1596 MS: 1 EraseBytes-
#75657	REDUCE cov: 6688 ft: 25449 corp: 1751/264Kb lim: 1596 exec/s: 10808 rss: 495Mb L: 321/1596 MS: 2 ManualDict-EraseBytes- DE: "1700000000"-
#75670	REDUCE cov: 6688 ft: 25449 corp: 1751/264Kb lim: 1596 exec/s: 10810 rss: 495Mb L: 120/1596 MS: 3 CopyPart-PersAutoDict-EraseBytes- DE: "\377\377\251\252\330R\335\300"-
#75708	NEW    cov: 6688 ft: 25450 corp: 1752/264Kb lim: 1596 exec/s: 10815 rss: 495Mb L: 138/1596 MS: 3 ShuffleBytes-InsertRepeatedBytes-ShuffleBytes-
#75789	REDUCE cov: 6688 ft: 25450 corp: 1752/264Kb lim: 1596 exec/s: 10827 rss: 495Mb L: 8/1596 MS: 1 EraseBytes-
#75790	NEW    cov: 6696 ft: 25471 corp: 1753/264Kb lim: 1596 exec/s: 10827 rss: 495Mb L: 18/1596 MS: 1 ChangeASCIIInt-
#75922	NEW    cov: 6697 ft: 25490 corp: 1754/264Kb lim: 1596 exec/s: 10846 rss: 495Mb L: 128/1596 MS: 2 InsertByte-PersAutoDict- DE: "1.5"-
#75976	REDUCE cov: 6697 ft: 25495 corp: 1755/264Kb lim: 1596 exec/s: 10853 rss: 495Mb L: 125/1596 MS: 4 ChangeByte-ChangeASCIIInt-ManualDict-EraseBytes- DE: "\\\\"-
#76000	NEW    cov: 6768 ft: 25582 corp: 1756/264Kb lim: 1596 exec/s: 10857 rss: 496Mb L: 208/1596 MS: 4 InsertRepeatedBytes-ChangeByte-ManualDict-CrossOver- DE: "\\u00e9"-
#76006	REDUCE cov: 6768 ft: 25582 corp: 1756/264Kb lim: 1596 exec/s: 10858 rss: 496Mb L: 36/1596 MS: 1 EraseBytes-
#76011	REDUCE cov: 6768 ft: 25582 corp: 1756/264Kb lim: 1596 exec/s: 10858 rss: 496Mb L: 139/1596 MS: 5 InsertRepeatedBytes-ChangeASCIIInt-ChangeBit-PersAutoDict-EraseBytes- DE: "\357\200\200\200"-
#76053	REDUCE cov: 6768 ft: 25594 corp: 1757/264Kb lim: 1596 exec/s: 10864 rss: 496Mb L: 140/1596 MS: 2 ShuffleBytes-InsertRepeatedBytes-
#76086	REDUCE cov: 6768 ft: 25594 corp: 1757/264Kb lim: 1596 exec/s: 10869 rss: 496Mb L: 33/1596 MS: 3 CrossOver-ChangeByte-EraseBytes-
#76142	REDUCE cov: 6768 ft: 25594 corp: 1757/264Kb lim: 1596 exec/s: 10877 rss: 496Mb L: 44/1596 MS: 1 EraseBytes-
#76184	REDUCE cov: 6768 ft: 25594 corp: 1757/264Kb lim: 1596 exec/s: 10883 rss: 496Mb L: 15/1596 MS: 2 ShuffleBytes-EraseBytes-
#76191	REDUCE cov: 6768 ft: 25594 corp: 1757/264Kb lim: 1596 exec/s: 10884 rss: 496Mb L: 104/1596 MS: 2 ManualDict-EraseBytes- DE: "\"rev\":"-
#76202	REDUCE cov: 6768 ft: 25594 corp: 1757/264Kb lim: 1596 exec/s: 10886 rss: 496Mb L: 24/1596 MS: 1 EraseBytes-
#76223	NEW    cov: 6768 ft: 25595 corp: 1758/264Kb lim: 1596 exec/s: 10889 rss: 496Mb L: 19/1596 MS: 1 CopyPart-
#76245	REDUCE cov: 6768 ft: 25595 corp: 1758/264Kb lim: 1596 exec/s: 10892 rss: 496Mb L: 12/1596 MS: 2 ChangeByte-EraseBytes-
#76316	NEW    cov: 6768 ft: 25609 corp: 1759/265Kb lim: 1596 exec/s: 10902 rss: 496Mb L: 295/1596 MS: 1 CopyPart-
#76338	REDUCE cov: 6768 ft: 25609 corp: 1759/265Kb lim: 1596 exec/s: 10905 rss: 496Mb L: 121/1596 MS: 2 ChangeASCIIInt-EraseBytes-
#76476	REDUCE cov: 6768 ft: 25609 corp: 1759/265Kb lim: 1596 exec/s: 10925 rss: 497Mb L: 225/1596 MS: 3 ChangeBit-InsertByte-EraseBytes-
#76512	NEW    cov: 6768 ft: 25611 corp: 1760/266Kb lim: 1596 exec/s: 10930 rss: 497Mb L: 1068/1596 MS: 1 ManualDict- DE: "1700000000"-
#76524	REDUCE cov: 6768 ft: 25611 corp: 1760/266Kb lim: 1596 exec/s: 10932 rss: 497Mb L: 10/1596 MS: 2 CopyPart-EraseBytes-
#76585	REDUCE cov: 6768 ft: 25611 corp: 1760/265Kb lim: 1596 exec/s: 10940 rss: 497Mb L: 66/1596 MS: 1 EraseBytes-
#76613	REDUCE cov: 6768 ft: 25611 corp: 1760/265Kb lim: 1596 exec/s: 10944 rss: 497Mb L: 693/1596 MS: 3 ShuffleBytes-InsertByte-EraseBytes-
#76632	NEW    cov: 6771 ft: 25664 corp: 1761/266Kb lim: 1596 exec/s: 10947 rss: 497Mb L: 226/1596 MS: 4 ChangeASCIIInt-ShuffleBytes-CopyPart-ManualDict- DE: "\"syncedAt\":"-
#76648	REDUCE cov: 6771 ft: 25664 corp: 1761/266Kb lim: 1596 exec/s: 10949 rss: 497Mb L: 89/1596 MS: 1 EraseBytes-
#76670	NEW    cov: 6771 ft: 25683 corp: 1762/266Kb lim: 1596 exec/s: 10952 rss: 497Mb L: 113/1596 MS: 2 InsertRepeatedBytes-CrossOver-
#76867	REDUCE cov: 6771 ft: 25683 corp: 1762/266Kb lim: 1596 exec/s: 10981 rss: 498Mb L: 24/1596 MS: 2 ChangeByte-EraseBytes-
#76918	NEW    cov: 6771 ft: 25690 corp: 1763/266Kb lim: 1596 exec/s: 10988 rss: 498Mb L: 43/1596 MS: 1 EraseBytes-
#76929	NEW    cov: 6771 ft: 25699 corp: 1764/267Kb lim: 1596 exec/s: 10989 rss: 498Mb L: 1596/1596 MS: 1 CopyPart-
#76985	NEW    cov: 6771 ft: 25706 corp: 1765/267Kb lim: 1596 exec/s: 10997 rss: 498Mb L: 60/1596 MS: 1 PersAutoDict- DE: "9223372036854775807"-
#77071	REDUCE cov: 6771 ft: 25706 corp: 1765/267Kb lim: 1596 exec/s: 11010 rss: 498Mb L: 17/1596 MS: 1 EraseBytes-
#77123	REDUCE cov: 6771 ft: 25706 corp: 1765/267Kb lim: 1596 exec/s: 11017 rss: 498Mb L: 103/1596 MS: 2 PersAutoDict-EraseBytes- DE: "2024-01-011.5:00:00Z"-
#77144	NEW    cov: 6776 ft: 25711 corp: 1766/268Kb lim: 1596 exec/s: 11020 rss: 498Mb L: 260/1596 MS: 1 InsertRepeatedBytes-
#77145	REDUCE cov: 6776 ft: 25711 corp: 1766/267Kb lim: 1596 exec/s: 11020 rss: 498Mb L: 360/1596 MS: 1 EraseBytes-
#77176	NEW    cov: 6776 ft: 25712 corp: 1767/267Kb lim: 1596 exec/s: 11025 rss: 498Mb L: 19/1596 MS: 1 ChangeBit-
#77262	NEW    cov: 6776 ft: 25713 corp: 1768/268Kb lim: 1596 exec/s: 11037 rss: 498Mb L: 28/1596 MS: 1 ManualDict- DE: "\\ud83d"-
#77293	REDUCE cov: 6776 ft: 25713 corp: 1768/268Kb lim: 1596 exec/s: 11041 rss: 498Mb L: 92/1596 MS: 1 EraseBytes-
#77339	NEW    cov: 6776 ft: 25722 corp: 1769/268Kb lim: 1596 exec/s: 11048 rss: 499Mb L: 46/1596 MS: 1 ChangeByte-
#77378	REDUCE cov: 6776 ft: 25722 corp: 1769/267Kb lim: 1596 exec/s: 11054 rss: 499Mb L: 450/1596 MS: 4 ShuffleBytes-ChangeByte-ChangeBinInt-EraseBytes-
#77524	NEW    cov: 6776 ft: 25723 corp: 1770/267Kb lim: 1596 exec/s: 11074 rss: 499Mb L: 20/1596 MS: 1 EraseBytes-
#77541	NEW    cov: 6776 ft: 25724 corp: 1771/267Kb lim: 1596 exec/s: 11077 rss: 499Mb L: 272/1596 MS: 2 CMP-InsertRepeatedBytes- DE: "k57"-
#77563	REDUCE cov: 6776 ft: 25724 corp: 1771/267Kb lim: 1596 exec/s: 11080 rss: 499Mb L: 96/1596 MS: 2 ChangeByte-EraseBytes-
#77609	NEW    cov: 6776 ft: 25726 corp: 1772/268Kb lim: 1596 exec/s: 11087 rss: 499Mb L: 50/1596 MS: 1 CrossOver-
#77615	REDUCE cov: 6776 ft: 25726 corp: 1772/268Kb lim: 1596 exec/s: 11087 rss: 499Mb L: 103/1596 MS: 1 EraseBytes-
#77653	REDUCE cov: 6776 ft: 25728 corp: 1773/268Kb lim: 1596 exec/s: 11093 rss: 499Mb L: 109/1596 MS: 3 InsertRepeatedBytes-ShuffleBytes-CrossOver-
#77675	REDUCE cov: 6776 ft: 25728 corp: 1773/268Kb lim: 1596 exec/s: 11096 rss: 499Mb L: 104/1596 MS: 2 ChangeASCIIInt-EraseBytes-
#77702	NEW    cov: 6776 ft: 25729 corp: 1774/268Kb lim: 1596 exec/s: 11100 rss: 499Mb L: 95/1596 MS: 2 ChangeBit-ChangeByte-
#77730	REDUCE cov: 6776 ft: 25730 corp: 1775/268Kb lim: 1596 exec/s: 11104 rss: 499Mb L: 98/1596 MS: 3 CrossOver-PersAutoDict-EraseBytes- DE: "n2u"-
#77741	NEW    cov: 6776 ft: 25737 corp: 1776/268Kb lim: 1596 exec/s: 11105 rss: 499Mb L: 89/1596 MS: 1 ChangeBit-
#77789	NEW    cov: 6776 ft: 25738 corp: 1777/268Kb lim: 1596 exec/s: 11112 rss: 499Mb L: 53/1596 MS: 3 ShuffleBytes-ManualDict-EraseBytes- DE: "\346\227\245"-
#77821	REDUCE cov: 6776 ft: 25738 corp: 1777/268Kb lim: 1596 exec/s: 11117 rss: 499Mb L: 40/1596 MS: 2 CopyPart-EraseBytes-
#77870	REDUCE cov: 6776 ft: 25738 corp: 1777/268Kb lim: 1596 exec/s: 11124 rss: 499Mb L: 1061/1596 MS: 4 InsertRepeatedBytes-InsertByte-CMP-EraseBytes- DE: "\001\000\374?\250\347t\356"-
#77871	REDUCE cov: 6776 ft: 25741 corp: 1778/268Kb lim: 1596 exec/s: 11124 rss: 499Mb L: 21/1596 MS: 1 CMP- DE: "k48"-
#77875	REDUCE cov: 6776 ft: 25748 corp: 1779/268Kb lim: 1596 exec/s: 11125 rss: 500Mb L: 34/1596 MS: 4 CrossOver-ChangeASCIIInt-ManualDict-CrossOver- DE: "null"-
#77886	NEW    cov: 6777 ft: 25749 corp: 1780/268Kb lim: 1596 exec/s: 11126 rss: 500Mb L: 120/1596 MS: 1 EraseBytes-
#77904	REDUCE cov: 6777 ft: 25749 corp: 1780/268Kb lim: 1596 exec/s: 11129 rss: 500Mb L: 105/1596 MS: 3 CopyPart-ShuffleBytes-EraseBytes-
#77966	REDUCE cov: 6777 ft: 25749 corp: 1780/268Kb lim: 1596 exec/s: 11138 rss: 500Mb L: 120/1596 MS: 2 CMP-EraseBytes- DE: "\001\000\375\177\251/V\003"-
#77992	NEW    cov: 6777 ft: 25754 corp: 1781/268Kb lim: 1596 exec/s: 11141 rss: 500Mb L: 84/1596 MS: 1 ShuffleBytes-
#78039	REDUCE cov: 6777 ft: 25754 corp: 1781/268Kb lim: 1596 exec/s: 11148 rss: 500Mb L: 31/1596 MS: 2 ShuffleBytes-EraseBytes-
#78046	NEW    cov: 6777 ft: 25756 corp: 1782/268Kb lim: 1596 exec/s: 11149 rss: 500Mb L: 30/1596 MS: 2 EraseBytes-InsertByte-
#78127	REDUCE cov: 6777 ft: 25756 corp: 1782/268Kb lim: 1596 exec/s: 11161 rss: 500Mb L: 60/1596 MS: 1 EraseBytes-
#78200	NEW    cov: 6784 ft: 25763 corp: 1783/268Kb lim: 1596 exec/s: 11171 rss: 500Mb L: 27/1596 MS: 3 ShuffleBytes-InsertByte-ManualDict- DE: "\\\""-
#78212	NEW    cov: 6784 ft: 25765 corp: 1784/268Kb lim: 1596 exec/s: 11173 rss: 500Mb L: 54/1596 MS: 2 ChangeBinInt-CopyPart-
#78255	REDUCE cov: 6784 ft: 25765 corp: 1784/268Kb lim: 1596 exec/s: 11179 rss: 500Mb L: 98/1596 MS: 3 ChangeBit-ChangeASCIIInt-EraseBytes-
#78311	REDUCE cov: 6784 ft: 25765 corp: 1784/268Kb lim: 1596 exec/s: 11187 rss: 500Mb L: 8/1596 MS: 1 EraseBytes-
#78344	REDUCE cov: 6784 ft: 25765 corp: 1784/268Kb lim: 1596 exec/s: 11192 rss: 500Mb L: 76/1596 MS: 3 ChangeByte-InsertByte-EraseBytes-
#78457	NEW    cov: 6784 ft: 25770 corp: 1785/268Kb lim: 1596 exec/s: 11208 rss: 500Mb L: 58/1596 MS: 3 ChangeASCIIInt-CrossOver-CMP- DE: "19"-
#78464	REDUCE cov: 6784 ft: 25770 corp: 1785/268Kb lim: 1596 exec/s: 11209 rss: 500Mb L: 14/1596 MS: 2 ChangeByte-EraseBytes-
#78559	REDUCE cov: 6784 ft: 25770 corp: 1785/268Kb lim: 1596 exec/s: 11222 rss: 500Mb L: 1278/1596 MS: 5 ChangeBinInt-ChangeBit-ShuffleBytes-ChangeASCIIInt-EraseBytes-
#78797	REDUCE cov: 6784 ft: 25770 corp: 1785/268Kb lim: 1596 exec/s: 11256 rss: 500Mb L: 49/1596 MS: 3 CopyPart-CMP-EraseBytes- DE: "\001\000\000\000\000\000\000\000"-
#78807	REDUCE cov: 6784 ft: 25770 corp: 1785/268Kb lim: 1596 exec/s: 11258 rss: 500Mb L: 188/1596 MS: 5 InsertByte-InsertRepeatedBytes-ChangeASCIIInt-ShuffleBytes-EraseBytes-
#78928	REDUCE cov: 6784 ft: 25770 corp: 1785/268Kb lim: 1596 exec/s: 11275 rss: 501Mb L: 17/1596 MS: 1 EraseBytes-
#79003	NEW    cov: 6784 ft: 25773 corp: 1786/268Kb lim: 1596 exec/s: 11286 rss: 501Mb L: 298/1596 MS: 5 ChangeBinInt-InsertByte-InsertRepeatedBytes-InsertRepeatedBytes-CrossOver-
#79025	REDUCE cov: 6784 ft: 25773 corp: 1786/267Kb lim: 1596 exec/s: 11289 rss: 501Mb L: 806/1596 MS: 2 CopyPart-EraseBytes-
#79121	NEW    cov: 6784 ft: 25774 corp: 1787/267Kb lim: 1596 exec/s: 11303 rss: 501Mb L: 49/1596 MS: 1 InsertRepeatedBytes-
#79150	NEW    cov: 6784 ft: 25775 corp: 1788/267Kb lim: 1596 exec/s: 11307 rss: 501Mb L: 15/1596 MS: 4 ChangeASCIIInt-ChangeASCIIInt-CrossOver-CopyPart-
#79158	NEW    cov: 6784 ft: 25778 corp: 1789/267Kb lim: 1596 exec/s: 11308 rss: 501Mb L: 39/1596 MS: 3 InsertByte-ChangeASCIIInt-CopyPart-
#79159	NEW    cov: 6791 ft: 25805 corp: 1790/267Kb lim: 1596 exec/s: 11308 rss: 501Mb L: 27/1596 MS: 1 InsertRepeatedBytes-
#79281	REDUCE cov: 6791 ft: 25805 corp: 1790/267Kb lim: 1596 exec/s: 11325 rss: 501Mb L: 108/1596 MS: 2 InsertByte-EraseBytes-
#79382	REDUCE cov: 6791 ft: 25805 corp: 1790/267Kb lim: 1596 exec/s: 11340 rss: 501Mb L: 88/1596 MS: 1 EraseBytes-
#79453	REDUCE cov: 6791 ft: 25805 corp: 1790/267Kb lim: 1596 exec/s: 11350 rss: 501Mb L: 229/1596 MS: 1 EraseBytes-
#79535	REDUCE cov: 6791 ft: 25805 corp: 1790/267Kb lim: 1596 exec/s: 11362 rss: 501Mb L: 40/1596 MS: 2 PersAutoDict-EraseBytes- DE: "007"-
#79581	REDUCE cov: 6791 ft: 25805 corp: 1790/267Kb lim: 1596 exec/s: 11368 rss: 501Mb L: 90/1596 MS: 1 EraseBytes-
#79688	NEW    cov: 6791 ft: 25806 corp: 1791/267Kb lim: 1596 exec/s: 11384 rss: 502Mb L: 53/1596 MS: 2 ChangeASCIIInt-EraseBytes-
#79694	REDUCE cov: 6791 ft: 25808 corp: 1792/267Kb lim: 1596 exec/s: 11384 rss: 502Mb L: 106/1596 MS: 1 CopyPart-
#79740	REDUCE cov: 6791 ft: 25808 corp: 1792/267Kb lim: 1596 exec/s: 11391 rss: 502Mb L: 226/1596 MS: 1 EraseBytes-
#79767	NEW    cov: 6791 ft: 25810 corp: 1793/267Kb lim: 1596 exec/s: 11395 rss: 502Mb L: 31/1596 MS: 2 ManualDict-ManualDict- DE: "-9223372036854775808"-"{}"-
#79797	REDUCE cov: 6791 ft: 25810 corp: 1793/267Kb lim: 1596 exec/s: 11399 rss: 502Mb L: 217/1596 MS: 5 PersAutoDict-InsertByte-ChangeByte-ChangeByte-EraseBytes- DE: "updat]dAt"-
#79898	REDUCE cov: 6791 ft: 25810 corp: 1793/267Kb lim: 1596 exec/s: 11414 rss: 502Mb L: 6/1596 MS: 1 EraseBytes-
#79996	REDUCE cov: 6791 ft: 25810 corp: 1793/267Kb lim: 1596 exec/s: 11428 rss: 502Mb L: 896/1596 MS: 3 ManualDict-PersAutoDict-EraseBytes- DE: "-9223372036854775808"-"\036"-
#80114	REDUCE cov: 6791 ft: 25810 corp: 1793/267Kb lim: 1596 exec/s: 11444 rss: 502Mb L: 469/1596 MS: 3 ChangeASCIIInt-ManualDict-EraseBytes- DE: "-9223372036854775808"-
#80224	NEW    cov: 6791 ft: 25811 corp: 1794/267Kb lim: 1596 exec/s: 11460 rss: 502Mb L: 67/1596 MS: 5 ChangeByte-ChangeASCIIInt-ChangeASCIIInt-ChangeByte-EraseBytes-
#80288	REDUCE cov: 6791 ft: 25811 corp: 1794/267Kb lim: 1596 exec/s: 11469 rss: 502Mb L: 109/1596 MS: 4 ShuffleBytes-ChangeBit-ShuffleBytes-EraseBytes-
#80309	NEW    cov: 6791 ft: 25812 corp: 1795/267Kb lim: 1596 exec/s: 11472 rss: 502Mb L: 101/1596 MS: 1 CMP- DE: "k6"-
#80363	REDUCE cov: 6791 ft: 25812 corp: 1795/267Kb lim: 1596 exec/s: 11480 rss: 503Mb L: 53/1596 MS: 4 InsertByte-CMP-ChangeBit-EraseBytes- DE: "\201\200\200\360"-
#80369	NEW    cov: 6791 ft: 25817 corp: 1796/267Kb lim: 1596 exec/s: 11481 rss: 503Mb L: 96/1596 MS: 1 CrossOver-
#80427	NEW    cov: 6791 ft: 25822 corp: 1797/267Kb lim: 1596 exec/s: 11489 rss: 503Mb L: 225/1596 MS: 3 ChangeBinInt-ChangeBit-PersAutoDict- DE: "\377j\"\205"-
#80443	NEW    cov: 6791 ft: 25825 corp: 1798/267Kb lim: 1596 exec/s: 11491 rss: 503Mb L: 17/1596 MS: 1 CopyPart-
#80475	REDUCE cov: 6791 ft: 25825 corp: 1798/267Kb lim: 1596 exec/s: 11496 rss: 503Mb L: 26/1596 MS: 2 ChangeBinInt-EraseBytes-
#80486	NEW    cov: 6791 ft: 25830 corp: 1799/267Kb lim: 1596 exec/s: 11498 rss: 503Mb L: 55/1596 MS: 1 InsertByte-
#80497	REDUCE cov: 6791 ft: 25830 corp: 1799/267Kb lim: 1596 exec/s: 11499 rss: 503Mb L: 32/1596 MS: 1 EraseBytes-
#80585	NEW    cov: 6791 ft: 25831 corp: 1800/267Kb lim: 1596 exec/s: 11512 rss: 503Mb L: 57/1596 MS: 3 ChangeByte-CopyPart-ChangeByte-
#80756	REDUCE cov: 6791 ft: 25832 corp: 1801/267Kb lim: 1596 exec/s: 11536 rss: 503Mb L: 84/1596 MS: 1 CMP- DE: "K\246\223\251\017\375\000\000"-
#80834	NEW    cov: 6791 ft: 25854 corp: 1802/267Kb lim: 1596 exec/s: 11547 rss: 503Mb L: 197/1596 MS: 3 ChangeBinInt-ChangeBinInt-ManualDict- DE: "\"updatedAt\":"-
#80890	NEW    cov: 6791 ft: 25855 corp: 1803/267Kb lim: 1596 exec/s: 11555 rss: 503Mb L: 29/1596 MS: 1 ChangeByte-
#80943	REDUCE cov: 6791 ft: 25855 corp: 1803/267Kb lim: 1596 exec/s: 11563 rss: 504Mb L: 771/1596 MS: 3 CrossOver-ManualDict-EraseBytes- DE: "{"-
#81004	NEW    cov: 6791 ft: 25862 corp: 1804/267Kb lim: 1596 exec/s: 11572 rss: 504Mb L: 20/1596 MS: 1 ChangeBinInt-
#81059	REDUCE cov: 6791 ft: 25862 corp: 1804/267Kb lim: 1596 exec/s: 11579 rss: 504Mb L: 36/1596 MS: 5 InsertByte-CMP-ChangeBinInt-ManualDict-EraseBytes- DE: "\001\000\000\000\000\000\000\000"-"\\n"-
#81085	REDUCE cov: 6791 ft: 25863 corp: 1805/267Kb lim: 1596 exec/s: 11583 rss: 504Mb L: 41/1596 MS: 1 EraseBytes-
#81096	NEW    cov: 6792 ft: 25864 corp: 1806/267Kb lim: 1596 exec/s: 11585 rss: 504Mb L: 36/1596 MS: 1 PersAutoDict- DE: "\\ud83d\\ude00"-
#81115	REDUCE cov: 6792 ft: 25864 corp: 1806/267Kb lim: 1596 exec/s: 11587 rss: 504Mb L: 70/1596 MS: 4 ChangeBit-CopyPart-ChangeASCIIInt-EraseBytes-
#81144	NEW    cov: 6792 ft: 25865 corp: 1807/268Kb lim: 1596 exec/s: 11592 rss: 504Mb L: 1139/1596 MS: 4 ShuffleBytes-ChangeByte-EraseBytes-CrossOver-
#81270	NEW    cov: 6792 ft: 25866 corp: 1808/268Kb lim: 1596 exec/s: 11610 rss: 504Mb L: 92/1596 MS: 1 CrossOver-
#81357	REDUCE cov: 6792 ft: 25866 corp: 1808/268Kb lim: 1596 exec/s: 11622 rss: 504Mb L: 20/1596 MS: 2 ChangeBit-EraseBytes-
#81393	REDUCE cov: 6792 ft: 25866 corp: 1808/268Kb lim: 1596 exec/s: 11627 rss: 504Mb L: 87/1596 MS: 1 EraseBytes-
#81394	REDUCE cov: 6792 ft: 25866 corp: 1808/268Kb lim: 1596 exec/s: 11627 rss: 504Mb L: 81/1596 MS: 1 EraseBytes-
#81430	REDUCE cov: 6792 ft: 25866 corp: 1808/268Kb lim: 1596 exec/s: 11632 rss: 504Mb L: 44/1596 MS: 1 EraseBytes-
#81481	NEW    cov: 6792 ft: 25869 corp: 1809/268Kb lim: 1596 exec/s: 11640 rss: 504Mb L: 21/1596 MS: 1 ShuffleBytes-
#81482	REDUCE cov: 6792 ft: 25869 corp: 1809/268Kb lim: 1596 exec/s: 11640 rss: 504Mb L: 85/1596 MS: 1 EraseBytes-
#81504	REDUCE cov: 6792 ft: 25897 corp: 1810/269Kb lim: 1596 exec/s: 11643 rss: 504Mb L: 179/1596 MS: 2 InsertRepeatedBytes-CrossOver-
#81554	REDUCE cov: 6792 ft: 25897 corp: 1810/269Kb lim: 1596 exec/s: 11650 rss: 504Mb L: 98/1596 MS: 5 ManualDict-ShuffleBytes-CrossOver-ChangeByte-EraseBytes- DE: "1700000000"-
#81625	NEW    cov: 6792 ft: 25903 corp: 1811/269Kb lim: 1596 exec/s: 11660 rss: 504Mb L: 897/1596 MS: 1 ManualDict- DE: "\\\\"-
#81661	REDUCE cov: 6792 ft: 25903 corp: 1811/269Kb lim: 1596 exec/s: 11665 rss: 504Mb L: 37/1596 MS: 1 EraseBytes-
#81735	NEW    cov: 6792 ft: 25904 corp: 1812/270Kb lim: 1596 exec/s: 11676 rss: 505Mb L: 134/1596 MS: 4 InsertByte-CrossOver-CrossOver-EraseBytes-
#81803	REDUCE cov: 6792 ft: 25904 corp: 1812/269Kb lim: 1596 exec/s: 11686 rss: 505Mb L: 69/1596 MS: 3 ChangeBit-ChangeASCIIInt-EraseBytes-
#81822	REDUCE cov: 6792 ft: 25904 corp: 1812/269Kb lim: 1596 exec/s: 11688 rss: 505Mb L: 64/1596 MS: 4 ShuffleBytes-InsertByte-ShuffleBytes-CrossOver-
#81828	REDUCE cov: 6792 ft: 25904 corp: 1812/269Kb lim: 1596 exec/s: 11689 rss: 505Mb L: 104/1596 MS: 1 EraseBytes-
#81921	REDUCE cov: 6792 ft: 25904 corp: 1812/269Kb lim: 1596 exec/s: 11703 rss: 505Mb L: 159/1596 MS: 3 InsertByte-ShuffleBytes-EraseBytes-
#81952	NEW    cov: 6792 ft: 25905 corp: 1813/270Kb lim: 1596 exec/s: 11707 rss: 505Mb L: 139/1596 MS: 1 CopyPart-
#81961	REDUCE cov: 6792 ft: 25905 corp: 1813/270Kb lim: 1596 exec/s: 11708 rss: 505Mb L: 39/1596 MS: 4 ChangeBit-ChangeBinInt-ChangeBinInt-EraseBytes-
#81977	REDUCE cov: 6792 ft: 25909 corp: 1814/270Kb lim: 1596 exec/s: 11711 rss: 505Mb L: 85/1596 MS: 1 CopyPart-
#82035	REDUCE cov: 6792 ft: 25909 corp: 1814/270Kb lim: 1596 exec/s: 11719 rss: 505Mb L: 281/1596 MS: 3 ChangeASCIIInt-PersAutoDict-EraseBytes- DE: "}"-
#82097	REDUCE cov: 6794 ft: 25911 corp: 1815/270Kb lim: 1596 exec/s: 11728 rss: 505Mb L: 89/1596 MS: 2 PersAutoDict-ManualDict- DE: "id"-"9223372036854775807"-
#82118	REDUCE cov: 6794 ft: 25911 corp: 1815/270Kb lim: 1596 exec/s: 11731 rss: 505Mb L: 42/1596 MS: 1 EraseBytes-
#82191	REDUCE cov: 6794 ft: 25911 corp: 1815/270Kb lim: 1596 exec/s: 11741 rss: 505Mb L: 15/1596 MS: 3 ShuffleBytes-ChangeBinInt-EraseBytes-
#82381	REDUCE cov: 6794 ft: 25911 corp: 1815/270Kb lim: 1596 exec/s: 11768 rss: 505Mb L: 183/1596 MS: 5 PersAutoDict-InsertByte-ChangeBit-PersAutoDict-EraseBytes- DE: "[{\"id\":1,\"updatedAt\":2},{\"id\":2,\"updatedAt\":3}]"-"a\345R\330\252\252\000\000"-
#82537	REDUCE cov: 6794 ft: 25911 corp: 1815/270Kb lim: 1596 exec/s: 11791 rss: 505Mb L: 51/1596 MS: 1 EraseBytes-
#82583	REDUCE cov: 6794 ft: 25911 corp: 1815/269Kb lim: 1596 exec/s: 11797 rss: 505Mb L: 1104/1596 MS: 1 EraseBytes-
#82621	NEW    cov: 6794 ft: 25918 corp: 1816/269Kb lim: 1596 exec/s: 11803 rss: 505Mb L: 224/1596 MS: 3 CMP-CMP-InsertRepeatedBytes- DE: "\021\000\000\000\000\000\000\000"-"\377\377\377\377\377\377\377\377"-
#82628	REDUCE cov: 6794 ft: 25918 corp: 1816/269Kb lim: 1596 exec/s: 11804 rss: 505Mb L: 34/1596 MS: 2 PersAutoDict-EraseBytes- DE: "k57"-
#82632	REDUCE cov: 6794 ft: 25918 corp: 1816/269Kb lim: 1596 exec/s: 11804 rss: 505Mb L: 77/1596 MS: 4 InsertByte-ShuffleBytes-InsertByte-EraseBytes-
#82653	NEW    cov: 6794 ft: 25932 corp: 1817/269Kb lim: 1596 exec/s: 11807 rss: 505Mb L: 22/1596 MS: 1 CMP- DE: "18"-
#82685	REDUCE cov: 6794 ft: 25946 corp: 1818/269Kb lim: 1596 exec/s: 11812 rss: 505Mb L: 227/1596 MS: 2 PersAutoDict-PersAutoDict- DE: "\004\000\000\000"-"\021\000\000\000\000\000\000\000"-
#82708	REDUCE cov: 6794 ft: 25946 corp: 1818/269Kb lim: 1596 exec/s: 11815 rss: 505Mb L: 63/1596 MS: 3 ChangeBit-InsertByte-EraseBytes-
#82755	REDUCE cov: 6794 ft: 25946 corp: 1818/269Kb lim: 1596 exec/s: 11822 rss: 506Mb L: 94/1596 MS: 2 ChangeASCIIInt-EraseBytes-
#82782	REDUCE cov: 6794 ft: 25946 corp: 1818/269Kb lim: 1596 exec/s: 11826 rss: 506Mb L: 104/1596 MS: 2 PersAutoDict-EraseBytes- DE: "null"-
#82797	REDUCE cov: 6794 ft: 25946 corp: 1818/269Kb lim: 1596 exec/s: 11828 rss: 506Mb L: 111/1596 MS: 5 PersAutoDict-InsertByte-InsertRepeatedBytes-PersAutoDict-EraseBytes- DE: ":"-"\370\300\300\300"-
#82866	NEW    cov: 6794 ft: 25947 corp: 1819/270Kb lim: 1596 exec/s: 11838 rss: 506Mb L: 93/1596 MS: 4 ChangeBit-ShuffleBytes-ChangeByte-EraseBytes-
#82956	REDUCE cov: 6794 ft: 25948 corp: 1820/270Kb lim: 1596 exec/s: 11850 rss: 506Mb L: 70/1596 MS: 5 CopyPart-ChangeASCIIInt-PersAutoDict-ChangeBinInt-ChangeBit- DE: "2024-01-011.5:00:00Z"-
#83062	REDUCE cov: 6794 ft: 25948 corp: 1820/270Kb lim: 1596 exec/s: 11866 rss: 506Mb L: 7/1596 MS: 1 EraseBytes-
#83085	REDUCE cov: 6794 ft: 25948 corp: 1820/270Kb lim: 1596 exec/s: 11869 rss: 506Mb L: 178/1596 MS: 3 PersAutoDict-CopyPart-EraseBytes- DE: "k7"-
#83187	REDUCE cov: 6794 ft: 25948 corp: 1820/270Kb lim: 1596 exec/s: 11883 rss: 506Mb L: 9/1596 MS: 2 ShuffleBytes-EraseBytes-
#83189	REDUCE cov: 6794 ft: 25948 corp: 1820/270Kb lim: 1596 exec/s: 11884 rss: 506Mb L: 297/1596 MS: 2 PersAutoDict-EraseBytes- DE: "\001\004"-
#83244	REDUCE cov: 6794 ft: 25948 corp: 1820/270Kb lim: 1596 exec/s: 11892 rss: 506Mb L: 44/1596 MS: 5 CopyPart-ChangeASCIIInt-ShuffleBytes-ChangeBit-EraseBytes-
#83250	REDUCE cov: 6794 ft: 25948 corp: 1820/269Kb lim: 1596 exec/s: 11892 rss: 506Mb L: 135/1596 MS: 1 EraseBytes-
#83328	REDUCE cov: 6794 ft: 25951 corp: 1821/270Kb lim: 1596 exec/s: 11904 rss: 506Mb L: 58/1596 MS: 3 ShuffleBytes-PersAutoDict-CMP- DE: "30"-"\025\336R\330\252\252\000\000"-
#83349	REDUCE cov: 6794 ft: 25951 corp: 1821/270Kb lim: 1596 exec/s: 11907 rss: 506Mb L: 17/1596 MS: 1 EraseBytes-
#83365	REDUCE cov: 6794 ft: 25951 corp: 1821/270Kb lim: 1596 exec/s: 11909 rss: 506Mb L: 248/1596 MS: 1 EraseBytes-
#83372	NEW    cov: 6795 ft: 25952 corp: 1822/270Kb lim: 1596 exec/s: 11910 rss: 506Mb L: 41/1596 MS: 2 PersAutoDict-ManualDict- DE: "\000\000\374_\250\317\210&"-"\\ud83d"-
#83416	NEW    cov: 6802 ft: 25959 corp: 1823/270Kb lim: 1596 exec/s: 11916 rss: 506Mb L: 297/1596 MS: 4 ShuffleBytes-CMP-ChangeBinInt-EraseBytes- DE: "id"-
#83457	NEW    cov: 6803 ft: 25960 corp: 1824/270Kb lim: 1596 exec/s: 11922 rss: 506Mb L: 216/1596 MS: 1 CopyPart-
#83458	REDUCE cov: 6803 ft: 25960 corp: 1824/270Kb lim: 1596 exec/s: 11922 rss: 506Mb L: 48/1596 MS: 1 EraseBytes-
#83558	REDUCE cov: 6803 ft: 25960 corp: 1824/270Kb lim: 1596 exec/s: 11936 rss: 506Mb L: 47/1596 MS: 5 ChangeASCIIInt-ChangeBit-ChangeASCIIInt-ShuffleBytes-EraseBytes-
#83679	NEW    cov: 6845 ft: 26064 corp: 1825/270Kb lim: 1596 exec/s: 11954 rss: 506Mb L: 113/1596 MS: 1 EraseBytes-
#83690	REDUCE cov: 6845 ft: 26066 corp: 1826/270Kb lim: 1596 exec/s: 11955 rss: 507Mb L: 138/1596 MS: 1 PersAutoDict- DE: "1700000000"-
#83746	NEW    cov: 6845 ft: 26099 corp: 1827/270Kb lim: 1596 exec/s: 11963 rss: 507Mb L: 69/1596 MS: 1 EraseBytes-
#83883	REDUCE cov: 6845 ft: 26108 corp: 1828/270Kb lim: 1596 exec/s: 11983 rss: 507Mb L: 56/1596 MS: 2 ChangeASCIIInt-ManualDict- DE: "1700000000000"-
#83944	NEW    cov: 6845 ft: 26115 corp: 1829/271Kb lim: 1596 exec/s: 11992 rss: 507Mb L: 242/1596 MS: 1 CopyPart-
#84125	REDUCE cov: 6845 ft: 26119 corp: 1830/271Kb lim: 1596 exec/s: 12017 rss: 507Mb L: 90/1596 MS: 1 PersAutoDict- DE: "true"-
#84133	REDUCE cov: 6845 ft: 26119 corp: 1830/271Kb lim: 1596 exec/s: 12019 rss: 507Mb L: 39/1596 MS: 3 ChangeASCIIInt-ManualDict-EraseBytes- DE: "\"uuid\":"-
#84139	NEW    cov: 6845 ft: 26128 corp: 1831/271Kb lim: 1596 exec/s: 12019 rss: 507Mb L: 39/1596 MS: 1 ChangeBinInt-
#84274	NEW    cov: 6845 ft: 26135 corp: 1832/271Kb lim: 1596 exec/s: 12039 rss: 508Mb L: 135/1596 MS: 5 InsertRepeatedBytes-ChangeBinInt-CMP-PersAutoDict-CMP- DE: "\001\000\374_\250\353\305W"-"nu"-"[]eatedAt"-
#84350	NEW    cov: 6845 ft: 26136 corp: 1833/271Kb lim: 1596 exec/s: 12050 rss: 508Mb L: 66/1596 MS: 1 ChangeBinInt-
#84367	NEW    cov: 6845 ft: 26138 corp: 1834/271Kb lim: 1596 exec/s: 12052 rss: 508Mb L: 20/1596 MS: 2 ChangeBinInt-ManualDict- DE: "1e309"-
#84373	REDUCE cov: 6845 ft: 26138 corp: 1834/271Kb lim: 1596 exec/s: 12053 rss: 508Mb L: 135/1596 MS: 1 EraseBytes-
#84430	NEW    cov: 6845 ft: 26153 corp: 1835/271Kb lim: 1596 exec/s: 12061 rss: 508Mb L: 39/1596 MS: 2 PersAutoDict-ChangeBit- DE: "\361\200\200\200"-
#84440	REDUCE cov: 6845 ft: 26153 corp: 1835/271Kb lim: 1596 exec/s: 12062 rss: 508Mb L: 64/1596 MS: 5 PersAutoDict-ChangeASCIIInt-InsertByte-CrossOver-EraseBytes- DE: "]"-
#84446	REDUCE cov: 6845 ft: 26153 corp: 1835/271Kb lim: 1596 exec/s: 12063 rss: 508Mb L: 75/1596 MS: 1 EraseBytes-
#84640	REDUCE cov: 6845 ft: 26153 corp: 1835/271Kb lim: 1596 exec/s: 12091 rss: 508Mb L: 30/1596 MS: 4 ChangeBit-ChangeASCIIInt-CMP-EraseBytes- DE: "k57"-
#84647	REDUCE cov: 6845 ft: 26153 corp: 1835/271Kb lim: 1596 exec/s: 12092 rss: 508Mb L: 166/1596 MS: 2 ChangeBit-EraseBytes-
#84699	REDUCE cov: 6845 ft: 26154 corp: 1836/271Kb lim: 1596 exec/s: 12099 rss: 508Mb L: 148/1596 MS: 2 PersAutoDict-InsertRepeatedBytes- DE: "\344G\003\251?\374\000\000"-
#84811	REDUCE cov: 6845 ft: 26154 corp: 1836/271Kb lim: 1596 exec/s: 12115 rss: 508Mb L: 75/1596 MS: 2 PersAutoDict-EraseBytes- DE: "k63"-
#84852	REDUCE cov: 6845 ft: 26154 corp: 1836/271Kb lim: 1596 exec/s: 12121 rss: 508Mb L: 30/1596 MS: 1 EraseBytes-
#84868	NEW    cov: 6845 ft: 26157 corp: 1837/271Kb lim: 1596 exec/s: 12124 rss: 508Mb L: 92/1596 MS: 1 EraseBytes-
#84886	NEW    cov: 6849 ft: 26161 corp: 1838/272Kb lim: 1596 exec/s: 12126 rss: 508Mb L: 498/1596 MS: 3 ChangeASCIIInt-CopyPart-ChangeBit-
#85070	NEW    cov: 6850 ft: 26162 corp: 1839/272Kb lim: 1596 exec/s: 10633 rss: 509Mb L: 205/1596 MS: 4 InsertRepeatedBytes-ChangeBinInt-ChangeByte-ChangeBinInt-
#85076	REDUCE cov: 6851 ft: 26166 corp: 1840/272Kb lim: 1596 exec/s: 10634 rss: 509Mb L: 72/1596 MS: 1 CopyPart-
#85077	REDUCE cov: 6851 ft: 26166 corp: 1840/272Kb lim: 1596 exec/s: 10634 rss: 509Mb L: 68/1596 MS: 1 EraseBytes-
#85138	REDUCE cov: 6851 ft: 26166 corp: 1840/272Kb lim: 1596 exec/s: 10642 rss: 509Mb L: 92/1596 MS: 1 EraseBytes-
#85279	REDUCE cov: 6851 ft: 26166 corp: 1840/272Kb lim: 1596 exec/s: 10659 rss: 509Mb L: 138/1596 MS: 1 EraseBytes-
#85281	NEW    cov: 6851 ft: 26175 corp: 1841/272Kb lim: 1596 exec/s: 10660 rss: 509Mb L: 68/1596 MS: 2 InsertRepeatedBytes-EraseBytes-
#85342	NEW    cov: 6851 ft: 26178 corp: 1842/273Kb lim: 1596 exec/s: 10667 rss: 509Mb L: 896/1596 MS: 1 InsertByte-
#85373	NEW    cov: 6851 ft: 26192 corp: 1843/273Kb lim: 1596 exec/s: 10671 rss: 509Mb L: 89/1596 MS: 1 InsertRepeatedBytes-
#85389	NEW    cov: 6851 ft: 26193 corp: 1844/273Kb lim: 1596 exec/s: 10673 rss: 509Mb L: 128/1596 MS: 1 CrossOver-
#85435	NEW    cov: 6851 ft: 26196 corp: 1845/273Kb lim: 1596 exec/s: 10679 rss: 509Mb L: 87/1596 MS: 1 PersAutoDict- DE: "\021\000\000\000\000\000\000\000"-
#85466	REDUCE cov: 6851 ft: 26196 corp: 1845/273Kb lim: 1596 exec/s: 10683 rss: 509Mb L: 72/1596 MS: 1 EraseBytes-
#85614	REDUCE cov: 6851 ft: 26196 corp: 1845/273Kb lim: 1596 exec/s: 10701 rss: 509Mb L: 52/1596 MS: 3 ManualDict-CrossOver-EraseBytes- DE: "["-
#85635	REDUCE cov: 6851 ft: 26196 corp: 1845/273Kb lim: 1596 exec/s: 10704 rss: 509Mb L: 68/1596 MS: 1 EraseBytes-
#85821	NEW    cov: 6851 ft: 26197 corp: 1846/273Kb lim: 1596 exec/s: 10727 rss: 509Mb L: 40/1596 MS: 1 EraseBytes-
#85835	REDUCE cov: 6851 ft: 26197 corp: 1846/273Kb lim: 1596 exec/s: 10729 rss: 509Mb L: 168/1596 MS: 4 CrossOver-CMP-PersAutoDict-EraseBytes- DE: "i&"-"null"-
#85843	REDUCE cov: 6851 ft: 26197 corp: 1846/273Kb lim: 1596 exec/s: 10730 rss: 509Mb L: 518/1596 MS: 3 PersAutoDict-InsertRepeatedBytes-CrossOver- DE: "\370\300\300\300"-
#85863	REDUCE cov: 6851 ft: 26197 corp: 1846/273Kb lim: 1596 exec/s: 10732 rss: 509Mb L: 62/1596 MS: 5 ChangeASCIIInt-ChangeASCIIInt-CrossOver-PersAutoDict-EraseBytes- DE: "\003 \000\000"-
#85909	NEW    cov: 6851 ft: 26198 corp: 1847/273Kb lim: 1596 exec/s: 10738 rss: 509Mb L: 91/1596 MS: 1 EraseBytes-
#85915	REDUCE cov: 6851 ft: 26198 corp: 1847/273Kb lim: 1596 exec/s: 10739 rss: 509Mb L: 34/1596 MS: 1 EraseBytes-
#85964	REDUCE cov: 6851 ft: 26198 corp: 1847/273Kb lim: 1596 exec/s: 10745 rss: 510Mb L: 91/1596 MS: 4 ChangeByte-CopyPart-InsertRepeatedBytes-EraseBytes-
#85966	REDUCE cov: 6851 ft: 26198 corp: 1847/273Kb lim: 1596 exec/s: 10745 rss: 510Mb L: 45/1596 MS: 2 ChangeASCIIInt-EraseBytes-
#85970	NEW    cov: 6851 ft: 26205 corp: 1848/273Kb lim: 1596 exec/s: 10746 rss: 510Mb L: 34/1596 MS: 4 ChangeBit-CopyPart-PersAutoDict-EraseBytes- DE: "["-
#86003	REDUCE cov: 6851 ft: 26205 corp: 1848/273Kb lim: 1596 exec/s: 10750 rss: 510Mb L: 559/1596 MS: 3 CopyPart-ChangeByte-EraseBytes-
#86014	REDUCE cov: 6851 ft: 26205 corp: 1848/273Kb lim: 1596 exec/s: 10751 rss: 510Mb L: 19/1596 MS: 1 EraseBytes-
#86021	REDUCE cov: 6851 ft: 26205 corp: 1848/273Kb lim: 1596 exec/s: 10752 rss: 510Mb L: 58/1596 MS: 2 CMP-EraseBytes- DE: "\360\273\277\000"-
#86022	NEW    cov: 6853 ft: 26218 corp: 1849/273Kb lim: 1596 exec/s: 10752 rss: 510Mb L: 86/1596 MS: 1 ManualDict- DE: "-9223372036854775808"-
#86063	REDUCE cov: 6853 ft: 26218 corp: 1849/273Kb lim: 1596 exec/s: 10757 rss: 510Mb L: 66/1596 MS: 1 EraseBytes-
#86102	NEW    cov: 6853 ft: 26221 corp: 1850/273Kb lim: 1596 exec/s: 10762 rss: 510Mb L: 222/1596 MS: 4 InsertRepeatedBytes-ShuffleBytes-InsertByte-PersAutoDict- DE: "\001\000\374?\250\325j\036"-
#86141	REDUCE cov: 6853 ft: 26221 corp: 1850/273Kb lim: 1596 exec/s: 10767 rss: 510Mb L: 59/1596 MS: 4 CMP-ManualDict-ChangeBit-EraseBytes- DE: "\210\200\200\200"-"\"syncedAt\":"-
#86177	REDUCE cov: 6853 ft: 26221 corp: 1850/273Kb lim: 1596 exec/s: 10772 rss: 510Mb L: 24/1596 MS: 1 EraseBytes-
#86184	REDUCE cov: 6853 ft: 26221 corp: 1850/273Kb lim: 1596 exec/s: 10773 rss: 510Mb L: 130/1596 MS: 2 CopyPart-CrossOver-
#86210	REDUCE cov: 6853 ft: 26221 corp: 1850/273Kb lim: 1596 exec/s: 10776 rss: 510Mb L: 75/1596 MS: 1 EraseBytes-
#86217	NEW    cov: 6853 ft: 26228 corp: 1851/273Kb lim: 1596 exec/s: 10777 rss: 510Mb L: 36/1596 MS: 2 ChangeByte-ChangeBinInt-
#86259	NEW    cov: 6853 ft: 26229 corp: 1852/273Kb lim: 1596 exec/s: 10782 rss: 510Mb L: 174/1596 MS: 2 ShuffleBytes-PersAutoDict- DE: "1700000000000"-
#86310	REDUCE cov: 6853 ft: 26229 corp: 1852/273Kb lim: 1596 exec/s: 10788 rss: 510Mb L: 53/1596 MS: 1 EraseBytes-
#86311	REDUCE cov: 6853 ft: 26229 corp: 1852/273Kb lim: 1596 exec/s: 10788 rss: 510Mb L: 52/1596 MS: 1 EraseBytes-
#86340	NEW    cov: 6865 ft: 26241 corp: 1853/273Kb lim: 1596 exec/s: 10792 rss: 510Mb L: 86/1596 MS: 4 ChangeASCIIInt-ShuffleBytes-CMP-CopyPart- DE: "nu"-
#86351	REDUCE cov: 6865 ft: 26241 corp: 1853/273Kb lim: 1596 exec/s: 10793 rss: 510Mb L: 75/1596 MS: 1 EraseBytes-
#86380	REDUCE cov: 6865 ft: 26241 corp: 1853/273Kb lim: 1596 exec/s: 10797 rss: 510Mb L: 245/1596 MS: 4 ChangeBinInt-ChangeBinInt-CMP-EraseBytes- DE: "createdAt"-
#86391	REDUCE cov: 6865 ft: 26241 corp: 1853/273Kb lim: 1596 exec/s: 10798 rss: 510Mb L: 50/1596 MS: 1 EraseBytes-
#86430	REDUCE cov: 6865 ft: 26241 corp: 1853/273Kb lim: 1596 exec/s: 10803 rss: 510Mb L: 11/1596 MS: 4 ChangeBinInt-CMP-ChangeByte-EraseBytes- DE: "id"-
#86442	REDUCE cov: 6865 ft: 26241 corp: 1853/273Kb lim: 1596 exec/s: 10805 rss: 510Mb L: 56/1596 MS: 2 PersAutoDict-EraseBytes- DE: "\000\000\252\252\330R\335\300"-
#86543	NEW    cov: 6865 ft: 26244 corp: 1854/273Kb lim: 1596 exec/s: 10817 rss: 510Mb L: 63/1596 MS: 1 ChangeASCIIInt-
#86557	NEW    cov: 6865 ft: 26245 corp: 1855/273Kb lim: 1596 exec/s: 10819 rss: 510Mb L: 116/1596 MS: 4 CMP-ManualDict-InsertByte-ChangeBit- DE: "\377\011"-"null"-
#86644	REDUCE cov: 6865 ft: 26245 corp: 1855/273Kb lim: 1596 exec/s: 10830 rss: 511Mb L: 11/1596 MS: 2 CopyPart-EraseBytes-
#86664	REDUCE cov: 6865 ft: 26245 corp: 1855/273Kb lim: 1596 exec/s: 10833 rss: 511Mb L: 213/1596 MS: 5 ChangeByte-ShuffleBytes-InsertRepeatedBytes-CopyPart-EraseBytes-
#86667	REDUCE cov: 6865 ft: 26248 corp: 1856/273Kb lim: 1596 exec/s: 10833 rss: 511Mb L: 206/1596 MS: 3 ManualDict-EraseBytes-CopyPart- DE: "1700000000.5"-
#86685	REDUCE cov: 6865 ft: 26248 corp: 1856/273Kb lim: 1596 exec/s: 10835 rss: 511Mb L: 1262/1596 MS: 3 CMP-InsertByte-EraseBytes- DE: "\377\377\377\377\377\377\377\377"-
#86731	NEW    cov: 6865 ft: 26249 corp: 1857/273Kb lim: 1596 exec/s: 10841 rss: 511Mb L: 51/1596 MS: 1 CMP- DE: "\377\377\375\377"-
#86784	REDUCE cov: 6865 ft: 26249 corp: 1857/273Kb lim: 1596 exec/s: 10848 rss: 511Mb L: 59/1596 MS: 3 CrossOver-ChangeBinInt-EraseBytes-
#86826	REDUCE cov: 6865 ft: 26249 corp: 1857/273Kb lim: 1596 exec/s: 10853 rss: 511Mb L: 39/1596 MS: 2 ShuffleBytes-EraseBytes-
#86957	NEW    cov: 6865 ft: 26258 corp: 1858/273Kb lim: 1596 exec/s: 10869 rss: 511Mb L: 18/1596 MS: 1 CMP- DE: "id"-
#86959	NEW    cov: 6865 ft: 26260 corp: 1859/273Kb lim: 1596 exec/s: 10869 rss: 511Mb L: 71/1596 MS: 2 ChangeASCIIInt-ShuffleBytes-
#87088	NEW    cov: 6865 ft: 26265 corp: 1860/273Kb lim: 1596 exec/s: 10886 rss: 511Mb L: 71/1596 MS: 4 ChangeASCIIInt-ShuffleBytes-ShuffleBytes-CrossOver-
#87199	REDUCE cov: 6865 ft: 26265 corp: 1860/273Kb lim: 1596 exec/s: 10899 rss: 511Mb L: 691/1596 MS: 1 EraseBytes-
#87200	REDUCE cov: 6865 ft: 26265 corp: 1860/273Kb lim: 1596 exec/s: 10900 rss: 511Mb L: 55/1596 MS: 1 EraseBytes-
#87263	REDUCE cov: 6865 ft: 26265 corp: 1860/273Kb lim: 1596 exec/s: 10907 rss: 511Mb L: 122/1596 MS: 3 ManualDict-CMP-EraseBytes- DE: "-1"-"[1"-
#87266	NEW    cov: 6865 ft: 26269 corp: 1861/273Kb lim: 1596 exec/s: 10908 rss: 511Mb L: 338/1596 MS: 3 InsertByte-CrossOver-EraseBytes-
#87282	NEW    cov: 6865 ft: 26272 corp: 1862/273Kb lim: 1596 exec/s: 10910 rss: 511Mb L: 27/1596 MS: 1 EraseBytes-
#87308	REDUCE cov: 6865 ft: 26272 corp: 1862/273Kb lim: 1596 exec/s: 10913 rss: 511Mb L: 131/1596 MS: 1 EraseBytes-
#87394	NEW    cov: 6938 ft: 26345 corp: 1863/273Kb lim: 1596 exec/s: 10924 rss: 511Mb L: 29/1596 MS: 1 ManualDict- DE: "]"-
#87406	REDUCE cov: 6938 ft: 26345 corp: 1863/273Kb lim: 1596 exec/s: 10925 rss: 512Mb L: 89/1596 MS: 2 ShuffleBytes-EraseBytes-
#87427	NEW    cov: 6938 ft: 26391 corp: 1864/273Kb lim: 1596 exec/s: 10928 rss: 512Mb L: 78/1596 MS: 1 CopyPart-
#87434	REDUCE cov: 6938 ft: 26393 corp: 1865/273Kb lim: 1596 exec/s: 10929 rss: 512Mb L: 178/1596 MS: 2 ChangeASCIIInt-CrossOver-
#87631	REDUCE cov: 6944 ft: 26399 corp: 1866/273Kb lim: 1596 exec/s: 10953 rss: 512Mb L: 66/1596 MS: 2 ManualDict-ChangeBinInt- DE: "\"firstSeenAt\":"-
#87638	NEW    cov: 6944 ft: 26409 corp: 1867/273Kb lim: 1596 exec/s: 10954 rss: 512Mb L: 62/1596 MS: 2 PersAutoDict-CopyPart- DE: "updatedat"-
#87644	REDUCE cov: 6944 ft: 26418 corp: 1868/273Kb lim: 1596 exec/s: 10955 rss: 512Mb L: 40/1596 MS: 1 EraseBytes-
#87664	REDUCE cov: 6944 ft: 26419 corp: 1869/274Kb lim: 1596 exec/s: 10958 rss: 512Mb L: 281/1596 MS: 5 ChangeBit-CopyPart-CMP-InsertRepeatedBytes-ShuffleBytes- DE: "\214*\016\001"-
#87675	NEW    cov: 6944 ft: 26428 corp: 1870/274Kb lim: 1596 exec/s: 10959 rss: 512Mb L: 56/1596 MS: 1 EraseBytes-
#87686	NEW    cov: 6944 ft: 26433 corp: 1871/274Kb lim: 1596 exec/s: 10960 rss: 512Mb L: 27/1596 MS: 1 EraseBytes-
#87712	REDUCE cov: 6944 ft: 26433 corp: 1871/274Kb lim: 1596 exec/s: 10964 rss: 512Mb L: 66/1596 MS: 1 EraseBytes-
#87833	REDUCE cov: 6944 ft: 26433 corp: 1871/274Kb lim: 1596 exec/s: 10979 rss: 512Mb L: 327/1596 MS: 1 EraseBytes-
#87838	NEW    cov: 6944 ft: 26434 corp: 1872/274Kb lim: 1596 exec/s: 10979 rss: 512Mb L: 256/1596 MS: 5 CrossOver-EraseBytes-CopyPart-PersAutoDict-CrossOver- DE: "itemS"-
#87864	REDUCE cov: 6944 ft: 26434 corp: 1872/274Kb lim: 1596 exec/s: 10983 rss: 512Mb L: 25/1596 MS: 1 EraseBytes-
#87886	NEW    cov: 6944 ft: 26441 corp: 1873/274Kb lim: 1596 exec/s: 10985 rss: 512Mb L: 225/1596 MS: 2 ChangeASCIIInt-ChangeBinInt-
#87908	REDUCE cov: 6944 ft: 26441 corp: 1873/274Kb lim: 1596 exec/s: 10988 rss: 512Mb L: 51/1596 MS: 2 ShuffleBytes-EraseBytes-
#87969	NEW    cov: 6944 ft: 26447 corp: 1874/274Kb lim: 1596 exec/s: 10996 rss: 513Mb L: 29/1596 MS: 1 CrossOver-
#87971	REDUCE cov: 6944 ft: 26447 corp: 1874/274Kb lim: 1596 exec/s: 10996 rss: 513Mb L: 124/1596 MS: 2 ManualDict-EraseBytes- DE: "\\ud83d\\ude00"-
#88017	NEW    cov: 6944 ft: 26448 corp: 1875/275Kb lim: 1596 exec/s: 11002 rss: 513Mb L: 393/1596 MS: 1 InsertRepeatedBytes-
#88020	REDUCE cov: 6944 ft: 26448 corp: 1875/275Kb lim: 1596 exec/s: 11002 rss: 513Mb L: 29/1596 MS: 3 ChangeByte-ManualDict-EraseBytes- DE: "\"id\":1"-
#88082	REDUCE cov: 6944 ft: 26448 corp: 1875/274Kb lim: 1596 exec/s: 11010 rss: 513Mb L: 109/1596 MS: 2 ChangeBinInt-EraseBytes-
#88085	REDUCE cov: 6944 ft: 26449 corp: 1876/275Kb lim: 1596 exec/s: 11010 rss: 513Mb L: 165/1596 MS: 3 CopyPart-EraseBytes-CrossOver-
#88146	REDUCE cov: 6944 ft: 26449 corp: 1876/275Kb lim: 1596 exec/s: 11018 rss: 513Mb L: 10/1596 MS: 1 EraseBytes-
#88148	REDUCE cov: 6944 ft: 26449 corp: 1876/275Kb lim: 1596 exec/s: 11018 rss: 513Mb L: 18/1596 MS: 2 PersAutoDict-EraseBytes- DE: "\210\200\200\200"-
#88170	REDUCE cov: 6944 ft: 26449 corp: 1876/275Kb lim: 1596 exec/s: 11021 rss: 513Mb L: 28/1596 MS: 2 InsertRepeatedBytes-EraseBytes-
#88176	NEW    cov: 6944 ft: 26450 corp: 1877/275Kb lim: 1596 exec/s: 11022 rss: 513Mb L: 116/1596 MS: 1 InsertByte-
#88262	NEW    cov: 6947 ft: 26456 corp: 1878/275Kb lim: 1596 exec/s: 11032 rss: 513Mb L: 12/1596 MS: 1 CrossOver-
#88289	REDUCE cov: 6947 ft: 26456 corp: 1878/275Kb lim: 1596 exec/s: 11036 rss: 513Mb L: 107/1596 MS: 2 ChangeASCIIInt-EraseBytes-
#88329	REDUCE cov: 6947 ft: 26456 corp: 1878/275Kb lim: 1596 exec/s: 11041 rss: 513Mb L: 40/1596 MS: 5 InsertRepeatedBytes-ChangeASCIIInt-ChangeBit-ChangeBinInt-EraseBytes-
#88358	REDUCE cov: 6947 ft: 26456 corp: 1878/275Kb lim: 1596 exec/s: 11044 rss: 513Mb L: 73/1596 MS: 4 PersAutoDict-CrossOver-CopyPart-EraseBytes- DE: "\301\373\377\377"-
#88375	NEW    cov: 6947 ft: 26457 corp: 1879/275Kb lim: 1596 exec/s: 11046 rss: 513Mb L: 68/1596 MS: 2 ChangeASCIIInt-InsertRepeatedBytes-
#88376	NEW    cov: 6947 ft: 26463 corp: 1880/275Kb lim: 1596 exec/s: 11047 rss: 513Mb L: 50/1596 MS: 1 InsertRepeatedBytes-
#88401	REDUCE cov: 6947 ft: 26463 corp: 1880/275Kb lim: 1596 exec/s: 11050 rss: 514Mb L: 40/1596 MS: 4 ShuffleBytes-ChangeASCIIInt-ShuffleBytes-EraseBytes-
#88493	REDUCE cov: 6947 ft: 26463 corp: 1880/275Kb lim: 1596 exec/s: 11061 rss: 514Mb L: 86/1596 MS: 2 ChangeASCIIInt-EraseBytes-
#88519	NEW    cov: 6947 ft: 26506 corp: 1881/275Kb lim: 1596 exec/s: 11064 rss: 514Mb L: 238/1596 MS: 1 EraseBytes-
#88580	REDUCE cov: 6947 ft: 26506 corp: 1881/275Kb lim: 1596 exec/s: 11072 rss: 514Mb L: 102/1596 MS: 1 EraseBytes-
#88917	REDUCE cov: 6947 ft: 26506 corp: 1881/275Kb lim: 1596 exec/s: 11114 rss: 514Mb L: 118/1596 MS: 2 ManualDict-EraseBytes- DE: "{\"id\":1,\"updatedAt\":2,\"createdAt\":1}"-
#88954	REDUCE cov: 6947 ft: 26506 corp: 1881/275Kb lim: 1596 exec/s: 11119 rss: 514Mb L: 87/1596 MS: 2 ChangeBinInt-EraseBytes-
#88960	NEW    cov: 6947 ft: 26525 corp: 1882/275Kb lim: 1596 exec/s: 11120 rss: 514Mb L: 411/1596 MS: 1 CopyPart-
#88967	NEW    cov: 6949 ft: 26531 corp: 1883/275Kb lim: 1596 exec/s: 11120 rss: 514Mb L: 58/1596 MS: 2 PersAutoDict-ManualDict- DE: "}"-"1700000000.5"-
#89046	REDUCE cov: 6949 ft: 26531 corp: 1883/275Kb lim: 1596 exec/s: 11130 rss: 514Mb L: 98/1596 MS: 4 InsertByte-CMP-ManualDict-EraseBytes- DE: "\377\377\377\377\377\377\377\377"-"\\n"-
#89099	NEW    cov: 6950 ft: 26532 corp: 1884/276Kb lim: 1596 exec/s: 11137 rss: 514Mb L: 211/1596 MS: 3 ChangeByte-CMP-ManualDict- DE: "\001\000\374\177\250\331'V"-"1e309"-
#89120	REDUCE cov: 6950 ft: 26533 corp: 1885/276Kb lim: 1596 exec/s: 11140 rss: 514Mb L: 148/1596 MS: 1 EraseBytes-
#89126	REDUCE cov: 6950 ft: 26533 corp: 1885/276Kb lim: 1596 exec/s: 11140 rss: 514Mb L: 279/1596 MS: 1 EraseBytes-
#89250	REDUCE cov: 6950 ft: 26533 corp: 1885/276Kb lim: 1596 exec/s: 11156 rss: 514Mb L: 97/1596 MS: 4 ChangeBinInt-InsertRepeatedBytes-ChangeBit-EraseBytes-
#89338	NEW    cov: 6951 ft: 26537 corp: 1886/276Kb lim: 1596 exec/s: 11167 rss: 514Mb L: 69/1596 MS: 3 ManualDict-ChangeBinInt-CrossOver- DE: "\"key\":"-
#89359	REDUCE cov: 6951 ft: 26537 corp: 1886/276Kb lim: 1596 exec/s: 11169 rss: 514Mb L: 26/1596 MS: 1 EraseBytes-
#89412	NEW    cov: 6955 ft: 26541 corp: 1887/276Kb lim: 1596 exec/s: 11176 rss: 514Mb L: 108/1596 MS: 3 ChangeByte-ChangeBit-PersAutoDict- DE: "1700000000.5"-
#89508	REDUCE cov: 6955 ft: 26541 corp: 1887/276Kb lim: 1596 exec/s: 11188 rss: 515Mb L: 59/1596 MS: 1 EraseBytes-
#89542	REDUCE cov: 6955 ft: 26541 corp: 1887/276Kb lim: 1596 exec/s: 11192 rss: 515Mb L: 129/1596 MS: 4 ShuffleBytes-ChangeBit-ManualDict-EraseBytes- DE: "]"-
#89613	REDUCE cov: 6955 ft: 26541 corp: 1887/276Kb lim: 1596 exec/s: 11201 rss: 515Mb L: 210/1596 MS: 1 EraseBytes-
#89704	NEW    cov: 6955 ft: 26566 corp: 1888/276Kb lim: 1596 exec/s: 11213 rss: 515Mb L: 52/1596 MS: 1 EraseBytes-
#89770	REDUCE cov: 6955 ft: 26566 corp: 1888/276Kb lim: 1596 exec/s: 11221 rss: 515Mb L: 79/1596 MS: 1 EraseBytes-
#89816	REDUCE cov: 6955 ft: 26566 corp: 1888/276Kb lim: 1596 exec/s: 11227 rss: 515Mb L: 132/1596 MS: 1 EraseBytes-
#89838	NEW    cov: 6955 ft: 26573 corp: 1889/276Kb lim: 1596 exec/s: 11229 rss: 515Mb L: 272/1596 MS: 2 CMP-InsertRepeatedBytes- DE: "\001\000\000\000\000\000\000\000"-
#89965	REDUCE cov: 6955 ft: 26573 corp: 1889/276Kb lim: 1596 exec/s: 11245 rss: 515Mb L: 47/1596 MS: 2 CMP-EraseBytes- DE: "28"-
#90049	REDUCE cov: 6955 ft: 26573 corp: 1889/276Kb lim: 1596 exec/s: 11256 rss: 515Mb L: 411/1596 MS: 4 ChangeBinInt-ChangeASCIIInt-ChangeBit-EraseBytes-
#90100	REDUCE cov: 6955 ft: 26573 corp: 1889/276Kb lim: 1596 exec/s: 11262 rss: 515Mb L: 87/1596 MS: 1 EraseBytes-
#90121	NEW    cov: 6955 ft: 26583 corp: 1890/276Kb lim: 1596 exec/s: 11265 rss: 515Mb L: 264/1596 MS: 1 InsertByte-
#90125	REDUCE cov: 6955 ft: 26588 corp: 1891/276Kb lim: 1596 exec/s: 11265 rss: 515Mb L: 95/1596 MS: 4 ShuffleBytes-PersAutoDict-ShuffleBytes-ChangeByte- DE: ","-
#90161	NEW    cov: 6955 ft: 26589 corp: 1892/276Kb lim: 1596 exec/s: 11270 rss: 515Mb L: 44/1596 MS: 1 InsertByte-
#90407	NEW    cov: 6955 ft: 26590 corp: 1893/276Kb lim: 1596 exec/s: 11300 rss: 515Mb L: 74/1596 MS: 1 ChangeByte-
#90433	REDUCE cov: 6955 ft: 26590 corp: 1893/276Kb lim: 1596 exec/s: 11304 rss: 515Mb L: 157/1596 MS: 1 EraseBytes-
#90495	REDUCE cov: 6955 ft: 26590 corp: 1893/276Kb lim: 1596 exec/s: 11311 rss: 515Mb L: 269/1596 MS: 2 ManualDict-EraseBytes- DE: "1e309"-
#90557	REDUCE cov: 6955 ft: 26590 corp: 1893/276Kb lim: 1596 exec/s: 11319 rss: 515Mb L: 156/1596 MS: 2 InsertByte-EraseBytes-
#90623	REDUCE cov: 6955 ft: 26590 corp: 1893/276Kb lim: 1596 exec/s: 11327 rss: 515Mb L: 140/1596 MS: 1 EraseBytes-
#90624	REDUCE cov: 6955 ft: 26591 corp: 1894/276Kb lim: 1596 exec/s: 11328 rss: 515Mb L: 334/1596 MS: 1 EraseBytes-
#90626	REDUCE cov: 6955 ft: 26591 corp: 1894/276Kb lim: 1596 exec/s: 11328 rss: 515Mb L: 100/1596 MS: 2 CMP-EraseBytes- DE: "\377\011"-
#90668	REDUCE cov: 6955 ft: 26594 corp: 1895/277Kb lim: 1596 exec/s: 11333 rss: 515Mb L: 436/1596 MS: 2 ShuffleBytes-CrossOver-
#90729	NEW    cov: 6955 ft: 26595 corp: 1896/277Kb lim: 1596 exec/s: 11341 rss: 515Mb L: 118/1596 MS: 1 ManualDict- DE: "\"id\":\"1\""-
#90730	NEW    cov: 6955 ft: 26598 corp: 1897/278Kb lim: 1596 exec/s: 11341 rss: 515Mb L: 1596/1596 MS: 1 CrossOver-
#90736	NEW    cov: 6955 ft: 26599 corp: 1898/278Kb lim: 1596 exec/s: 11342 rss: 516Mb L: 20/1596 MS: 1 ShuffleBytes-
#90739	REDUCE cov: 6955 ft: 26599 corp: 1898/278Kb lim: 1596 exec/s: 11342 rss: 516Mb L: 71/1596 MS: 3 ChangeByte-ChangeBit-EraseBytes-
#90740	NEW    cov: 6959 ft: 26625 corp: 1899/278Kb lim: 1596 exec/s: 11342 rss: 516Mb L: 85/1596 MS: 1 EraseBytes-
#90876	NEW    cov: 6959 ft: 26626 corp: 1900/278Kb lim: 1596 exec/s: 11359 rss: 516Mb L: 29/1596 MS: 1 InsertRepeatedBytes-
#90948	REDUCE cov: 6959 ft: 26626 corp: 1900/278Kb lim: 1596 exec/s: 11368 rss: 516Mb L: 24/1596 MS: 2 ChangeASCIIInt-EraseBytes-
#91020	REDUCE cov: 6959 ft: 26633 corp: 1901/278Kb lim: 1596 exec/s: 11377 rss: 516Mb L: 23/1596 MS: 2 ChangeBinInt-ManualDict- DE: "1700000000.5"-
#91021	REDUCE cov: 6959 ft: 26633 corp: 1901/278Kb lim: 1596 exec/s: 11377 rss: 516Mb L: 34/1596 MS: 1 EraseBytes-
#91087	REDUCE cov: 6968 ft: 26642 corp: 1902/278Kb lim: 1596 exec/s: 11385 rss: 516Mb L: 48/1596 MS: 1 EraseBytes-
#91123	REDUCE cov: 6968 ft: 26642 corp: 1902/278Kb lim: 1596 exec/s: 11390 rss: 516Mb L: 1070/1596 MS: 1 EraseBytes-
#91214	REDUCE cov: 6968 ft: 26642 corp: 1902/278Kb lim: 1596 exec/s: 11401 rss: 516Mb L: 45/1596 MS: 1 EraseBytes-
#91301	REDUCE cov: 6968 ft: 26642 corp: 1902/278Kb lim: 1596 exec/s: 11412 rss: 516Mb L: 31/1596 MS: 2 ShuffleBytes-EraseBytes-
#91307	NEW    cov: 6968 ft: 26645 corp: 1903/278Kb lim: 1596 exec/s: 11413 rss: 516Mb L: 16/1596 MS: 1 ManualDict- DE: "\\u00e9"-
#91314	REDUCE cov: 6968 ft: 26645 corp: 1903/278Kb lim: 1596 exec/s: 11414 rss: 516Mb L: 63/1596 MS: 2 ShuffleBytes-EraseBytes-
#91365	NEW    cov: 6968 ft: 26648 corp: 1904/278Kb lim: 1596 exec/s: 11420 rss: 516Mb L: 32/1596 MS: 1 CopyPart-
#91392	REDUCE cov: 6968 ft: 26648 corp: 1904/278Kb lim: 1596 exec/s: 11424 rss: 516Mb L: 7/1596 MS: 2 ChangeBit-EraseBytes-
#91409	REDUCE cov: 6968 ft: 26648 corp: 1904/278Kb lim: 1596 exec/s: 11426 rss: 516Mb L: 253/1596 MS: 2 ChangeByte-EraseBytes-
#91439	NEW    cov: 6968 ft: 26649 corp: 1905/278Kb lim: 1596 exec/s: 11429 rss: 516Mb L: 94/1596 MS: 5 CrossOver-InsertByte-EraseBytes-CrossOver-ManualDict- DE: "1700000000.5"-
#91465	REDUCE cov: 6968 ft: 26650 corp: 1906/278Kb lim: 1596 exec/s: 11433 rss: 516Mb L: 26/1596 MS: 1 ChangeBinInt-
#91471	NEW    cov: 6968 ft: 26659 corp: 1907/278Kb lim: 1596 exec/s: 11433 rss: 516Mb L: 20/1596 MS: 1 CMP- DE: "k49"-
#91507	REDUCE cov: 6968 ft: 26659 corp: 1907/278Kb lim: 1596 exec/s: 11438 rss: 517Mb L: 61/1596 MS: 1 EraseBytes-
#91522	NEW    cov: 6968 ft: 26660 corp: 1908/279Kb lim: 1596 exec/s: 11440 rss: 517Mb L: 161/1596 MS: 5 PersAutoDict-InsertRepeatedBytes-CMP-EraseBytes-CMP- DE: "\000\000\002\264"-"k18"-"\301\335R\330\252\252\000\000"-
#91604	NEW    cov: 6968 ft: 26661 corp: 1909/279Kb lim: 1596 exec/s: 11450 rss: 517Mb L: 66/1596 MS: 2 PersAutoDict-EraseBytes- DE: "\000\004"-
#91665	REDUCE cov: 6968 ft: 26661 corp: 1909/279Kb lim: 1596 exec/s: 11458 rss: 517Mb L: 157/1596 MS: 1 EraseBytes-
#91724	REDUCE cov: 6968 ft: 26661 corp: 1909/279Kb lim: 1596 exec/s: 11465 rss: 517Mb L: 162/1596 MS: 4 PersAutoDict-PersAutoDict-ChangeBinInt-EraseBytes- DE: "\000\000\002\264"-"\377\377\373?\250\332\316\036"-
#91735	REDUCE cov: 6968 ft: 26661 corp: 1909/279Kb lim: 1596 exec/s: 11466 rss: 517Mb L: 51/1596 MS: 1 EraseBytes-
#91772	REDUCE cov: 6968 ft: 26661 corp: 1909/279Kb lim: 1596 exec/s: 11471 rss: 517Mb L: 50/1596 MS: 2 CMP-EraseBytes- DE: "nu"-
#91776	REDUCE cov: 6968 ft: 26661 corp: 1909/278Kb lim: 1596 exec/s: 11472 rss: 517Mb L: 409/1596 MS: 4 InsertByte-ChangeByte-InsertByte-EraseBytes-
#91848	NEW    cov: 6971 ft: 26664 corp: 1910/278Kb lim: 1596 exec/s: 11481 rss: 517Mb L: 182/1596 MS: 2 InsertByte-CrossOver-
#91860	REDUCE cov: 6971 ft: 26664 corp: 1910/278Kb lim: 1596 exec/s: 11482 rss: 517Mb L: 142/1596 MS: 2 InsertByte-EraseBytes-
#91912	NEW    cov: 6976 ft: 26669 corp: 1911/278Kb lim: 1596 exec/s: 11489 rss: 517Mb L: 48/1596 MS: 2 CopyPart-ChangeByte-
#91974	NEW    cov: 6976 ft: 26712 corp: 1912/280Kb lim: 1596 exec/s: 11496 rss: 517Mb L: 1596/1596 MS: 2 ChangeBinInt-CopyPart-
#91975	NEW    cov: 6976 ft: 26713 corp: 1913/280Kb lim: 1596 exec/s: 11496 rss: 517Mb L: 34/1596 MS: 1 CMP- DE: "\001\000\000\000\000\000\000\000"-
#91979	NEW    cov: 6976 ft: 26719 corp: 1914/280Kb lim: 1596 exec/s: 11497 rss: 517Mb L: 244/1596 MS: 4 ChangeASCIIInt-InsertRepeatedBytes-CMP-PersAutoDict- DE: "[1"-"\000\000\000\006"-
#92011	NEW    cov: 6976 ft: 26728 corp: 1915/280Kb lim: 1596 exec/s: 11501 rss: 517Mb L: 38/1596 MS: 2 ManualDict-ChangeASCIIInt- DE: "\303\251"-
#92097	REDUCE cov: 6976 ft: 26728 corp: 1915/280Kb lim: 1596 exec/s: 11512 rss: 517Mb L: 143/1596 MS: 1 EraseBytes-
#92191	NEW    cov: 6976 ft: 26733 corp: 1916/280Kb lim: 1596 exec/s: 11523 rss: 517Mb L: 245/1596 MS: 4 InsertByte-CopyPart-CMP-CrossOver- DE: "24"-
#92197	NEW    cov: 6977 ft: 26744 corp: 1917/281Kb lim: 1596 exec/s: 11524 rss: 517Mb L: 108/1596 MS: 1 ManualDict- DE: "\"updatedAt\":"-
#92219	NEW    cov: 6977 ft: 26745 corp: 1918/281Kb lim: 1596 exec/s: 11527 rss: 517Mb L: 898/1596 MS: 2 ManualDict-CrossOver- DE: "-1"-
#92229	REDUCE cov: 6991 ft: 26759 corp: 1919/282Kb lim: 1596 exec/s: 11528 rss: 518Mb L: 58/1596 MS: 5 PersAutoDict-ChangeBit-ChangeBit-ChangeASCIIInt-PersAutoDict- DE: "y\"id"-"\\ud83d\\ude00"-
#92256	NEW    cov: 6994 ft: 26762 corp: 1920/282Kb lim: 1596 exec/s: 11532 rss: 518Mb L: 114/1596 MS: 2 ChangeBit-CrossOver-
#92387	NEW    cov: 6994 ft: 26766 corp: 1921/283Kb lim: 1596 exec/s: 11548 rss: 518Mb L: 1465/1596 MS: 1 EraseBytes-
#92445	NEW    cov: 6994 ft: 26787 corp: 1922/283Kb lim: 1596 exec/s: 11555 rss: 518Mb L: 120/1596 MS: 3 CopyPart-ManualDict-CopyPart- DE: "\\\\"-
#92456	REDUCE cov: 6994 ft: 26787 corp: 1922/283Kb lim: 1596 exec/s: 11557 rss: 518Mb L: 43/1596 MS: 1 EraseBytes-
#92552	REDUCE cov: 6994 ft: 26787 corp: 1922/283Kb lim: 1596 exec/s: 11569 rss: 518Mb L: 17/1596 MS: 1 EraseBytes-
#92555	REDUCE cov: 6994 ft: 26787 corp: 1922/283Kb lim: 1596 exec/s: 11569 rss: 518Mb L: 16/1596 MS: 3 ManualDict-ChangeASCIIInt-EraseBytes- DE: "{}"-
#92660	REDUCE cov: 6994 ft: 26787 corp: 1922/283Kb lim: 1596 exec/s: 11582 rss: 518Mb L: 177/1596 MS: 5 CMP-PersAutoDict-InsertByte-ChangeASCIIInt-EraseBytes- DE: "\026\000"-"\376\377\377\377"-
#92856	NEW    cov: 7001 ft: 26794 corp: 1923/283Kb lim: 1596 exec/s: 11607 rss: 518Mb L: 78/1596 MS: 1 ManualDict- DE: "1700000000.5"-
#92931	REDUCE cov: 7001 ft: 26794 corp: 1923/283Kb lim: 1596 exec/s: 11616 rss: 518Mb L: 221/1596 MS: 5 ChangeBit-CMP-ChangeASCIIInt-ChangeASCIIInt-EraseBytes- DE: "30"-
#92944	NEW    cov: 7001 ft: 26799 corp: 1924/283Kb lim: 1596 exec/s: 11618 rss: 518Mb L: 90/1596 MS: 3 ChangeByte-ShuffleBytes-CMP- DE: "\000\000\374\177\250\316\306\256"-
#92981	NEW    cov: 7001 ft: 26804 corp: 1925/283Kb lim: 1596 exec/s: 11622 rss: 518Mb L: 37/1596 MS: 2 InsertByte-ChangeByte-
#93017	NEW    cov: 7001 ft: 26820 corp: 1926/284Kb lim: 1596 exec/s: 11627 rss: 518Mb L: 1198/1596 MS: 1 InsertRepeatedBytes-
#93023	NEW    cov: 7001 ft: 26821 corp: 1927/285Kb lim: 1596 exec/s: 11627 rss: 518Mb L: 44/1596 MS: 1 InsertByte-
#93080	NEW    cov: 7001 ft: 26841 corp: 1928/286Kb lim: 1596 exec/s: 11635 rss: 518Mb L: 1104/1596 MS: 2 ChangeByte-EraseBytes-
#93132	NEW    cov: 7001 ft: 26842 corp: 1929/286Kb lim: 1596 exec/s: 11641 rss: 518Mb L: 12/1596 MS: 2 ChangeByte-EraseBytes-
#93140	REDUCE cov: 7001 ft: 26842 corp: 1929/286Kb lim: 1596 exec/s: 11642 rss: 518Mb L: 18/1596 MS: 3 CopyPart-ChangeBinInt-EraseBytes-
#93401	REDUCE cov: 7001 ft: 26842 corp: 1929/286Kb lim: 1596 exec/s: 11675 rss: 519Mb L: 115/1596 MS: 1 EraseBytes-
#93422	REDUCE cov: 7001 ft: 26843 corp: 1930/287Kb lim: 1596 exec/s: 11677 rss: 519Mb L: 1311/1596 MS: 1 InsertRepeatedBytes-
#93513	REDUCE cov: 7001 ft: 26843 corp: 1930/287Kb lim: 1596 exec/s: 11689 rss: 519Mb L: 136/1596 MS: 1 EraseBytes-
#93519	REDUCE cov: 7001 ft: 26843 corp: 1930/287Kb lim: 1596 exec/s: 11689 rss: 519Mb L: 1152/1596 MS: 1 EraseBytes-
#93575	REDUCE cov: 7001 ft: 26843 corp: 1930/287Kb lim: 1596 exec/s: 11696 rss: 519Mb L: 100/1596 MS: 1 EraseBytes-
#93621	NEW    cov: 7001 ft: 26848 corp: 1931/287Kb lim: 1596 exec/s: 11702 rss: 519Mb L: 33/1596 MS: 1 PersAutoDict- DE: "\231\300\200\000"-
#93659	REDUCE cov: 7001 ft: 26848 corp: 1931/287Kb lim: 1596 exec/s: 11707 rss: 519Mb L: 100/1596 MS: 3 PersAutoDict-ShuffleBytes-EraseBytes- DE: "\001\006"-
#93774	REDUCE cov: 7001 ft: 26849 corp: 1932/287Kb lim: 1596 exec/s: 11721 rss: 519Mb L: 167/1596 MS: 5 CopyPart-InsertByte-ShuffleBytes-ManualDict-CrossOver- DE: "1700000000.5"-
#93780	REDUCE cov: 7001 ft: 26849 corp: 1932/287Kb lim: 1596 exec/s: 11722 rss: 519Mb L: 13/1596 MS: 1 EraseBytes-
#93866	REDUCE cov: 7001 ft: 26849 corp: 1932/287Kb lim: 1596 exec/s: 11733 rss: 519Mb L: 19/1596 MS: 1 EraseBytes-
#93873	REDUCE cov: 7001 ft: 26849 corp: 1932/287Kb lim: 1596 exec/s: 11734 rss: 519Mb L: 202/1596 MS: 2 CMP-EraseBytes- DE: "\377\377\251\252\330R\336\032"-
#93906	NEW    cov: 7001 ft: 26851 corp: 1933/287Kb lim: 1596 exec/s: 11738 rss: 519Mb L: 82/1596 MS: 3 ChangeASCIIInt-PersAutoDict-ChangeASCIIInt- DE: "\011\000\000\000"-
#93932	NEW    cov: 7003 ft: 26856 corp: 1934/287Kb lim: 1596 exec/s: 11741 rss: 519Mb L: 26/1596 MS: 1 CopyPart-
#93958	NEW    cov: 7003 ft: 26857 corp: 1935/287Kb lim: 1596 exec/s: 11744 rss: 519Mb L: 30/1596 MS: 1 PersAutoDict- DE: "\003\236\221\217"-
#93967	REDUCE cov: 7003 ft: 26857 corp: 1935/287Kb lim: 1596 exec/s: 11745 rss: 519Mb L: 134/1596 MS: 4 ChangeBinInt-CopyPart-ManualDict-EraseBytes- DE: "]"-
#94038	REDUCE cov: 7003 ft: 26857 corp: 1935/287Kb lim: 1596 exec/s: 11754 rss: 519Mb L: 32/1596 MS: 1 EraseBytes-
#94044	REDUCE cov: 7003 ft: 26857 corp: 1935/287Kb lim: 1596 exec/s: 11755 rss: 519Mb L: 48/1596 MS: 1 EraseBytes-
#94075	REDUCE cov: 7003 ft: 26858 corp: 1936/287Kb lim: 1596 exec/s: 11759 rss: 519Mb L: 217/1596 MS: 1 ChangeBit-
#94173	REDUCE cov: 7003 ft: 26858 corp: 1936/287Kb lim: 1596 exec/s: 11771 rss: 519Mb L: 18/1596 MS: 3 CMP-InsertByte-EraseBytes- DE: "28"-
#94219	NEW    cov: 7003 ft: 26866 corp: 1937/287Kb lim: 1596 exec/s: 11777 rss: 519Mb L: 226/1596 MS: 1 ManualDict- DE: "\"items\":[{\"id\":1}]"-
#94251	REDUCE cov: 7003 ft: 26866 corp: 1937/287Kb lim: 1596 exec/s: 11781 rss: 519Mb L: 21/1596 MS: 2 ChangeByte-EraseBytes-
#94378	REDUCE cov: 7003 ft: 26866 corp: 1937/287Kb lim: 1596 exec/s: 11797 rss: 519Mb L: 148/1596 MS: 2 InsertRepeatedBytes-EraseBytes-
#94409	REDUCE cov: 7003 ft: 26866 corp: 1937/287Kb lim: 1596 exec/s: 11801 rss: 519Mb L: 66/1596 MS: 1 EraseBytes-
#94516	REDUCE cov: 7006 ft: 26869 corp: 1938/288Kb lim: 1596 exec/s: 11814 rss: 519Mb L: 69/1596 MS: 2 ChangeASCIIInt-ManualDict- DE: "1700000000.5"-
#94517	NEW    cov: 7013 ft: 26876 corp: 1939/288Kb lim: 1596 exec/s: 11814 rss: 520Mb L: 36/1596 MS: 1 CopyPart-
#94554	NEW    cov: 7013 ft: 26877 corp: 1940/288Kb lim: 1596 exec/s: 11819 rss: 520Mb L: 217/1596 MS: 2 InsertByte-CMP- DE: "\011\000\000\000\000\000\000\000"-
#94576	REDUCE cov: 7013 ft: 26877 corp: 1940/288Kb lim: 1596 exec/s: 11822 rss: 520Mb L: 27/1596 MS: 2 CMP-EraseBytes- DE: "\000\000\252\252\330R\335\300"-
#94646	NEW    cov: 7013 ft: 26882 corp: 1941/288Kb lim: 1596 exec/s: 11830 rss: 520Mb L: 37/1596 MS: 5 ChangeByte-CrossOver-ChangeBinInt-CopyPart-CopyPart-
#94756	NEW    cov: 7013 ft: 26883 corp: 1942/289Kb lim: 1596 exec/s: 11844 rss: 520Mb L: 1239/1596 MS: 5 ShuffleBytes-ChangeASCIIInt-EraseBytes-InsertRepeatedBytes-ChangeByte-
#94808	NEW    cov: 7013 ft: 26968 corp: 1943/291Kb lim: 1596 exec/s: 11851 rss: 520Mb L: 1596/1596 MS: 2 ChangeBinInt-CopyPart-
#94870	NEW    cov: 7013 ft: 26970 corp: 1944/291Kb lim: 1596 exec/s: 11858 rss: 520Mb L: 79/1596 MS: 2 ChangeBinInt-EraseBytes-
#94895	REDUCE cov: 7013 ft: 26970 corp: 1944/291Kb lim: 1596 exec/s: 11861 rss: 520Mb L: 70/1596 MS: 5 ChangeByte-ChangeBit-ChangeASCIIInt-ManualDict-EraseBytes- DE: "\\u00e9"-
#94962	REDUCE cov: 7013 ft: 26970 corp: 1944/291Kb lim: 1596 exec/s: 11870 rss: 520Mb L: 95/1596 MS: 2 ChangeBit-EraseBytes-
#94995	REDUCE cov: 7013 ft: 26978 corp: 1945/291Kb lim: 1596 exec/s: 11874 rss: 520Mb L: 105/1596 MS: 3 InsertByte-CrossOver-CrossOver-
#95015	REDUCE cov: 7013 ft: 26978 corp: 1945/291Kb lim: 1596 exec/s: 11876 rss: 520Mb L: 65/1596 MS: 5 ShuffleBytes-ChangeByte-ChangeBit-ShuffleBytes-EraseBytes-
#95056	REDUCE cov: 7013 ft: 26978 corp: 1945/291Kb lim: 1596 exec/s: 11882 rss: 520Mb L: 99/1596 MS: 1 EraseBytes-
#95124	REDUCE cov: 7013 ft: 26978 corp: 1945/291Kb lim: 1596 exec/s: 11890 rss: 520Mb L: 60/1596 MS: 3 ChangeBinInt-ManualDict-EraseBytes- DE: "\"rev\":"-
#95236	REDUCE cov: 7013 ft: 26978 corp: 1945/291Kb lim: 1596 exec/s: 11904 rss: 520Mb L: 44/1596 MS: 2 CMP-EraseBytes- DE: "k56"-
#95345	REDUCE cov: 7013 ft: 26978 corp: 1945/291Kb lim: 1596 exec/s: 11918 rss: 520Mb L: 86/1596 MS: 4 ChangeASCIIInt-ChangeByte-ChangeASCIIInt-EraseBytes-
#95406	REDUCE cov: 7013 ft: 26978 corp: 1945/290Kb lim: 1596 exec/s: 11925 rss: 520Mb L: 947/1596 MS: 1 EraseBytes-
#95412	NEW    cov: 7014 ft: 26979 corp: 1946/290Kb lim: 1596 exec/s: 11926 rss: 520Mb L: 28/1596 MS: 1 ChangeBinInt-
#95578	REDUCE cov: 7014 ft: 26979 corp: 1946/290Kb lim: 1596 exec/s: 11947 rss: 520Mb L: 51/1596 MS: 1 EraseBytes-
#95579	REDUCE cov: 7014 ft: 26979 corp: 1946/290Kb lim: 1596 exec/s: 11947 rss: 520Mb L: 195/1596 MS: 1 EraseBytes-
#95643	REDUCE cov: 7014 ft: 26979 corp: 1946/290Kb lim: 1596 exec/s: 11955 rss: 520Mb L: 146/1596 MS: 4 PersAutoDict-ManualDict-ShuffleBytes-EraseBytes- DE: "\000\377\000\000"-"007"-
#95719	REDUCE cov: 7014 ft: 26979 corp: 1946/290Kb lim: 1596 exec/s: 11964 rss: 520Mb L: 485/1596 MS: 1 EraseBytes-
#95786	REDUCE cov: 7014 ft: 26979 corp: 1946/290Kb lim: 1596 exec/s: 11973 rss: 520Mb L: 157/1596 MS: 2 ChangeBit-EraseBytes-
#95834	REDUCE cov: 7014 ft: 26979 corp: 1946/290Kb lim: 1596 exec/s: 11979 rss: 521Mb L: 17/1596 MS: 3 ChangeBit-ShuffleBytes-EraseBytes-
#96012	NEW    cov: 7014 ft: 26980 corp: 1947/290Kb lim: 1596 exec/s: 12001 rss: 521Mb L: 49/1596 MS: 3 ChangeBinInt-ChangeByte-ChangeBit-
#96021	REDUCE cov: 7014 ft: 26980 corp: 1947/290Kb lim: 1596 exec/s: 12002 rss: 521Mb L: 190/1596 MS: 4 CMP-InsertByte-ShuffleBytes-EraseBytes- DE: "\000\000\000\000\000\000\000\000"-
#96077	REDUCE cov: 7014 ft: 26980 corp: 1947/290Kb lim: 1596 exec/s: 12009 rss: 521Mb L: 29/1596 MS: 1 EraseBytes-
#96215	REDUCE cov: 7014 ft: 26980 corp: 1947/290Kb lim: 1596 exec/s: 12026 rss: 521Mb L: 34/1596 MS: 3 ChangeByte-CMP-EraseBytes- DE: "\012\000\000\000"-
#96226	REDUCE cov: 7014 ft: 26980 corp: 1947/290Kb lim: 1596 exec/s: 12028 rss: 521Mb L: 33/1596 MS: 1 EraseBytes-
#96252	NEW    cov: 7014 ft: 26982 corp: 1948/290Kb lim: 1596 exec/s: 12031 rss: 521Mb L: 66/1596 MS: 1 CMP- DE: "[1"-
#96298	NEW    cov: 7014 ft: 26983 corp: 1949/290Kb lim: 1596 exec/s: 12037 rss: 521Mb L: 120/1596 MS: 1 CrossOver-
#96329	NEW    cov: 7014 ft: 26986 corp: 1950/290Kb lim: 1596 exec/s: 12041 rss: 521Mb L: 15/1596 MS: 1 EraseBytes-
#96395	REDUCE cov: 7014 ft: 26986 corp: 1950/290Kb lim: 1596 exec/s: 12049 rss: 521Mb L: 27/1596 MS: 1 EraseBytes-
#96409	NEW    cov: 7015 ft: 26987 corp: 1951/291Kb lim: 1596 exec/s: 12051 rss: 521Mb L: 106/1596 MS: 4 CopyPart-ChangeBinInt-InsertByte-CrossOver-
#96419	REDUCE cov: 7015 ft: 26988 corp: 1952/291Kb lim: 1596 exec/s: 12052 rss: 521Mb L: 110/1596 MS: 5 ManualDict-CopyPart-CopyPart-ChangeASCIIInt-CrossOver- DE: "\"uuid\":"-
#96481	REDUCE cov: 7015 ft: 26988 corp: 1952/291Kb lim: 1596 exec/s: 12060 rss: 521Mb L: 42/1596 MS: 2 ShuffleBytes-EraseBytes-
#96490	NEW    cov: 7015 ft: 26991 corp: 1953/291Kb lim: 1596 exec/s: 12061 rss: 521Mb L: 104/1596 MS: 4 PersAutoDict-ChangeByte-InsertByte-EraseBytes- DE: "\\ud83d"-
#96497	REDUCE cov: 7015 ft: 26991 corp: 1953/291Kb lim: 1596 exec/s: 12062 rss: 521Mb L: 216/1596 MS: 2 ChangeByte-EraseBytes-
#96603	REDUCE cov: 7015 ft: 26991 corp: 1953/291Kb lim: 1596 exec/s: 12075 rss: 521Mb L: 289/1596 MS: 1 EraseBytes-
#96617	NEW    cov: 7015 ft: 26994 corp: 1954/291Kb lim: 1596 exec/s: 12077 rss: 521Mb L: 26/1596 MS: 4 PersAutoDict-ManualDict-ShuffleBytes-EraseBytes- DE: "19"-":"-
#96768	REDUCE cov: 7015 ft: 26994 corp: 1954/291Kb lim: 1596 exec/s: 12096 rss: 521Mb L: 162/1596 MS: 1 EraseBytes-
#96774	REDUCE cov: 7015 ft: 26994 corp: 1954/291Kb lim: 1596 exec/s: 12096 rss: 521Mb L: 688/1596 MS: 1 EraseBytes-
#96801	REDUCE cov: 7015 ft: 27015 corp: 1955/291Kb lim: 1596 exec/s: 12100 rss: 521Mb L: 27/1596 MS: 2 ChangeASCIIInt-EraseBytes-
#96802	NEW    cov: 7015 ft: 27020 corp: 1956/291Kb lim: 1596 exec/s: 12100 rss: 521Mb L: 34/1596 MS: 1 InsertByte-
#96988	NEW    cov: 7023 ft: 27043 corp: 1957/291Kb lim: 1596 exec/s: 12123 rss: 522Mb L: 186/1596 MS: 1 ManualDict- DE: "\\\\"-
#97037	REDUCE cov: 7023 ft: 27043 corp: 1957/291Kb lim: 1596 exec/s: 12129 rss: 522Mb L: 73/1596 MS: 4 ChangeBit-ChangeASCIIInt-PersAutoDict-EraseBytes- DE: "\\u0000"-
#97077	REDUCE cov: 7023 ft: 27043 corp: 1957/291Kb lim: 1596 exec/s: 12134 rss: 522Mb L: 166/1596 MS: 5 ChangeASCIIInt-ChangeByte-CrossOver-ChangeASCIIInt-EraseBytes-
#97135	NEW    cov: 7027 ft: 27047 corp: 1958/291Kb lim: 1596 exec/s: 12141 rss: 522Mb L: 144/1596 MS: 3 ChangeBit-ChangeBinInt-EraseBytes-
#97147	REDUCE cov: 7027 ft: 27048 corp: 1959/291Kb lim: 1596 exec/s: 12143 rss: 522Mb L: 135/1596 MS: 2 ManualDict-CrossOver- DE: "\\ud83d\\ude00"-
#97198	NEW    cov: 7027 ft: 27069 corp: 1960/291Kb lim: 1596 exec/s: 12149 rss: 522Mb L: 191/1596 MS: 1 EraseBytes-
#97298	NEW    cov: 7027 ft: 27070 corp: 1961/291Kb lim: 1596 exec/s: 12162 rss: 522Mb L: 69/1596 MS: 5 PersAutoDict-PersAutoDict-CrossOver-InsertByte-ManualDict- DE: "\000\000\374\177\250\316\306\256"-"\"owt"-"-1"-
#97334	REDUCE cov: 7027 ft: 27070 corp: 1961/291Kb lim: 1596 exec/s: 12166 rss: 522Mb L: 16/1596 MS: 1 EraseBytes-
#97436	REDUCE cov: 7028 ft: 27071 corp: 1962/291Kb lim: 1596 exec/s: 12179 rss: 522Mb L: 97/1596 MS: 2 CopyPart-ChangeBinInt-
#97452	NEW    cov: 7028 ft: 27075 corp: 1963/291Kb lim: 1596 exec/s: 12181 rss: 522Mb L: 60/1596 MS: 1 CMP- DE: "\377\377"-
#97573	REDUCE cov: 7028 ft: 27075 corp: 1963/291Kb lim: 1596 exec/s: 12196 rss: 522Mb L: 111/1596 MS: 1 EraseBytes-
#97639	REDUCE cov: 7028 ft: 27075 corp: 1963/291Kb lim: 1596 exec/s: 12204 rss: 522Mb L: 14/1596 MS: 1 EraseBytes-
#97697	REDUCE cov: 7028 ft: 27075 corp: 1963/291Kb lim: 1596 exec/s: 12212 rss: 522Mb L: 109/1596 MS: 3 InsertByte-ChangeByte-EraseBytes-
#97761	REDUCE cov: 7028 ft: 27075 corp: 1963/291Kb lim: 1596 exec/s: 12220 rss: 522Mb L: 832/1596 MS: 4 ManualDict-ShuffleBytes-ChangeASCIIInt-CrossOver- DE: "\"syncedAt\":"-
#97857	REDUCE cov: 7030 ft: 27086 corp: 1964/291Kb lim: 1596 exec/s: 12232 rss: 522Mb L: 32/1596 MS: 1 ChangeBit-
#97906	REDUCE cov: 7030 ft: 27086 corp: 1964/291Kb lim: 1596 exec/s: 12238 rss: 522Mb L: 154/1596 MS: 4 PersAutoDict-ShuffleBytes-EraseBytes-EraseBytes- DE: "true"-
#97911	NEW    cov: 7030 ft: 27090 corp: 1965/292Kb lim: 1596 exec/s: 12238 rss: 522Mb L: 685/1596 MS: 5 ChangeASCIIInt-ChangeBit-ChangeByte-CrossOver-EraseBytes-
#97934	REDUCE cov: 7030 ft: 27090 corp: 1965/292Kb lim: 1596 exec/s: 12241 rss: 523Mb L: 21/1596 MS: 3 ChangeASCIIInt-ChangeByte-EraseBytes-
#97966	REDUCE cov: 7030 ft: 27090 corp: 1965/292Kb lim: 1596 exec/s: 12245 rss: 523Mb L: 71/1596 MS: 2 InsertByte-EraseBytes-
#98012	REDUCE cov: 7030 ft: 27090 corp: 1965/292Kb lim: 1596 exec/s: 12251 rss: 523Mb L: 103/1596 MS: 1 EraseBytes-
#98054	REDUCE cov: 7030 ft: 27090 corp: 1965/292Kb lim: 1596 exec/s: 12256 rss: 523Mb L: 263/1596 MS: 2 InsertRepeatedBytes-EraseBytes-
#98166	REDUCE cov: 7030 ft: 27091 corp: 1966/292Kb lim: 1596 exec/s: 12270 rss: 523Mb L: 77/1596 MS: 2 ChangeBinInt-CMP- DE: "\000\277\273\357"-
#98168	REDUCE cov: 7030 ft: 27091 corp: 1966/292Kb lim: 1596 exec/s: 12271 rss: 523Mb L: 62/1596 MS: 2 ChangeBinInt-EraseBytes-
#98294	REDUCE cov: 7030 ft: 27093 corp: 1967/292Kb lim: 1596 exec/s: 12286 rss: 523Mb L: 49/1596 MS: 1 PersAutoDict- DE: "471"-
#98324	REDUCE cov: 7053 ft: 27154 corp: 1968/292Kb lim: 1596 exec/s: 12290 rss: 523Mb L: 94/1596 MS: 5 ShuffleBytes-CopyPart-ChangeASCIIInt-InsertRepeatedBytes-ChangeASCIIInt-
